商品編號,商品名稱,大分類名稱,中分類名稱,小分類名稱,規格,售價,特價,庫存量,品牌,描述,Youtube 影片介紹,購物網址,備註,商品圖片網址1
4715318010257,有機白米/2kg,常溫食品,五穀/豆類/米麵/乾貨,米類,無,280,0.0,36,台東鹿野,最優良的水稻品種、應用自然農法、施予有機資材與綠色肥料、拒絕化肥與農藥、結合獨特精製技術、成就新鮮光滑香 Q 柔軟營養高黏度的好米. ※驗證機構名稱:國立成功大學 ※合格證書編號:NCKU-GPCD-PM-027-12 驗證字號:1-006-300704 【煮法】 1.洗米 快速沖洗、不必搓柔、頭一次的水要快倒. 2.加水 米:水約為 1:1.2 或 1:1.3、依軟硬喜好調整水量. 3.浸泡 30~60 分鐘、天冷可延長至 120 分鐘. 4.烹煮 就交給電鍋吧. 5.悶煮 煮飯開關跳起後、再悶 10~15 分鐘. 6.享用 打開鍋蓋、充分攪拌.嗯∼果然超好吃! ◎產品名稱:台東鹿野有機白米 ◎內容物重量:2 公斤&plusmn;1.5% ◎品質規格:CNS 二等白米 ◎品種:?米(台灣•台東) ◎保存期限:真空中六個月 協成製材碾米工廠 地址:台東縣鹿野鄉永安村 10 鄰中華路三段 281 巷 9 號 糧商營業執照:農糧東字第 1400040 號 工廠登記證字號:99-666341-00#XX,無,https://s1.myqr.com.tw/newshop/177/TypeGoods?type2=5425&type1=5426&type0=5427&pageIndex=0&goodId=28788,台東鹿野,https://pshop.myqr.com.tw/qrssimage/GoodsImage/67/67667.jpg?76
4715318010103,有機香米/2kg,常溫食品,五穀/豆類/米麵/乾貨,米類,無,300,0.0,15,台東鹿野,榮獲 ISO22000 國際品質 HACCP 食品安全系統管理驗證 【煮法】 1.洗米 快速沖洗、不必搓揉、頭一次的水要快倒. 2.加水 米:水約為 1:1.0~1:1.2、依軟硬喜好調整水量. 3.浸泡 30 分鐘. 4.烹煮 就交給電鍋吧. 5.悶煮 煮飯開關跳起後、再悶 20 分鐘. 6.享用 打開鍋蓋、充分攪拌、再燜 5~10 分鐘、即可食用. ★產品內容 成份:有機白米(香米) 品種:?稻 重量:2kg 品質規格:CNS 一等白米 保存期限:6 個月 有效日期:標示於包裝上 產地:台灣 驗證單位:國立中興大學 驗證字號:1-006-300704 ★營養標示 (每份 80 公克中含) 熱量 275.4 大卡 蛋白質 6.6 公克 脂肪 0.5 公克 飽和脂肪酸 0.6 公克 反式脂肪酸 0.0 公克 碳水化合物 61.2 公克 糖 0.0 公克 鈉 3 毫克,無,https://s1.myqr.com.tw/newshop/177/TypeGoods?type2=5425&type1=5426&type0=5427&pageIndex=0&goodId=28787,台東鹿野 有機驗證,https://pshop.myqr.com.tw/qrssimage/GoodsImage/67/67665.jpg?76
4715318010288,有機糙米2kg,常溫食品,五穀/豆類/米麵/乾貨,米類,無,270,0.0,35,台東鹿野,榮獲 ISO22000 國際品質 HACCP 食品安全系統管理驗證 【煮法】 1.洗米 快速沖洗、不必搓揉、頭一次的水要快倒. 2.加水 米:水約為 1:1.0~1:1.2、依軟硬喜好調整水量. 3.浸泡 30 分鐘. 4.烹煮 就交給電鍋吧. 5.悶煮 煮飯開關跳起後、再悶 20 分鐘. 6.享用 打開鍋蓋、充分攪拌、再燜 5~10 分鐘、即可食用. ★產品內容 成份:台東鹿野有機糙米 重量:2kg 品質規格:CNS 二等糙米 保存期限:6 個月 有效日期:標示於包裝上 產地:台灣 驗證單位:國立中興大學 驗證字號:1-006-300704 ★營養標示 (每份 80 公克中含) 熱量 291 大卡 蛋白質 6.4 公克 脂肪 2.4 公克 飽和脂肪酸 0.2 公克 反式脂肪酸 0.0 公克 膽固醇 0.0 毫克 碳水化合物 60.8 公克 糖 0.0 公克 膳食纖維 2.4 公克 鈉 2 毫克,無,https://s1.myqr.com.tw/newshop/177/TypeGoods?type2=5425&type1=5426&type0=5427&pageIndex=0&goodId=28790,台東鹿野 有機驗證  Hacp  Wacp,https://pshop.myqr.com.tw/qrssimage/GoodsImage/67/67673.jpg?95
4714379951028,米森有機五色十穀米/900g,常溫食品,五穀/豆類/米麵/乾貨,米類,無,250,0.0,23,米森,米森有機五色十穀米 ◎堅持真有機食材 - 真材實料吃得到 【米森有機五色十穀米】嚴選『台灣有機糙米』搭配『漢方養生五色配方』等十種有機穀麥雜糧、具有多層次的豐富口感、且能一次滿足各種有機穀物雜糧的完整成份、是全家人飲食的最佳首選! ◎漢方養生 - 五色均衡配方 漢方養生的概念、特別注重五色食物對應人體的均衡飲食、而五色則是來自於食物外表的綠、白、紅、黃、黑五種顏色、因此【米森 - 有機五色十穀米】特別精選具有五色的多穀米糧、並注重各種穀物的成份均衡及口感. 驗證單位:慈心有機驗證股份有限公司 有機農產品驗證證書字號:1-009-210002 規格:900 公克 保存期限:12 個月(未開封前) 保存方式:避免日光直射、置於陰涼乾燥處、開封後請冷藏並請儘快食用完畢 【青荷御膳房】 1.洗米浸泡:直接取有機五色十穀米後、加水輕搓洗米 2~3 分鐘後、在加水浸泡(夏天 2~3 小時、冬天 3~4 小時). 2.加水烹煮:將泡好的米倒掉水後、重新加入清水至鍋中烹煮、有機五色十穀米與水的比例為 1:1.2~1.3. 3.燜鍋:電鍋煮熟後再燜約 10~15 分鐘、並避免掀起鍋蓋. 4.攪拌:開蓋後充分攪拌後、再蓋鍋 5~10 分鐘、即可食用並增加米飯口感. 產品內容物與規格說明 / 保固資訊 1.品名:【米森 Vilson】有機五色十穀米 2.淨重、容量:900g 3.食品添加物名稱:無 4.原產地(國):台灣、美國、澳洲、加拿大、中國(台灣有機工廠分裝) 5.保存期限:12 個月 6.廠商名稱:青荷國際有限公司 電話:03-359-4557 地址:桃園市龜山區振興路 1165 之 1 號,無,https://s1.myqr.com.tw/newshop/177/TypeGoods?type2=5425&type1=5426&type0=5427&pageIndex=0&goodId=28564,青荷 慈心驗證 慈心認證 慈心有機驗證,https://pshop.myqr.com.tw/qrssimage/GoodsImage/66/66395.jpeg?32
4714379951776,米森有機藜麥八寶米/900g,常溫食品,五穀/豆類/米麵/乾貨,米類,無,250,0.0,6,米森,米森有機藜麥八寶米 無糯米配方、輕鬆無負擔 堅持有機食材、真材實料吃得到 米森有機藜麥八寶米嚴選「台灣有機糙米」搭配「安地斯山 - 有機紅藜麥」等多種有機穀麥、並調配出「無糯米配方」、讓全家人吃飯輕鬆無負擔、且能一次滿足多種有機穀物雜糧的完整豐富精華、為全家人米飯飲食的最佳主食首選. 印加穀物之母、有機紅藜麥 紅藜麥(RedQuinoa)、又名印地安麥、主產於南美 - 安地斯山區、是古印加文明最重要的食物之一.米森為了尋找最佳的全穀食物組合、特地遠從玻利維亞的有機農園、找尋品質穩定、且安全有機栽培的有機藜麥、其口感細緻及特殊風味更能表現其「穀物之母」的美名. 【商品規格】 品名:米森有機藜麥八寶米 原料:有機糙米(台灣 /47%)、有機蕎麥仁(美國 /10%)、有機黑麥仁(芬蘭 /10%)、有機小米(美國 /10%)、有機珍珠大麥(芬蘭 /10%)、有機紅扁豆(土耳其 /5%)、有機燕麥仁(澳洲 /4%)、有機紅藜麥(玻利維亞 /4%) 原產地:台灣、美國、芬蘭、土耳其、澳洲、玻利維亞 淨重:900 公克 保存期限:12 個月(未開封前) 有效日期:標示於外包裝上(西元年 / 月 / 日) 保存方式:避免日光直射、置於陰涼乾燥處、開封後請冷藏並請儘快食用完畢 驗證單位:慈心有機驗證股份有限公司 有機農產品驗證證書字號:1-009-210002 委託工廠:簡單生活開發有限公司(通過國際 ISO22000 及 HACCP 食品安全認證) 【青荷御膳房】 1.洗米浸泡:直接取出有機藜麥八寶米後、加水輕搓洗米 2~3 分鐘後、再加水浸泡(夏天 2~3 小時、冬天 3~4 小時). 2.加水烹煮:將泡好的米倒掉水後、重新加入清水至鍋中烹煮、有機藜麥八寶米與水的比例為 1:1.2~1.3. 3.燜鍋:電鍋煮熟後再燜約 10~15 分鐘、並避免掀起鍋蓋. 4.攪拌:開蓋後充分攪拌後、再蓋鍋 5~10 分鐘、即可食用並增加米飯口感. 產品內容物與規格說明 / 保固資訊 品名:【米森】有機藜麥八寶米 原料:有機糙米(台灣 /47%)、有機蕎麥仁(美國 /10%)、有機黑麥仁(芬蘭 /10%)、有機小米(美國 /10%)、有機珍珠大麥(芬蘭 /10%)、有機紅扁豆(土耳其 /5%)、有機燕麥仁(澳洲 /4%)、有機紅藜麥(玻利維亞 /4%) 原產地:台灣、美國、芬蘭、土耳其、澳洲、玻利維亞 淨重:900 公克 食品添加物名稱:無 保存期限:12 個月(未開封前) 保存方式:避免日光直射、置於陰涼乾燥處、開封,無,https://s1.myqr.com.tw/newshop/177/TypeGoods?type2=5425&type1=5426&type0=5427&pageIndex=0&goodId=28563,青荷 慈心驗證 慈心認證 慈心有機驗證,https://pshop.myqr.com.tw/qrssimage/GoodsImage/66/66385.jpg?32
4712834520154,歐特有機小米/480g,常溫食品,五穀/豆類/米麵/乾貨,米類,無,115,0.0,23,歐特,全程遵循有機農法栽種的有機小米、顆粒晶瑩圓潤、透著黃澄澄的光澤、滿溢新鮮飽滿的天然清香、 金黃的米粒、蘊含人體所需的豐富營養素.小米不含麩質、纖維質溫和、口感綿細且易於消化、是 幼兒成長的優質營養補充品. 有機小米適合烹調各式粥品、可單獨熬煮、或添加紅豆、大棗、蓮子等、熬成風味獨特的營養粥. ★原料通過有機驗證 ★小米含有豐富蛋白質、脂肪和碳水化合物、營養比白米高出許多、纖維質又不像糙米或糯米這樣粗糙不易消化、適合幼年及老人來食用. ●產地:美國 ●美國 QAI 有機驗證 ●無農藥殘留、不使用化學肥料 ●小米含有豐富蛋白質、脂肪和碳水化合物、營養比白米高出許多、纖維質又不像糙米或糯米這樣粗糙不易消化、適合幼年及老人來食用. 內容物:有機小米 食品添加物:無 淨重:480g 原產地:美國或烏克蘭 有機驗證字號:TOC-P0110 有機驗證機構:慈心有機驗證股份有限公司 保存期限:一年(未開封) 保存方式:請存放於陰涼乾燥處、開封後請冷藏或儘快食用完畢. 注意事項: 1.本產品生產製程廠房、其設備或生產管線有處理堅果種子類、含有麩質的穀類、大豆及其製品. 2.內附脫氧劑請勿食用. 國內負責廠商資料 名稱:正原有機國際有限公司 南瓜小米粥 精選食材歐特有機小米 3 大匙、南瓜 1/4 顆、鹽 or 砂糖 or 醬油適量備料用具電鍋、塑膠袋、瓦斯爐 01 將南瓜連皮刷洗乾淨放入電鍋蒸熟、放入塑膠袋壓成碎泥 02 再將南瓜碎泥放入滾水中、加入沖洗乾淨的小米一起用慢火滾煮 25 分 03 依各人喜好放入鹽 or 砂糖 or 醬油調味皆可、一碗簡單清爽又健康的有機粥品就,無,https://s1.myqr.com.tw/newshop/177/TypeGoods?type2=5425&type1=5426&type0=5427&pageIndex=0&goodId=28608,歐特 慈心驗證 慈心認證 慈心有機驗證,https://pshop.myqr.com.tw/qrssimage/GoodsImage/66/66727.jpg?67
4710799221093,冬菜意麵/56g*5粒,常溫食品,五穀/豆類/米麵/乾貨,麵條/冬粉,無,100,0.0,-38,源順,【源順】冬菜意麵 特調冬菜粉包、乾燥蔬菜、味道鮮美、滑溜的麵條口感、回味古早年代品嚐風味絕佳的路邊小吃. 1.熱水煮滾沖泡即可食用、內附調味包及冬菜絲可依個人喜好增減. 2.可加入蔬菜、菇類及多種配料一起烹煮、起鍋前加入適量胡椒粉、好吃的素食鍋燒意麵即可上桌. 3.將意麵以熱開水泡軟、拌入蔬菜及麵糊下鍋煎、美味的意麵大阪燒也讓人垂涎三尺哦~ 4.意麵以熱水泡軟備用、起油鍋炒香蔬菜及香辛料及調味粉後、倒入意麵拌炒均勻、炒意麵就完成囉! 成分: 麵體 / 麵粉、食鹽、蛋、棕櫚油、樹薯澱粉 調味粉 / 高湯粉{食鹽、高鮮調味料[麥芽糊精、琥珀酸二鈉、5&#39;- 鳥嘌呤核?磷酸二鈉、5&#39;- 次黃嘌呤核?磷酸二鈉、胺基乙酸、檸檬酸鈉、食鹽、DL- 胺基丙酸、甘草酸銨(甜味劑)]、砂糖、當歸粉、5&#39;- 鳥嘌呤核?磷酸二鈉、5&#39;- 次黃嘌呤核?磷酸二鈉、胡椒粉、孜然粉、二氧化矽、五香粉(小茴、肉桂、陳皮、八角、胡荽子、甘草、丁香、當歸、香芹子、川芎、山奈)、大茴粉、辣椒粉、焦糖色素}、乾燥蔬菜(高麗菜、紅蘿蔔) 冬菜 /【高麗菜、食鹽、香辛料(肉桂、花椒、八角、小茴、丁香)、味精(調味劑)】 淨重:56g*5 粒入 產地:台灣製造 保存期限:8 個月,無,https://s1.myqr.com.tw/newshop/177/TypeGoods?type2=5425&type1=5426&type0=5428&pageIndex=0&goodId=29815,無,https://pshop.myqr.com.tw/qrssimage/GoodsImage/71/71447.png?67
4710799221079,冬菜雞絲麵/50g*5粒,常溫食品,五穀/豆類/米麵/乾貨,麵條/冬粉,無,100,0.0,-2,源順,【源順】冬菜雞絲麵 源順精選優質麵條、加上特製的冬菜;冬菜的香氣帶著一股讓人懷念的古早味! 特調蔬菜調味包及冬菜、湯頭味道更鮮美、滑溜的麵條口感、讓人回味古早年代品嚐風味絕佳的路邊小吃. 本產品為全素. 1.熱水煮滾沖泡即可食用、內附調味包及冬菜絲可依個人喜好增減. 2.可加入蔬菜、菇類及多種配料一起烹煮、起鍋前加入適量胡椒粉、好吃的素食鍋燒雞絲麵即可上桌. 3.將雞絲麵以熱開水泡軟、拌入蔬菜及麵糊下鍋煎、美味的雞絲麵大阪燒也讓人垂涎三尺哦~ 4.雞絲麵以熱水泡軟備用、起油鍋炒香蔬菜及香辛料及調味粉後、倒入雞絲麵拌炒均勻、炒雞絲麵就完成囉! 成分: 麵體 / 麵粉、食鹽、棕櫚油、樹薯澱粉 調味粉 / 高湯粉{食鹽、高鮮調味料[麥芽糊精、琥珀酸二鈉、5&#39;- 鳥嘌呤核?磷酸二鈉、5&#39;- 次黃嘌呤核?磷酸二鈉、胺基乙酸、檸檬酸鈉、食鹽、DL- 胺基丙酸、甘草酸銨(甜味劑)]、砂糖、當歸粉、5&#39;- 鳥嘌呤核?磷酸二鈉、5&#39;- 次黃嘌呤核?磷酸二鈉、胡椒粉、孜然粉、二氧化矽、五香粉(小茴、肉桂、陳皮、八角、胡荽子、甘草、丁香、當歸、香芹子、川芎、山奈)、大茴粉、辣椒粉、焦糖色素}、乾燥蔬菜(高麗菜、紅蘿蔔) 冬菜 /【高麗菜、食鹽、香辛料(肉桂、花椒、八角、小茴、丁香)、味精(調味劑)】 淨重:50g*5 粒入 產地:台灣製造 保存期限:8 個月,無,https://s1.myqr.com.tw/newshop/177/TypeGoods?type2=5425&type1=5426&type0=5428&pageIndex=0&goodId=29816,無,https://pshop.myqr.com.tw/qrssimage/GoodsImage/71/71451.jpg?67
4711175005399,有機十穀Q麵/375g,常溫食品,五穀/豆類/米麵/乾貨,麵條/冬粉,無,135,0.0,251,展康,★營養健康的十穀麵 ★輕食料理搭配味榮拌醬、風味更佳! ★請注意~本商品經日照曝曬後((釋出水份)) 製作後、麵體會有些許小黑點紅點、屬天然正常現象、請安心食用 ★通過采園生態驗證、驗證字號:EG-131105P1Z 內容物名稱有機高筋麵粉(英國 / 德國)、有機十穀粉【有機糙米(台灣)、有機米糠(台灣)、有機黑豆(中國)、有機黑芝麻(美國)、有機小麥(澳洲)、有機蕎麥(美國)、有機南瓜子(中國)、有機紅豆(巴西)、有機珍珠大麥(芬蘭)、有機小米(美國)、有機燕麥仁(中國)】、鹽 內容量 375g 原產地(國)台灣 保存期限 730 日 廠商名稱展康國際有機(股)公司 投保產品責任險字號 07 字第 362205A00098 號 食品業者登錄字號 B-105698174-00000-9,無,https://s1.myqr.com.tw/newshop/177/TypeGoods?type2=5425&type1=5426&type0=5428&pageIndex=0&goodId=28777,展康 有機認證,https://pshop.myqr.com.tw/qrssimage/GoodsImage/67/67616.jpg?51
4711175005382,有機十穀刀削麵/375g,常溫食品,五穀/豆類/米麵/乾貨,麵條/冬粉,無,135,0.0,126,展康,★營養健康的十穀麵 ★輕食料理搭配味榮拌醬、風味更佳! ★請注意~本商品經日照曝曬後((釋出水份)) ★製作後、麵體會有些許小黑點紅點、屬天然正常現象、請安心食用 ★通過采園生態驗證、驗證字號:EG-131105P1Z 內容物名稱有機高筋麵粉(英國 / 芬蘭 / 德國 / 土耳其)、有機十榖粉【有機糙米(台灣)、有機米糠(台灣)、有機黑豆(中國)、有機黑芝麻(美國)、有機小麥(澳洲)、有機蕎麥(美國)、有機南瓜子(中國)、有機紅豆(巴西)、有機珍珠大麥(芬蘭)、有機小米(美國)、有機燕麥(中國)】、鹽 內容量 375g/ 包 原產地(國):台灣 保存期限:730 日 廠商名稱:展康國際有機(股)公司 投保產品責任險字號:B-105698174-00000-9 食品業者登錄字號:07 字第 362205A00098 號,無,https://s1.myqr.com.tw/newshop/177/TypeGoods?type2=5425&type1=5426&type0=5428&pageIndex=0&goodId=28775,展康 有機認證,https://pshop.myqr.com.tw/qrssimage/GoodsImage/67/67600.jpg?51
4711175005733,有機十穀蕎麥拉麵/300g,常溫食品,五穀/豆類/米麵/乾貨,麵條/冬粉,無,105,0.0,50,展康,●線採用台灣傳承製法「日光曝曬」製作、麵條香 Q 有勁 ●師傅依據豐富經驗手感、拿捏麵條曝曬乾燥程度恰到好處 ●嚴選優質素材原料 ●製作過程採用安全衛生的隔網式日光曝曬 ●不添加鹼劑 ●不添加品質改良劑 ●不添加化學添加劑以及防腐劑 內容物名稱有機高筋麵粉(英國 / 芬蘭 / 德國)、水、蕎麥粉、鹽、有機黑金多穀粉【有機黃豆(美國 / 加拿大 / 俄羅斯)、有機糙米(台灣)、有機砂糖(巴西)、有機黑芝麻(玻利維亞 / 墨西哥 / 斯里蘭卡)、有機黑豆(中國)、有機燕麥(美國 / 芬蘭 / 台灣)、有機黑糯糙米(台灣)、有機紅藜(台灣)、有機海藻鈣(英國)、有機小米(美國)、有機珍珠大麥(加拿大 / 芬蘭)、有機亞麻仁籽(加拿大 / 美國)】仁籽(加拿大 / 美國)】、蕎麥粉、鹽 內容量 300g 原產地(國)台灣 保存期限 2 年 投保產品責任險字號 07 字第 362205A00098 號 食品業者登錄字號 B-105698174-00000-9,無,https://s1.myqr.com.tw/newshop/177/TypeGoods?type2=5425&type1=5426&type0=5428&pageIndex=0&goodId=28778,展康 有機認證,https://pshop.myqr.com.tw/qrssimage/GoodsImage/67/67624.jpg?86
4711175005481,有機五行刀削麵/375g,常溫食品,五穀/豆類/米麵/乾貨,麵條/冬粉,無,135,0.0,160,展康,產品特色 無添加防腐劑 嚴選食材、全素可食用 經農委會『采園生態驗證』通過 內容物說明 共 375g 有機高筋麵粉(英國)、天然蔬菜粉波菜粉(台灣)、甜菜根粉(美國)、竹炭粉(台灣)、南瓜粉(台灣)、鹽 適用族群 老少咸宜 食用方式 1.將適量的水燒開 再將麵條放入 轉中火並以筷子輕拌 4-5 分鐘. 2.將麵條撈起瀝乾 視個人喜好加入各式醬料 即可食用. 品牌介紹 透過全球 OEM 或尋找世界各地有機食料自行包裝方式 開發具有環保、健康、有機、無添加概念的自有品牌商品 提供一種 LOHAS 樂活生活型態所需的食、用、衣、住的高附加價值訴求 並透過靈活的通路行銷與販賣 逐漸建立通路品牌!,無,https://s1.myqr.com.tw/newshop/177/TypeGoods?type2=5425&type1=5426&type0=5428&pageIndex=0&goodId=28776,展康 有機認證,https://pshop.myqr.com.tw/qrssimage/GoodsImage/67/67607.jpg?86
4710799300125,有機白米米粉/200g,常溫食品,五穀/豆類/米麵/乾貨,麵條/冬粉,無,110,0.0,10,源順,堅持不使用碎米、保留糙米完整營養素 純米製作的米粉易消化、好吸收 無添加修飾澱粉、無添加色素 產品特色:100% 使用台灣契作當期之有機新鮮全糙米粒精製而成、堅持不使用碎米、保留糙米完整營養素.含米量 100% 的純糙米米粉、不同於市售炊粉般不好消化、純米製作的米粉易消化、好吸收、糙米所含的膳食纖維可幫助腸胃蠕動、不會造成腸胃的負擔. 無添加修飾澱粉、無添加色素~ 源順有機純米米粉使用的原料百分之百都是有機白米、不添加任何食品改良劑、呈現在您眼前的純米米粉都是由紮紮實實的有機白米製作. 原料全部來自於台灣在地栽種的有機白米、且因為不含任何農藥、無化肥的栽種、所以我們吃到的有機米粉是更健康、更天然的食材. ※適合各年齡層食用. 100% 使用台灣新鮮有機全米粒製作、非使用碎米、米粒完整營養素.易消化、好吸收.無添加澱粉、無添加物、無添加色素~ ※製造日期與有效期限、商品成分與適用注意事項皆標示於包裝或產品中 ※本產品網頁因拍攝關係、圖檔略有差異、實際以廠商出貨為主 ※本產品文案若有變動敬請參照實際商品為準 每 100 公克 熱量 347 大卡 蛋白質 7 公克 脂肪 0.5 公克 飽和脂肪 0 公克 反式脂肪 0 公克 碳水化合物 78.5 公克 糖 0 公克 鈉 1 毫克 產品內容物與規格說明 / 保固資訊 規格:200g 保存期限:2 年 成份:有機白米、水 過敏原:無 產地:台灣 常溫配送 食用方法: 烹煮方式:將有機純米米粉過水潤濕後瀝乾備用(勿浸泡). 待食材均烹煮完成後、加入備用的米粉、煮約 3~4 分鐘即可上桌! ※無論煮湯或炒米粉皆是美味. 有機純米米粉因無添加物、容易斷裂、屬正常現象、 烹煮時請不要過度攪拌~ 注意事項 ※為保持產品最佳風味、開封後請盡速食用完畢. ※產品顏色可能會因網頁呈現與拍攝關係產生色差、圖片僅供參考、商品依實際供貨樣式為準. ※產品文案為原廠(供應商)所提供、若有變動敬請參照實際商品為準. ※商品不包含配料及其他擺盤裝飾物、實際內容物、請詳閱「商品規格」. ※鑑賞期&quot;非試吃期&quot;收到商品後請立即拆開檢查、若商品有瑕疵狀況、請拍照記錄、並於到貨後 24 小時內以電話或 e-mail 通知、我們會盡全力協助您處理. ※商品如經拆封、使用、或拆解以致缺乏完整性及失去再販售價值時、將影響退貨權益. 產地:台灣 產品標示內容 【食品業者登錄字號】家庭億得 A-150792822-00000-,無,https://s1.myqr.com.tw/newshop/177/TypeGoods?type2=5425&type1=5426&type0=5428&pageIndex=0&goodId=28792,源順 有機認證,https://pshop.myqr.com.tw/qrssimage/GoodsImage/67/67681.jpg?86
4710799300064,有機南瓜糙米米粉/200g,常溫食品,五穀/豆類/米麵/乾貨,麵條/冬粉,無,110,0.0,20,源順,100% 使用台灣契作當期之新鮮有機糙米製作、含膳食纖維、保留糙米完整營養素.易消化、好吸收.並使用台灣在地新鮮有機南瓜、保留南瓜外皮、研磨成漿、營養百分百. 無添加澱粉、無人工添加物、無添加色素~ ※烹煮方式:將有機糙米米粉過水潤濕後瀝乾備用(勿浸泡).待食材均烹煮完成後、加入備用的米粉、煮約 3~4 分鐘即可上桌! ※適合各年齡層食用 ※無論煮湯或炒米粉皆是美味.※有機糙米米粉因無添加物、容易斷裂、屬正常現象、烹煮時請不要過度攪拌~ ※有機南瓜調合糙米米粉因使用整顆南瓜、因此米粉上會有小黑點、此乃南瓜的外皮、請安心食用 本商品規格 成分:有機糙米(台灣)、有機南瓜(台灣)水 淨重:200g/ 包 產地:台灣製造 保存期限:2 年 廠商名稱:源順食品有限公司 廠商電話:(05)6221108 廠商地址:雲林縣虎尾鎮文科路 498 號 投保產品責任險字號:1304-04AKP0001032 食品業者登錄字號:P-164951027-00000-7 有機證書字號*:1-008-120703,無,https://s1.myqr.com.tw/newshop/177/TypeGoods?type2=5425&type1=5426&type0=5428&pageIndex=0&goodId=28794,源順 有機認證,https://pshop.myqr.com.tw/qrssimage/GoodsImage/67/67691.jpg?23
4710799300057,有機糙米米粉/200g,常溫食品,五穀/豆類/米麵/乾貨,麵條/冬粉,無,110,0.0,8,源順,堅持不使用碎米、保留糙米完整營養素 純米製作的米粉易消化、好吸收 無添加修飾澱粉、無添加色素 產品特色:100% 使用台灣契作當期之有機新鮮全糙米粒精製而成、堅持不使用碎米、保留糙米完整營養素.含米量 100% 的純糙米米粉、不同於市售炊粉般不好消化、純米製作的米粉易消化、好吸收、糙米所含的膳食纖維可幫助腸胃蠕動、不會造成腸胃的負擔. 無添加修飾澱粉、無添加色素~ 產品內容物與規格說明 / 保固資訊 規格:200g 保存期限:2 年 成份:有機糙米、水 過敏原:無 產地:台灣 常溫配送 食用方法: 烹煮方式:將有機糙米米粉過水潤濕後瀝乾備用(勿浸泡). 待食材均烹煮完成後、加入備用的米粉、煮約 3~4 分鐘即可上桌! ※無論煮湯或炒米粉皆是美味. 有機糙米米粉因無添加物、容易斷裂、屬正常現象、 烹煮時請不要過度攪拌~ 注意事項 ※為保持產品最佳風味、開封後請盡速食用完畢. ※產品顏色可能會因網頁呈現與拍攝關係產生色差、圖片僅供參考、商品依實際供貨樣式為準. ※產品文案為原廠(供應商)所提供、若有變動敬請參照實際商品為準. ※商品不包含配料及其他擺盤裝飾物、實際內容物、請詳閱「商品規格」. ※鑑賞期&quot;非試吃期&quot;收到商品後請立即拆開檢查、若商品有瑕疵狀況、請拍照記錄、並於到貨後 24 小時內以電話或 e-mail 通知、我們會盡全力協助您處理. ※商品如經拆封、使用、或拆解以致缺乏完整性及失去再販售價值時、將影響退貨權益. 產地:台灣 產品標示內容 【食品業者登錄字號】家庭億得 A-150792822-00000-3 【投保產品責任險公司與字號】富邦產物產險字號:0500 字第 18AML0001182 號 【製造廠商或國內負責廠商名稱】家庭億得行銷股份有限公司 【製造廠商或國內負責廠商電話】02-8771-0222 【製造廠商或國內負責廠商地址】台北市大安區忠孝東路 4 段 218 號 13 樓 【食物過敏原標示】無 【內容物成份】詳見內文 【內容量(重量)】詳見內文 【保存期限(總效期)】24 個月 【有機認證字號】證書字號 1-008-120703,無,https://s1.myqr.com.tw/newshop/177/TypeGoods?type2=5425&type1=5426&type0=5428&pageIndex=0&goodId=28793,源順 有機認證,https://pshop.myqr.com.tw/qrssimage/GoodsImage/67/67686.jpg?23
4710799340039,沒麥乾拌麵-胡麻口味/110g,常溫食品,五穀/豆類/米麵/乾貨,麵條/冬粉,無,79,0.0,31,源順,米麵條:糙米(無化肥.無農藥) 醬包:芝麻.非基因改造芥花油.芝麻油.味醂.鹽.酵母抽出物.黑糖.砂糖 麵條:無麩質.無農藥無化肥 米:無任何添加物 醬包:無添加麩質.無添加防腐劑.無色素.通過黃麴毒素之檢驗,無,https://s1.myqr.com.tw/newshop/177/TypeGoods?type2=5425&type1=5426&type0=5428&pageIndex=0&goodId=46309,無,https://pshop.myqr.com.tw/qrssimage/GoodsImage/126/126276.jpg?7
4710799501737,紅藜麵線/3束(230g),常溫食品,五穀/豆類/米麵/乾貨,麵條/冬粉,無,105,0.0,19,源順,品名:生機紅藜麵線 成份:麵粉(無化肥、無農藥)、紅藜(無化肥、無農藥)、紅麴、鹽. 食用方式:容器注水約 7 分滿、煮沸後放入麵線、待 1 分鐘撈起、即可食用. 重量:230 公克&plusmn;9% 保存期限:1 年 保存方式:如未拆封、請放置陰涼處. ※建議開封後立即冷藏以保持新鮮. 原產地:台灣 營養標示每一份量 76.6 公克本包裝含 3 份 每份每 100 公克 熱量 242 大卡 316 大卡 蛋白質 9 公克 12 公克 脂肪 0.8 公克 1 公克 飽和脂肪 0 公克 0 公克 反式脂肪 0 公克 0 公克 碳水化合物 49 公克 64 公克 糖 0.8 公克 7 公克 膳食纖維 2.3 公克 3 公克 鈉 1716 毫克 2240 毫克 源順食品有限公司 05-6221108 雲林縣虎尾鎮文科路 498 號,無,https://s1.myqr.com.tw/newshop/177/TypeGoods?type2=5425&type1=5426&type0=5428&pageIndex=0&goodId=29817,無,https://pshop.myqr.com.tw/qrssimage/GoodsImage/71/71453.jpg?7
4711175005726,展康有機三寶蕎麥麵線,常溫食品,五穀/豆類/米麵/乾貨,麵條/冬粉,無,110,0.0,47,展康,商品介紹 有機三寶蕎麥麵線調理 DIY 1.將適量的水燒開 再將有機三寶蕎麥麵線放入 筷子輕拌約 4-5 分鐘即可. 2.起鍋瀝乾水份 個人喜好加入各式醬料 即可食用. 規格說明 ?品名:有機三寶蕎麥麵線 ?重(容)量:300g ?內容物成分(如含有豬、牛成分請加註國別):有機高筋麵粉(英國 / 芬蘭 / 德國 / 美國 / 澳洲)、有機生蕎麥粉(台灣)、鹽、小麥胚芽、啤酒酵母、大豆卵磷脂(印度) ?食品添加物名稱:無 ?產地:台灣 ?保存期限:24 個月 ?箱入數:20 袋 ※本品含有小麥麩質.因具蕎麥及三寶、麵身略帶褐點屬正常現象.,無,https://s1.myqr.com.tw/newshop/177/TypeGoods?type2=5425&type1=5426&type0=5428&pageIndex=0&goodId=47731,展康 有機認證,https://pshop.myqr.com.tw/qrssimage/GoodsImage/130/130073.jpeg?42
4710859510556,綠色生活手工五行麵條/600g,常溫食品,五穀/豆類/米麵/乾貨,麵條/冬粉,無,159,0.0,35,綠色生活,●品名:綠色生活 - 蕎麥手工麵 ●原產地:台灣 ●?容量:600g/ 包 ●成分:生機麵粉、高筋麵粉、生機蕎麥、水 ●食用方法:置入滾水中火煮約 3~6 分鐘 ●存期限:常溫 1 年,無,https://s1.myqr.com.tw/newshop/177/TypeGoods?type2=5425&type1=5426&type0=5428&pageIndex=0&goodId=29811,無,https://pshop.myqr.com.tw/qrssimage/GoodsImage/71/71430.jpg?26
4710859510488,綠色生活手工蕎麥麵條/600g,常溫食品,五穀/豆類/米麵/乾貨,麵條/冬粉,無,148,0.0,34,綠色生活,●品名:綠色生活 - 蕎麥手工麵 ●原產地:台灣 ●?容量:600g/ 包 ●成分:生機麵粉、高筋麵粉、生機蕎麥、水 ●食用方法:置入滾水中火煮約 3~6 分鐘 ●存期限:常溫 1 年,無,https://s1.myqr.com.tw/newshop/177/TypeGoods?type2=5425&type1=5426&type0=5428&pageIndex=0&goodId=29810,無,https://pshop.myqr.com.tw/qrssimage/GoodsImage/71/71427.jpg?62
4710799501249,燕麥麵線/3束(230g),常溫食品,五穀/豆類/米麵/乾貨,麵條/冬粉,無,80,0.0,95,源順,品名:生機燕麥麵線 成份:麵粉(無化肥、無農藥)、燕麥(無化肥、無農藥)、鹽 食用方式: 容器注水約 7 分滿煮沸後放入麵線、待 1 分鐘撈起即可食用. 淨重:230 公克&plusmn;4.5% 保存期限:1 年 ※建議開封後立即冷藏以保持新鮮. 產地:台灣 營養標示每一份量 76.6 公克本包裝含 3 份 每份每 100 公克 熱量 230 大卡 300 大卡 蛋白質 8.4 公克 11 公克 脂肪 1.5 公克 2 公克 飽和脂肪 0 公克 0 公克 反式脂肪 0 公克 0 公克 碳水化合物 46.7 公克 61 公克 糖 1.5 公克 2 公克 膳食纖維 1.5 公克 2 公克 鈉 1907 毫克 2400 毫克,無,https://s1.myqr.com.tw/newshop/177/TypeGoods?type2=5425&type1=5426&type0=5428&pageIndex=0&goodId=29818,無,https://pshop.myqr.com.tw/qrssimage/GoodsImage/71/71461.jpg?62
4710799501386,燕麥麵線/6粒(450g),常溫食品,五穀/豆類/米麵/乾貨,麵條/冬粉,無,160,0.0,63,源順,【源順】生機燕麥麵線 源順食品為滿足現代人保健養生的新概念、特別研發了燕麥麵線.使用燕麥取代部分麵粉、口感有別於全麵粉製作的麵線般糊爛. 添加燕麥的麵線除了口感升級外、亦可增加飽足感、減少脹氣、較易於消化. 乾拌:先將麵線沖過一次水(目的為洗去表面的鹽)、放入滾水鍋中、煮至麵線 Q 軟約 30 秒~1 分鐘、即可撈起拌入其他調味料等. 湯麵:先依個人喜好加入蔬菜、肉類、海鮮等加入熱水鍋中煮、最後再放入麵線煮約 30 秒~1 分鐘即可 古早味煎麵線:先將麵線沖過一次水(目的為洗去表面的鹽)、放入滾水鍋中、煮至麵線 Q 軟約 30 秒~1 分鐘、即可撈起;平底鍋倒入少許油熱鍋、倒入煮好的麵線攤平、煎至兩面焦黃、起鍋前可依個人喜好淋上醬料或灑上胡椒粉 成分:麵粉(無化肥、無農藥)、食鹽、燕麥(無化肥、無農藥)、 重量:460 公克 產地:台灣製造 保存期限:12 個月 保存方式:放置陰涼乾燥處、開封後請務必放置冰箱冷藏,無,https://s1.myqr.com.tw/newshop/177/TypeGoods?type2=5425&type1=5426&type0=5428&pageIndex=0&goodId=29819,無,https://pshop.myqr.com.tw/qrssimage/GoodsImage/71/71463.jpg?97
4714379951417,米森有機奇亞籽/200g,常溫食品,五穀/豆類/米麵/乾貨,燕麥/五穀/玉米,無,395,0.0,75,米森,米森有機奇亞籽 嚴選有機食品、完全採用有機農法種植作物、不使用農藥、化學肥料及任何人工添加物、 完整保留有機食品的天然成份、照顧全家人的身體、也愛護地球的每一寸土地. 有機農法:回歸大地最純淨的生命力為宗旨!從嚴格選種開始、到淨化土壤的管理、 使大地不受重金屬、化肥、農藥、及除草劑的汙染、給予人們無汙染及最有生命力的作物、 使身體遠離現代精緻飲食及化學添加物所帶來的負擔. 【商品規格】 原料:有機奇亞籽 驗證單位:慈心有機驗證股份有限公司 有機農產品驗證證書字號:1-009-210002 規格:200 公克 保存期限:18 個月(未開封前) 保存方式:避免日光直射、置於陰涼乾燥處、開封後請冷藏並請儘快食用完畢 原產地:玻利維亞 【青荷御膳房】 平日飽足: 每餐前 30 分鐘、以一湯匙(15g)奇亞籽加 300ml 水攪拌、 靜置 5 分鐘後成糊狀後再攪拌均勻、直接食用或加少量蜂蜜、果汁等調味食用. 增加食物口感: 撒在沙拉、炒菜、烤雞及湯品、稀飯上食用(請注意:勿高溫烘培、會破壞其成份). 產品內容物與規格說明 / 保固資訊 1.品名:【米森 Vilson】有機奇亞籽 2.淨重、容量:200g 3.食品添加物名稱:無 4.原產地(國):玻利維亞 5.保存期限:18 個月(未開封前) 6.廠商名稱:青荷國際有限公司 電話:03-359-4557 地址:桃園市龜山區振興路 1165-1 號,無,https://s1.myqr.com.tw/newshop/177/TypeGoods?type2=5425&type1=5426&type0=5974&pageIndex=0&goodId=28562,青荷 慈心驗證 慈心認證 慈心有機驗證,https://pshop.myqr.com.tw/qrssimage/GoodsImage/66/66381.jpg?97
4714379950595,米森有機紅藜麥/200g,常溫食品,五穀/豆類/米麵/乾貨,燕麥/五穀/玉米,無,250,0.0,72,米森,米森有機紅藜麥 超級穀物、穀物界的紅寶石 嚴選有機食品、完全採用有機農法種植作物、不使用農藥、化學肥料及任何人工添加物、完整保留有機食品的天然精華、照顧全家人的飲食安全、也愛護地球的每一寸土地.有機農法:回歸大地最純淨的生命力為宗旨!從嚴格選種開始、到淨化土壤的管理、使大地不受重金屬、化肥、農藥、及除草劑的汙染、給予人們最安全最有生命力的作物、使身體遠離現代精緻飲食及化學添加物所帶來的負擔. 【商品規格】 品名:米森有機紅藜麥 原料:有機紅藜麥 淨重:200 公克(7.05oz)/ 包 保存期限:12 個月(未開封前) 原產地:玻利維亞 有效日期:標示於外包裝上(西元年 / 月 / 日) 保存方式:避免日光直射、置於陰涼乾燥處、開封後請儘快食用完畢 驗證單位:慈心有機驗證股份有限公司 有機農產品驗證證書字號:TOC-P0002 委託工廠:簡單生活開發有限公司(通過國際 ISO22000 及 HACCP 食品安全認證) 【青荷御膳房】 有機紅藜麥飯 1.紅藜:白米:水的比例為 1:4:4 2.混合洗淨後將米和水倒入電鍋 3.開蓋後將紅藜飯伴開來、悶 3-5 分鐘即可 有機藜麥小米粥 1.藜麥、小米洗淨、泡水二小時後、用濾網濾出 2.放入鍋中加水煮滾後改小火慢慢熬、約一小時即可.記得要不時攪拌一下、以免黏底 3.喜歡甜味的可適量加些冰糖、喜歡鹹味的可適量加些鹽巴調味 【食品業者登錄字號】H-124407269-00000-9 【投保產品責任險公司與字號】明台產物保險股份有限公司、字號:0009PDT00094 【製造廠商或國內負責廠商名稱】青荷國際有限公司 【製造廠商或國內負責廠商電話】03-359-4557 【製造廠商或國內負責廠商地址】桃園市龜山區振興路 1165-1 號 【食物過敏原標示】無 【葷 / 純素 / 奶蛋素】純素,無,https://s1.myqr.com.tw/newshop/177/TypeGoods?type2=5425&type1=5426&type0=5974&pageIndex=0&goodId=28557,青荷 慈心驗證 慈心認證 慈心有機驗證,https://pshop.myqr.com.tw/qrssimage/GoodsImage/66/66355.jpg?81
4712511471175,米森有機黃豆(可發芽)/450g,常溫食品,五穀/豆類/米麵/乾貨,燕麥/五穀/玉米,無,135,0.0,37,米森,米森有機黃豆(可發芽) 嚴選有機食品、完全採用有機農法種植作物、不使用農藥、化學肥料及任何人工添加物、 完整保留有機食品的天然成份、照顧全家人的身體、也愛護地球的每一寸土地. 有機黃豆是來自美國農場、農場提供穩定的品質、貨源、並經過第三方實驗室的測試與驗證、驗證了非基因改造. 有機黃豆在運送過程中、為了預防受其他穀物的汙染、在裝運產品的卡車底板、壁面、門&hellip;等各處、進行徹底清潔. 有機黃豆的蛋白質約有 39%、並達到 90% 的高發芽率. 【商品規格】 原料:有機黃豆(可發芽) 驗證單位:慈心有機驗證股份有限公司 有機農產品驗證證書字號:1-009-210002 規格:450 公克 保存期限:12 個月(未開封前) 保存方式:避免日光直射、置於陰涼乾燥處、開封後請冷藏並請儘快食用完畢 原產地:加拿大(or 美國)請以包裝上為準 【營養標示】 每一份量 30 公克、本包裝含 15 份 每份每 100 公克 熱量 125 大卡 415 大卡 蛋白質 10.7 公克 35.6 公克 脂肪 4.7 公克 15.7 公克 飽和脂肪 0.5 公克 1.5 公克 反式脂肪 0.0 公克 0.0 公克 碳水化合物 9.9 公克 32.9 公克 糖 1.9 公克 6.2 公克 鈉 4 毫克 12 毫克 ※營養標示數據若與包裝上略有差異時、以實際包裝上標示為準. ★本產品另有美國產地;其產品資訊若與包裝上略有差異時、以實際包裝上標示為準 【青荷御膳房】 豆漿: 1.黃豆洗淨後 浸泡約(夏天 5 小時、冬天 10 小時). 2.將浸泡後的黃豆水倒掉、將(黃豆)1:(水)5 的比例倒入果汁機中打均勻. 3.打勻後的豆汁以麻布袋過濾後、倒入鍋中、以中火煮沸後、轉小火續煮約 30-40 分鐘. 4.煮時要用杓子輕輕攪拌、加入適量的糖調味即可. 黃豆排骨湯: 1.黃豆洗淨浸泡約 3 小時、排骨川燙後備用. 2.排骨先熬煮成排骨湯後、再加入黃豆煮到軟. 3.加鹽調味、灑上蔥花即可食用. 產品內容物與規格說明 / 保固資訊 1.品名:【米森】有機黃豆 2.淨重、容量:450g 3.食品添加物名稱:無 4.原產地:美國(加拿大) 5.保存期限:12 個月(未開封前) 6.廠商名稱:青荷國際有限公司 電話:03-359-4557 地址:桃園市龜山區振興路 1165-1 號 ★本商品正值新舊包裝交替中、商品以實際到貨包裝為主★ 產地:美國,無,https://s1.myqr.com.tw/newshop/177/TypeGoods?type2=5425&type1=5426&type0=5974&pageIndex=0&goodId=28548,青荷 慈心驗證 慈心認證 慈心有機驗證,https://pshop.myqr.com.tw/qrssimage/GoodsImage/66/66308.jpg?81
4712511471144,米森有機黑豆/450g,常溫食品,五穀/豆類/米麵/乾貨,燕麥/五穀/玉米,無,145,0.0,14,米森,米森有機黑豆 嚴選有機食品、完全採用有機農法種植作物、不使用農藥、化學肥料及任何人工添加物、完整保留有機食品的天然成份、照顧全家人的身體、也愛護地球的每一寸土地. 黑豆含有豐富的植物性蛋白質、含量並不低於黃豆、能調整體質、調節生理機能、幫助骨骼和牙齒的生長與發育、還有促進新陳代謝、養顏美容、維持身體作用、自古以來便是傳承的美顏聖品. 【商品規格】 原料:有機黑豆 驗證單位:慈心有機驗證股份有限公司 有機農產品驗證證書字號:1-009-210002 規格:450 公克 保存期限:12 個月(未開封前) 保存方式:避免日光直射、置於陰涼乾燥處、開封後請冷藏並請儘快食用完畢 原產地:中國 【營養標示】 每一份量 45 公克、本包裝含 10 份 每份每 100 公克 熱量 183 大卡 406 大卡 蛋白質 16.7 公克 37 公克 脂肪 6.0 公克 13.4 公克 飽和脂肪 0.5 公克 1 公克 反式脂肪 0.0 公克 0.0 公克 碳水化合物 15.5 公克 34.4 公克 糖 2.6 公克 5.8 公克 鈉 2 毫克 5 毫克 ※營養標示數據若與包裝上略有差異時、以實際包裝上標示為準. 【青荷御膳房】 【有機黑豆漿】(濃度水量可自行調整) 1.將有機黑豆清洗過後、加入水浸泡(夏天 5 小時、冬天 10 小時). 2.將黑豆 1:水 5 的比例到入果汁機中打成液體狀. 3.再將豆渣濾掉後、倒入鍋中、用中火煮到滾、然後再轉小火 30~40 分鐘後就完成了. 4.另可加入適量的有機砂糖或黑糖調味即可完成. ※注意事項:豆漿很容易燒焦、所以烹煮時必須時常攪拌 【黑豆紅棗粥】 黑豆 37.5 公克 紅棗 37.5 公克 白米 1 杯 作法: 1.黑豆洗淨、以冷水浸泡至發脹、瀝乾備用. 2.將白米洗淨、放置一旁備用. 3.黑豆放入鍋、加適量水、大火煮沸後轉小火熬煮. 4.待黑豆煮至八分熟、放入白米熬煮成粥. 5.直至豆爛熟粥黏稠時、加入紅棗及砂糖、調勻即可. 產品內容物與規格說明 / 保固資訊 1.品名:【米森】有機黑豆 2.淨重、容量:450g 3.食品添加物名稱:無 4.原產地:中國 5.保存期限:12 個月(未開封前) 6.廠商名稱:青荷國際有限公司 電話:03-359-4557 地址:桃園市龜山區振興路 1165-1 號 產地:中國,無,https://s1.myqr.com.tw/newshop/177/TypeGoods?type2=5425&type1=5426&type0=5974&pageIndex=0&goodId=28549,青荷 慈心驗證 慈心認證 慈心有機驗證,https://pshop.myqr.com.tw/qrssimage/GoodsImage/66/66314.jpg?17
4712511471151,米森有機綠豆/450g,常溫食品,五穀/豆類/米麵/乾貨,燕麥/五穀/玉米,無,175,0.0,1,米森,米森有機綠豆 嚴選有機食品、完全採用有機農法種植作物、不使用農藥、化學肥料及任何人工添加物、完整保留有機食品的天然成份、照顧全家人的身體、也愛護地球的每一寸土地. 綠豆含有植物性蛋白質、其含有的天然成份、能幫助消化、使排便順利、維持正常飲食的功能、參與能量的代謝、且還能維持骨骼和牙齒正常發育、是身體補給的來源之一. 【商品規格】 原料:有機綠豆 驗證單位:慈心有機驗證股份有限公司 有機農產品驗證證書字號:1-009-210002 規格:450 公克 保存期限:12 個月(未開封前) 保存方式:避免日光直射、置於陰涼乾燥處、開封後請冷藏並請儘快食用完畢 原產地:中國 ★本商品正值新舊包裝交替中、商品以實際到貨包裝為主★ 【營養標示】 每一份量 45 公克、本包裝含 10 份 每份每 100 公克 熱量 159 大卡 354 大卡 蛋白質 10.4 公克 23.1 公克 脂肪 0.5 公克 1.2 公克 飽和脂肪 0.1 公克 0.3 公克 反式脂肪 0.0 公克 0.0 公克 碳水化合物 28.2 公克 62.6 公克 糖 0.7 公克 1.6 公克 鈉 0 毫克 0 毫克 ※營養標示數據若與包裝上略有差異時、以實際包裝上標示為準. 【青荷御膳房】 【有機綠豆湯】 1.將有機綠豆清洗過後、加入水浸泡 2~3 小時. 2.將綠豆 1:水 2 的比例加入鍋中、用小火烹煮約 3~4 小時後、加入適量的有機砂糖或黑糖即可完成. 3.另可加入「地瓜、芋頭或洋薏仁」一同煮食調味. 產品內容物與規格說明 / 保固資訊 1.品名:【米森】有機綠豆 2.淨重、容量:450g 3.食品添加物名稱:無 4.原產地:中國 5.保存期限:12 個月(未開封前) 6.廠商名稱:青荷國際有限公司 電話:03-359-4557 地址:桃園市龜山區振興路 1165-1 號 產地:中國,無,https://s1.myqr.com.tw/newshop/177/TypeGoods?type2=5425&type1=5426&type0=5974&pageIndex=0&goodId=28551,青荷 慈心驗證 慈心認證 慈心有機驗證,https://pshop.myqr.com.tw/qrssimage/GoodsImage/66/66325.jpg?53
4712511471113,米森有機燕麥仁/450g,常溫食品,五穀/豆類/米麵/乾貨,燕麥/五穀/玉米,無,125,0.0,18,米森,米森有機燕麥仁 嚴選有機食品、完全採用有機農法種植作物、不使用農藥、化學肥料及任何人工添加物、完整保留有機食品的天然成份、照顧全家人的身體、也愛護地球的每一寸土地. 有機農法:回歸大地最純淨的生命力為宗旨!從嚴格選種開始、到淨化土壤的管理、使大地不受重金屬、化肥、農藥、及除草劑的汙染、給予人們無汙染及最有生命力的作物、使身體遠離現代精緻飲食及化學添加物所帶來的負擔. 【商品規格】 原料:有機燕麥仁 驗證單位:慈心有機驗證股份有限公司 有機農產品驗證證書字號:1-009-210002 規格:450 公克 保存期限:12 個月(未開封前) 保存方式:避免日光直射、置於陰涼乾燥處、開封後請冷藏並請儘快食用完畢 原產地:澳洲 【青荷御膳房】 有機燕麥五穀飯: 1.直接將有機燕麥清洗後、加入五穀米或白米中、浸泡(夏天 3 小時、冬天 6 小時). 2.將燕麥五穀米 1:水 1.3 的比例加入飯鍋中、直接烹煮. 3.煮熟打開鍋蓋後、請翻動米飯、再悶約 15 分鐘後、即可食用. 產品內容物與規格說明 / 保固資訊 訂購注意事項: ●商品有效日:消費者收受之商品 其有效日期至少距收受日 91 日以上 ●投保產品責任險公司與字號:明台產物保險股份有限公司、字號:0009PDT00094 ●運送方式:常溫 ●消費者取貨時 應從速檢查所受領之物;欲退換貨 應善盡商品保存之責任 ●販售人姓名:青荷國際有限公司 電話:03-359-4557 地址:桃園市龜山區振興路 1165-1 號 食品登錄字號 H-124407269-00000-9 ●消費爭議處理申訴專線:03-359-4557;如發生訴訟時雙方同意以桃園地方法院為第一審管轄法院 ●產品資訊若與包裝上略有差異時 以實際包裝上標示為準 有機農產品驗證證書字號:1-009-210002,無,https://s1.myqr.com.tw/newshop/177/TypeGoods?type2=5425&type1=5426&type0=5974&pageIndex=0&goodId=28560,青荷 慈心驗證 慈心認證 慈心有機驗證,https://pshop.myqr.com.tw/qrssimage/GoodsImage/66/66370.jpg?53
4719859745203,康健雪蓮子/600g,常溫食品,五穀/豆類/米麵/乾貨,燕麥/五穀/玉米,無,160,0.0,30,有機園,★新鮮採收、品質保證 ★無放射處理、營養不破壞 ★無硫化處理、安全又健康 雪蓮子(埃及豆、鸚嘴豆)中含有豐富膳食纖維與維生素 C、可幫助消化;且所含的植物性蛋白質也是素食者的蛋白質最佳來源、此外、雪蓮子中豐富的維生素 B2 和葉酸、且有助於釋放食物中的蛋白質和脂肪的能量. 成份:雪蓮子 規格:600g/ 包 產地:美國 保存期限:12 個月 保存方式:避免陽光直射、請放置陰涼乾燥處、開封後請冷藏.,無,https://s1.myqr.com.tw/newshop/177/TypeGoods?type2=5425&type1=5426&type0=5974&pageIndex=0&goodId=29220,無,https://pshop.myqr.com.tw/qrssimage/GoodsImage/68/68975.jpg?53
4719783007620,綠巨人生機玉米粒/150g*3入,常溫食品,五穀/豆類/米麵/乾貨,燕麥/五穀/玉米,無,185,0.0,297,綠巨人,品名:綠巨人生機玉米粒 成份:生機甜玉米粒、水、鹽 內容量:150 公克 固形量:140 公克 保存期限:4 年 保存方式:開罐後請將未食用完畢之玉米粒倒入乾淨有蓋的容器中密閉冷藏保存、並盡速食用完畢. 原產地:法國 營養標示每一份量 70 公克本包裝含 6 份 每份每 100 公克 熱量 54 大卡 77 大卡 蛋白質 1.7 公克 2.4 公克 脂肪 1.2 公克 1.7 公克 飽和脂肪 0.3 公克 0.4 公克 反式脂肪 0 公克 0 公克 碳水化合物 10 公克 14.3 公克 糖 5.2 公克 7.4 公克 膳食纖維 1.8 公克 2.5 公克 鈉 112 毫克 160 毫克,無,https://s1.myqr.com.tw/newshop/177/TypeGoods?type2=5425&type1=5426&type0=5974&pageIndex=0&goodId=33404,無,https://pshop.myqr.com.tw/qrssimage/GoodsImage/80/80607.jpg?37
4712834520185,歐特有機珍珠大麥/480g,常溫食品,五穀/豆類/米麵/乾貨,燕麥/五穀/玉米,無,100,0.0,23,歐特,商品介紹 ★原料通過加拿大 ECOCERT 有機驗證 ★珍珠大麥外型如一顆顆珍珠般、滑溜的口感一點也不輸薏仁、故也有洋薏仁之稱. 純淨天然新鮮好滋味 加拿大原產有機珍珠大麥、來自於清新純淨的中部平原地區、甘冽清甜的水源、豐沃零污染的士壤、溫暖充足的日照、給予農作物所需的各種養份、全程遵循有機農法用心栽植並通過有機驗證.有機珍珠大麥營養價值高、可與紅豆、綠豆各種食材搭配、烹調美味營養的點心甜品. 產品內容物與規格說明 / 保固資訊 品名:歐特有機珍珠大麥 內容物:有機珍珠大麥 食品添加物:無 淨重:480g 原產地:加拿大 有機驗證字號:1-009-210078 有機驗證機構:慈心有機驗證股份有限公司 保存期限:一年(未開封) 保存方式:請存放於陰涼乾燥處、避免陽光直射、開封後請冷藏或儘快食用完畢. 注意事項: 1.本產品含有麩質的穀類及其製品、不適合其過敏體質者食用. 2.本產品生產製程廠房、其設備或生產管線有處理堅果種子類、含有麩質的穀類、大豆及其製品. 3.內附脫氧劑請勿食用. 國內負責廠商資料 名稱:正原有機國際有限公司 電話:(02)2957-6628 食品業者登錄字號:F-180226959-00000-4 投保產品責任險字號:富邦產物保險 0500 字第 18AML0000545 號 &middot;產地:加拿大,無,https://s1.myqr.com.tw/newshop/177/TypeGoods?type2=5425&type1=5426&type0=5974&pageIndex=0&goodId=28606,歐特 慈心驗證 慈心認證 慈心有機驗證,https://pshop.myqr.com.tw/qrssimage/GoodsImage/66/66709.jpg?37
4712834520116,歐特有機黃豆/450g,常溫食品,五穀/豆類/米麵/乾貨,燕麥/五穀/玉米,無,90,0.0,78,歐特,商品特色 優質有機黃豆天然營養好滋味 嚴美國高品質食品級黃豆、非基因改造、為美國農業部分類 USNo.1 頂級黃豆、全程遵循有機栽培、出貨前經多重 測試檢驗、高潔淨度等級、原料通過有機驗證、蛋白質含量達 30% 以上、為豆製品生產業者的專業用豆、烹煮之後 散發天然的濃濃豆香、口感濃郁香醇、營養豐富好滋味. 商品介紹 ★無農藥殘留、不使用化學肥料 ★原料通過有機驗證 ★黃豆的營養成分主要是蛋白質、是素食者蛋白質的主要來源之一 產品內容物與規格說明 / 保固資訊 品名:歐特有機黃豆 內容物:非基因改造有機黃豆 食品添加物:無 淨重:450g 原產地:美國 有機驗證字號:1-009-210078 有機驗證機構:慈心有機驗證股份有限公司 保存期限:一年(未開封) 保存方式:請存放於陰涼乾燥處、開封後請冷藏或儘快食用完畢. 注意事項: 1.本產品含有大豆及其製品、不適合其過敏體質者食用. 2.本產品生產製程廠房、其設備或生產管線有處理堅果種子類、含有麩質的穀類、大豆及其製品. 3.內附脫氧劑請勿食用. 國內負責廠商資料 名稱:正原有機國際有限公司 電話:(02)2957-6628 食品業者登錄字號:F-180226959-00000-4 投保產品責任險字號:富邦產物保險 0500 字第 18AML0000545 號 &middot;產地:美國,無,https://s1.myqr.com.tw/newshop/177/TypeGoods?type2=5425&type1=5426&type0=5974&pageIndex=0&goodId=28599,歐特 慈心驗證 慈心認證 慈心有機驗證,https://pshop.myqr.com.tw/qrssimage/GoodsImage/66/66665.jpg?72
4712834520260,歐特有機綠豆/480g,常溫食品,五穀/豆類/米麵/乾貨,燕麥/五穀/玉米,無,150,0.0,14,歐特,來自純淨大地的天然食材 綠豆顆粒飽滿、色澤勻亮鮮綠、來自純淨遼闊的有機農場、甘甜潔淨的水質、豐饒肥沃的土壤、得天獨厚的天然 資源、給予農作物最豐富的大地滋養、搭配有機農法栽種、從種子篩選、生長採收到包裝出口、每一個環節都經 過層層把關、嚴密控管、原料並通過有機驗證、品質有保障. ★原料通過有機驗證 ★原料通過法國 ECOCERT 有機驗證、無農藥殘留、無化學添加 ★綠豆湯是家庭常備的夏季飲料、湯飲、作飯、磨粉都好用. 內容物:有機綠豆 食品添加物:無 淨重:480g 原產地:中國 有機驗證字號:TOC-P0110 有機驗證機構:慈心有機驗證股份有限公司 保存期限:一年(未開封) 保存方式:請存放於陰涼乾燥處、開封後請冷藏或儘快食用完畢. 注意事項: 1.本產品生產製程廠房、其設備或生產管線有處理堅果種子類、含有麩質的穀類、大豆及其製品. 2.內附脫氧劑請勿食用. 國內負責廠商資料 名稱:正原有機國際有限公司 電話:(02)2957-6628 食品業者登錄字號:F-180226959-00000-4 投保產品責任險字號:富邦產物保險 0500 字第 18AML0000545 號 產地:中國 抗暑綠豆沙 精選食材歐特有機綠豆、糖備料用具量杯、水、瓦斯爐 01 將綠豆洗淨之後、以綠豆:水、1:10.一杯綠豆、10 杯水的比例放入鍋中 02 開火滾、滾完之後熄火、蓋上鍋蓋悶 30 分鐘 03 再開火滾、滾完熄火悶 30 分鐘 04 依各人喜好加糖、完成!,無,https://s1.myqr.com.tw/newshop/177/TypeGoods?type2=5425&type1=5426&type0=5974&pageIndex=0&goodId=28603,歐特 慈心驗證 慈心認證 慈心有機驗證,https://pshop.myqr.com.tw/qrssimage/GoodsImage/66/66690.jpg?72
4712834520321,歐特有機蕎麥/500g,常溫食品,五穀/豆類/米麵/乾貨,燕麥/五穀/玉米,無,150,0.0,36,歐特,無麩質穀物含植物性蛋白質與膳食纖維 來自美國的有機蕎麥、含有豐富的蛋白質、與可溶性膳食纖維、可促進腸胃蠕動及消化、也是素食者補充蛋白質的良好來源. 蕎麥為無麩質穀物、對麩質過敏者也能安心食用.可以加入米飯或糙米、紫米等五穀雜糧、煮成雜糧飯或是將蕎麥用清水浸泡一夜、淘洗乾淨、同紅棗一同入鍋、加入適量清水.用大火煮沸後、再以文火煮至熟爛、加紅糖調味、即成美味的蕎麥紅棗粥. 原產地:美國 成份:有機蕎麥 保存期限:1 年 保存方式:請存放於陰涼乾燥處、開封後請儘快食用完畢 驗證單位:慈心有機驗證股份有限公司 驗證字號:TOC-P0110 【商品包裝外觀樣式色澤以實際出貨為準】 注意事項:內附脫氧劑請勿食用 產品內容物與規格說明 / 保固資訊 品名:歐特有機蕎麥 內容物:有機蕎麥 食品添加物:無 淨重:500g 原產地:波蘭 有機驗證字號:1-009-210078 有機驗證機構:慈心有機驗證股份有限公司 保存期限:一年(未開封) 保存方式:請存放於陰涼乾燥處、開封後請儘快食用完畢. 注意事項:內附脫氧劑請勿食用. 國內負責廠商資料 名稱:正原有機國際有限公司 電話:(02)2957-6628 食品業者登錄字號:F-180226959-00000-4 投保產品責任險字號:富邦產物保險 0500 字第 18AML0000545 號 產地:波蘭,無,https://s1.myqr.com.tw/newshop/177/TypeGoods?type2=5425&type1=5426&type0=5974&pageIndex=0&goodId=28604,歐特 慈心驗證 慈心認證 慈心有機驗證,https://pshop.myqr.com.tw/qrssimage/GoodsImage/66/66695.jpg?56
JE004,台灣日曬木茸/100g/200元*30,常溫食品,五穀/豆類/米麵/乾貨,烹調食材,無,200,0.0,16,長樂農場,●長樂農場嚴選鮮採台灣木耳 日曬後低溫乾燥製成 含豐富膠質、多醣等. ●乾木耳泡水膨脹後即可與其他食材搭配料理 清炒口感鮮脆 或加水、紅棗肉、黑糖打成黑木耳漿 煮熟後冷熱皆宜. ●表面如有白色粉體 不是發霉 是天然孢子粉層 浸泡時 水若呈粉紅色 是酵素反應 屬天然現象 請安心食用 ●保證不噴灑化學藥劑 成分:黑木耳 重量:100g 產地:台灣 保存期限:2 年(未開封) 保存方式:請存放於陰涼乾燥處 開封後請將袋密封好冷藏 注意:內含乾燥劑、請勿食用,無,https://s1.myqr.com.tw/newshop/177/TypeGoods?type2=5425&type1=5426&type0=5975&pageIndex=0&goodId=46347,無,https://pshop.myqr.com.tw/qrssimage/GoodsImage/128/128606.png?56
JE001,台灣日曬香菇/100g/336元*20,常溫食品,五穀/豆類/米麵/乾貨,烹調食材,無,336,0.0,16,長樂農場,本產品嚴選台灣新鮮無污染的香菇、日曬後以低溫乾燥收成(工程耗時)與一般直接乾燥不同. 成分規格 成分:長樂菇農香菇 內容量:100g 有效日期:標示於包裝上 產地:台灣,無,https://s1.myqr.com.tw/newshop/177/TypeGoods?type2=5425&type1=5426&type0=5975&pageIndex=0&goodId=46346,無,https://pshop.myqr.com.tw/qrssimage/GoodsImage/128/128607.jpg?92
4712304260801,白木耳/100g,常溫食品,五穀/豆類/米麵/乾貨,烹調食材,無,140,0.0,69,食鼎,無二氧化硫、無農藥殘留 成份:白木耳 規格:100 公克&plusmn;5 公克 保存期限:2 年 產地:中國 保存方法:保存請置放陰涼乾燥處、開封後請冷藏並儘快食用完畢 食用方式:將白木耳清洗、浸泡約 30 分鐘後即可直接蒸煮、可依個人喜好加入蓮子、紅棗及冰糖煮成甜湯. 營養標示: (每一份量 10 公克.本包裝含 10 份) 每份 熱量 33 大卡 蛋白質 0.8 公克 脂肪 0.2 公克 飽和脂肪酸 0.04 公克 反式脂肪酸 0 公克 碳水化合物 7.1 公克 糖 0.14 公克 鈉 2 毫克,無,https://s1.myqr.com.tw/newshop/177/TypeGoods?type2=5425&type1=5426&type0=5975&pageIndex=0&goodId=29389,無,https://pshop.myqr.com.tw/qrssimage/GoodsImage/69/69917.jpg?92
4710734003289,有機太白粉/220g,常溫食品,五穀/豆類/米麵/乾貨,烹調食材,無,115,0.0,98,龍口,商品品名:龍口有機太白粉 商品規格:220g/ 包 商品重(容)量:220g 商品成份:有機馬鈴薯澱粉 原產地(國):芬蘭 販售業者登錄字號:A-128852515-00000-4(天和鮮物股份有限公司) 製造廠商或國內負責廠商名稱:龍口食品企業股份有限公司 製造廠商或國內負責廠商地址:台北市大安區敦化南路一段 376 號 12 樓之 2 製造廠商或國內負責廠商電話:02-2325-8800 以消費者收受日算起、除特殊性商品(生鮮蔬果、烘焙麵包、現做便當、快閃優惠、特價優惠等商品)至少距有效日期前?日以上:30 天 【保存方式】避免日光直射、置於陰涼乾燥處、開封後請儘快食用完畢. 備註欄: 有效日期、商品成分及相關資訊以包裝上為主,無,https://s1.myqr.com.tw/newshop/177/TypeGoods?type2=5425&type1=5426&type0=5975&pageIndex=0&goodId=28802,龍口 有機認證,https://pshop.myqr.com.tw/qrssimage/GoodsImage/67/67717.png?28
4711175000943,有機香醇豆腐乳/300g,常溫食品,五穀/豆類/米麵/乾貨,烹調食材,無,195,0.0,18,味榮,大溪豆乳遠近馳名、本產品傳承大溪豆乳創製始祖六十年傳統釀製古法及獨家調味配方、並嚴選有機黃豆(非基因改造)為原料、配合傳統日曬技術、發酵出質地綿密、風味甘醇之豆乳聖品. 料理方式:拌飯麵、作菜烹調、美味調醬. ■箱入數:12 入 ■保存期限:24 月,無,https://s1.myqr.com.tw/newshop/177/TypeGoods?type2=5425&type1=5426&type0=5975&pageIndex=0&goodId=46148,味榮 有機認證,https://pshop.myqr.com.tw/qrssimage/GoodsImage/125/125613.jpeg?28
4710734007140,有機粉絲/175g,常溫食品,五穀/豆類/米麵/乾貨,烹調食材,無,115,0.0,58,龍口,★商品特色 龍口有機粉絲採用高品質有機馬鈴薯澱粉和有機綠豆澱粉製成、軟嫩 Q 彈 五分鐘快煮、全素可食、方便安心 通過歐盟、美國、中國、日本與台灣有機驗證 通過清真、潔食、無麩質驗證 內容物名稱 有機馬鈴薯澱粉、有機綠豆澱粉 內容量 175g 原產地(國) 台灣 保存期限 1095 日 廠商名稱 龍口食品企業股份有限公司 廠商電話 02-23258800 廠商地址 106 台北市大安區敦化南路一段 376 號 12 樓之 2 投保產品責任險字號 第一產物 1008 字第 09PR000298 號 食品業者登錄字號 N-107548308-00001-7,無,https://s1.myqr.com.tw/newshop/177/TypeGoods?type2=5425&type1=5426&type0=5975&pageIndex=0&goodId=46304,龍口 有機認證,https://pshop.myqr.com.tw/qrssimage/GoodsImage/126/126272.jpeg?12
4710734006815,有機粉絲/420g,常溫食品,五穀/豆類/米麵/乾貨,烹調食材,無,249,0.0,134,龍口,★商品特色 龍口有機粉絲採用高品質有機馬鈴薯澱粉和有機綠豆澱粉製成、軟嫩 Q 彈 五分鐘快煮、全素可食、方便安心 通過歐盟、美國、中國、日本與台灣有機驗證 通過清真、潔食、無麩質驗證 內容物名稱 有機馬鈴薯澱粉、有機綠豆澱粉 內容量 420g 原產地(國) 台灣 保存期限 1095 日 廠商名稱 龍口食品企業股份有限公司 廠商電話 02-23258800 廠商地址 106 台北市大安區敦化南路一段 376 號 12 樓之 2 投保產品責任險字號 第一產物 1008 字第 09PR000298 號 食品業者登錄字號 N-107548308-00001-7,無,https://s1.myqr.com.tw/newshop/177/TypeGoods?type2=5425&type1=5426&type0=5975&pageIndex=0&goodId=46303,龍口 有機認證,https://pshop.myqr.com.tw/qrssimage/GoodsImage/126/126271.jpeg?12
4711175005276,有機乾豆鼓/100g,常溫食品,五穀/豆類/米麵/乾貨,烹調食材,無,85,0.0,12,味榮,1.本產品精選大顆黑豆純釀洗滌蒸熟後、採天然發酵古法釀製而成. 2.天然無添加、素食可用. 3.黑豆本質營養豐富、又經天然發酵釀造、營養成分更容易吸收. 調理方式:蒸煮、拌炒. ex:苦瓜蒸豆豉、豆豉蒸排骨. 易出水的菜餚建議使用乾豆豉風味較香.口感較適合 備註說明:全素 產品不添加任何人工色素及防腐劑、開封後請冷藏、並請盡速食用完畢. 成份:有機黑豆(中國)(非基改)、鹽. 重量:100 公克 保存期限:2 年 有效日期:標示於包裝上 保存方式:開封後請置於冷藏. 產地:台灣 驗證機構:采園生態驗證有限公司 證書字號第 1-008-131106 ★營養標示 (每份 25 公克中含) 熱量 67 大卡 蛋白質 6 公克 脂肪 3 公克 飽和脂肪酸 0.4 公克 反式脂肪酸 0 公克 碳水化合物 4 公克 鈉 1769 毫克 ※營養標示數據若與包裝上略有差異時、以實際包裝上標示為準※ 有效日期 / 剩餘保存期限有效日期常更新、消費者收受之商品其有效日期至少距收受日 151 日以上 食品業者登錄字號 E-200126886-00000-4 國內負責廠商名稱味榮食品工業股份有限公司 國內負責廠商電話 04-25320279 國內負責廠商地址台中市豐原區西勢路 701 號,無,https://s1.myqr.com.tw/newshop/177/TypeGoods?type2=5425&type1=5426&type0=5975&pageIndex=0&goodId=28767,味榮 有機認證,https://pshop.myqr.com.tw/qrssimage/GoodsImage/67/67551.jpg?12
4711175006884,有機鳳梨豆鼓/280g,常溫食品,五穀/豆類/米麵/乾貨,烹調食材,無,165,0.0,2,味榮,成份:有機鳳梨(台灣)、有機黃豆(非基改).水、有機醬油、有機糖、蘋果酸 保存期限:2 年 保存方法:常溫、開封後請冷藏 內容量:280 公克 固形量:165 公克 產地:台灣 有機驗證單位:采園生態驗證公司有機驗證字號:1-008-131106 ※營養標示數據若與包裝上略有差異時、以實際包裝上標示為準※ 有效日期 / 剩餘保存期限有效日期常更新、消費者收受之商品其有效日期至少距收受日 151 日以上 食品業者登錄字號 E-200126886-00000-4 國內負責廠商名稱味榮食品工業股份有限公司 國內負責廠商電話 04-25320279 國內負責廠商地址台中市豐原區西勢路 701 號,無,https://s1.myqr.com.tw/newshop/177/TypeGoods?type2=5425&type1=5426&type0=5975&pageIndex=0&goodId=28764,味榮 有機認證,https://pshop.myqr.com.tw/qrssimage/GoodsImage/71/71267.jpeg?47
4710734007171,有機寬粉/175g,常溫食品,五穀/豆類/米麵/乾貨,烹調食材,無,115,0.0,231,龍口,商品特色 ★通過多國有機驗證 ★榮獲 iTi 國際風味評鑑大獎 ★高品質有機寬粉彈牙帶勁 ★五把裝小家庭料理方便 規格 175g╱包 成份 有機馬鈴薯澱粉、有機綠豆澱粉 供應商名稱 龍口食品企業股份有限公司 供應商電話 02-23258800 供應商地址 台北市敦化南路一段 376 號 12 樓之 2 原產地 台灣 保存期限 3 年,無,https://s1.myqr.com.tw/newshop/177/TypeGoods?type2=5425&type1=5426&type0=5975&pageIndex=0&goodId=46305,龍口 有機認證,https://pshop.myqr.com.tw/qrssimage/GoodsImage/126/126273.jpg?47
4711175005283,有機濕豆鼓/200g,常溫食品,五穀/豆類/米麵/乾貨,烹調食材,無,110,0.0,15,味榮,品名:有機濕豆鼓 原料:有機黑豆(中國)、有機砂糖(巴西)、水、鹽、甘草 內容量:200 公克 保存期限:2 年 保存方式:開封後請冷藏 產地:台灣 營養標示每一份量 25 公克本包裝含 8 份 每份每 100 公克 熱量 66 大卡 264 大卡 蛋白質 4 公克 16 公克 脂肪 2 公克 8 公克 飽和脂肪 0.3 公克 1.2 公克 反式脂肪 0 公克 0 公克 碳水化合物 8 公克 32 公克 糖 5 公克 20 公克 鈉 1370 毫克 5480 毫克 味榮食品工業股份有限公司 04-2532-0279 台中市豐原區西勢路號 701 采園生態驗證有限公司 驗證證書字號號:EG131106P1Z,無,https://s1.myqr.com.tw/newshop/177/TypeGoods?type2=5425&type1=5426&type0=5975&pageIndex=0&goodId=28769,味榮 有機認證,https://pshop.myqr.com.tw/qrssimage/GoodsImage/67/67561.jpg?83
4714379951660,米森有機中筋麵粉/500g,常溫食品,五穀/豆類/米麵/乾貨,烹調食材,無,145,0.0,4,米森,商品特色 &middot;無添加防腐劑、人工香料及色素 &middot;來自芬蘭有機農場作物、有機農法種植栽培 &middot;無二氧化硫蒸薰 &middot;銷售重點 &middot;米森芬蘭有機中筋麵粉 &middot;嚴選有機食品、完全採用有機農法種植作物、不使用農藥、化學肥料及任何人工添加物、完整保留有機食品的天然成份. &middot;有機農法:從嚴格選種開始、到淨化土壤的管理、使大地不受重金屬、化肥、農藥、及除草劑的汙染、給予人們無汙染及最有生命力的作物、 &middot;使身體遠離現代精緻飲食及化學添加物所帶來的負擔. 產品內容物與規格說明 / 保固資訊 1.品名:【米森】有機中筋麵粉 500g 2.淨重、容量:500g 3.食品添加物名稱:無 4.原產地(國):美國 5.保存期限:12 個月(未開封前) 6.廠商名稱:青荷國際有限公司 電話:03-359-4557 地址:桃園市龜山區振興路 1165-1 號 驗證單位 慈心有機驗證股份有限公司 有機農產品驗證證書字號 1-009-210002 食用方法: 有機麵條 / 饅頭 / 蛋糕 中筋通用麵粉的蛋白質含量 11% 以上未滿 13.5%、常使用於製作麵條、饅頭、包子及點心.,無,https://s1.myqr.com.tw/newshop/177/TypeGoods?type2=5425&type1=5426&type0=5975&pageIndex=0&goodId=28566,青荷 慈心驗證 慈心認證 慈心有機驗證,https://pshop.myqr.com.tw/qrssimage/GoodsImage/66/66405.jpg?67
4714379951646,米森有機全麥麵粉/500g,常溫食品,五穀/豆類/米麵/乾貨,烹調食材,無,145,0.0,11,米森,產品特色 『青荷有機芬蘭全麥麵粉』 - 嚴選有機食品、完全採用有機農法種植作物、不使用農藥、化學肥料及任何人工添加物、完整保留有機食品的天然成份、照顧全家人的身體、也愛護地球的每一寸土地. - 採用有機農法、回歸大地最純淨的生命力為宗旨!從嚴格選種開始、到淨化土壤的管理、使大地不受重金屬、化肥、農藥、及除草劑的汙染、給予人們無汙染及最有生命力的作物、使身體遠離現代精緻飲食及化學添加物所帶來的負擔. 原料:有機全麥麵粉 驗證單位:慈心有機驗證股份有限公司 有機農產品驗證證書字號:TOC-P0002 規格:500 公克 保存期限:12 個月(未開封前) 保存方式:避免日光直射、置於陰涼乾燥處、開封後請冷藏並請儘快食用完畢 原產地:芬蘭 【營養標示】 每一份量 50 公克、本包裝含 10 份 每份 每 100 公克 熱量 158 大卡 315 大卡 蛋白質 6 公克 12 公克 脂肪 1.5 公克 3.0 公克 飽和脂肪 0.3 公克 0.6 公克 反式脂肪 0.0 公克 0.0 公克 碳水化合物 30 公克 60 公克 糖 0.4 公克 0.8 公克 鈉 0 毫克 0 毫克 ※營養標示數據若與包裝上略有差異時、以實際包裝上標示為準.,無,https://s1.myqr.com.tw/newshop/177/TypeGoods?type2=5425&type1=5426&type0=5975&pageIndex=0&goodId=28567,青荷 慈心驗證 慈心認證 慈心有機驗證,https://pshop.myqr.com.tw/qrssimage/GoodsImage/66/66410.jpg?67
4714379951653,米森有機高筋麵粉/500g,常溫食品,五穀/豆類/米麵/乾貨,烹調食材,無,175,0.0,48,米森,?嚴選有機食品、完全採用有機農法種植作物、不使用農藥、化學肥料及任何人工添加物、 完整保留有機食品的天然成份、照顧全家人的身體、也愛護地球的每一寸土地. ?有機農法:回歸大地最純淨的生命力為宗旨!從嚴格選種開始、到淨化土壤的管理、 使大地不受重金屬、化肥、農藥、及除草劑的汙染、給予人們無汙染及最有生命力的作物、使身體遠離現代精緻飲食及化學添加物所帶來的負擔. 品名:米森芬蘭有機高筋麵粉 原料:有機高筋麵粉 驗證單位:慈心有機驗證股份有限公司 有機農產品驗證證書字號:TOC-P0002 廠商名稱:青荷國際有限公司 電話:03-359-4557 地址:桃園市龜山區振興路 1165-1 號 規格:500 公克 保存期限:12 個月(未開封前) 保存方式:避免日光直射、置於陰涼乾燥處、開封後請儘快食用完畢 原產地:芬蘭,無,https://s1.myqr.com.tw/newshop/177/TypeGoods?type2=5425&type1=5426&type0=5975&pageIndex=0&goodId=28565,青荷 慈心驗證 慈心認證 慈心有機驗證,https://pshop.myqr.com.tw/qrssimage/GoodsImage/66/66400.jpg?3
4710734007713,春雨坊酸菜粉絲/60.5g*24入,常溫食品,五穀/豆類/米麵/乾貨,烹調食材,無,842,0.0,180,龍口,品名:春雨坊酸菜粉絲 成份: 【粉絲】馬鈴薯澱粉、綠豆澱粉 【醬包】水、酸白菜(大白菜、鹽、檸檬酸、酵母抽出物、乳酸鈣)、食鹽、蘿蔔、釀造醋(水、糯米、釀造酒精)、調味劑(胺基乙酸、DL- 胺基丙酸、5&#39;- 次黃嘌呤核?磷酸二鈉、5&#39;- 鳥嘌呤核?磷酸二鈉)、砂糖、釀造醬油(水、非基改黃豆、小麥、食鹽、酒精)、大豆油、蘋果濃縮汁、酵母粉(酵母抽出物、麥芽糊精)、香辛料(辣椒、薑、胡椒)、白醋粉(糊精、釀造醋、食鹽、碳酸鈉)、昆布精(昆布抽出液、麥芽糖醇糖漿、食鹽、酒精、玉米糖膠)、玉米糖膠 【蔬菜粉包】紅蘿蔔、高麗菜 淨重:60.5 公克、2.13 盎司 保存期限:1 年 有效日期:標示於包裝(西元年 / 月 / 日) 保存條件:常溫保存、避免日光直接照射 產地:台灣 本產品為【全素】 【過敏原資訊】本產品含有麩質的穀類、大豆及其製品、不適合對其過敏體質者食用.生產製程廠房、其設備及其生產管線有處理甲殼類、芒果、花生、奶類、蛋、芝麻、堅果、含麩質穀物、大豆、魚類、亞硫酸鹽類等及其製品.,無,https://s1.myqr.com.tw/newshop/177/TypeGoods?type2=5425&type1=5426&type0=5975&pageIndex=0&goodId=46306,無,https://pshop.myqr.com.tw/qrssimage/GoodsImage/126/126274.jpeg?3
4715351710022,素食咖哩/220g,常溫食品,五穀/豆類/米麵/乾貨,烹調食材,無,99,0.0,109,穀盛,★商品特色 不添加味素、純素 香郁濃口的素食咖哩 健康美味、適合全家享用 ★商品規格 220 公克 ★商品成分 麵粉、棕櫚油、鹽、糖、純素咖哩粉(薑黃粉、胡荽、茴香、荳蔻、丁香、胡椒、肉桂)、蘋果汁、酵母抽出物、紅麴、精選肉桂、丁香、薑黃、荳蔻等數十種養生香辛料調製的咖哩、葷素皆宜、香味特殊、方便美味. ★保存期限 2 年 ★生產國 台灣 ★營養標示 每 100 公克 ̇熱量 --------------479 大卡 ̇蛋白質 --------------5.2 公克 ̇脂肪 --------------32.9 公克 &gt;&gt;飽和脂肪 --------------14.1 公克 &gt;&gt;反式脂肪 --------------0 公克 ̇碳水化合物 --------------40.4 公克 ̇鈉 --------------3899 毫克 營養標示數據若與包裝上略有差異時、以實際包裝上標示為準 ★廠商名稱 穀盛股份有限公司 ★廠商電話 02-2771-7166 ★廠商地址 新北市林口區麗園二街 58 號,無,https://s1.myqr.com.tw/newshop/177/TypeGoods?type2=5425&type1=5426&type0=5975&pageIndex=0&goodId=29784,無,https://pshop.myqr.com.tw/qrssimage/GoodsImage/71/71346.jpg?3
4719859741823,康健生機-十全藥膳燉包/30g*2入,常溫食品,五穀/豆類/米麵/乾貨,烹調食材,無,130,0.0,28,有機園,商品介紹 原片食材、專業細切 四季溫補、全家適用 營養素釋放快速、省時方便 藥材嚴選、品質保障 經檢驗合格的食品級包材小包裝、安全衛生又方便. 快速燉煮省時方便、慢熬食材更加入味、速燉慢熬兩相宜! 成份:茯苓、白?、人蔘、熟地、白芍、甘草、黃耆、肉桂、當歸、川芎、薑、紅棗、枸杞. 淨重:60g(30g/ 包 x2) 調理方法: 1.鍋中加入清水與燉包(約 500-750ml/1 包、1000-1500ml/2 包) 2.可選擇加入葷或素食食材(請先清洗略為川燙). 3.(A)使用電鍋時、外鍋 2 杯水、開關跳起時、略燜 10 分鐘. (B)直火燉煮時、水滾後轉小火燜煮約 15 分鐘. (C)起鍋前、可依喜好加入食鹽或其他調味料、或添加少許米酒增添風味. 過敏原資訊:本產品生產製程廠房、其設備或生產管線有處理堅果、大豆、含麩質之穀物、芝麻製品. 孕婦請洽詢醫師建議、確認能否食用.子宮肌瘤患者不宜食用. 產地:台灣(公司貨),無,https://s1.myqr.com.tw/newshop/177/TypeGoods?type2=5425&type1=5426&type0=5975&pageIndex=0&goodId=46229,無,https://pshop.myqr.com.tw/qrssimage/GoodsImage/125/125991.jpeg?86
4719859741816,康健生機-四物藥膳燉包/30g*2入,常溫食品,五穀/豆類/米麵/乾貨,烹調食材,無,130,0.0,22,有機園,商品介紹 原片食材、專業細切 四季溫補、全家適用 營養素釋放快速、省時方便 藥材嚴選、品質保障 經檢驗合格的食品級包材小包裝、安全衛生又方便. 快速燉煮省時方便、慢熬食材更加入味、速燉慢熬兩相宜! 成份:熟地、白芍、當歸、川芎、枸杞. 淨重:60g(30g/ 包 x2) 調理方法: 1.鍋中加入清水與燉包(約 500-750ml/1 包、1000-1500ml/2 包) 2.可選擇加入葷或素食食材(請先清洗略為川燙). 3.(A)使用電鍋時、外鍋 2 杯水、開關跳起時、略燜 10 分鐘. (B)直火燉煮時、水滾後轉小火燜煮約 15 分鐘. (C)起鍋前、可依喜好加入食鹽或其他調味料、或添加少許米酒增添風味. 過敏原資訊:本產品生產製程廠房、其設備或生產管線有處理堅果、大豆、含麩質之穀物、芝麻製品. 孕婦請洽詢醫師建議、確認能否食用.子宮肌瘤患者不宜食用. 產地:台灣(公司貨),無,https://s1.myqr.com.tw/newshop/177/TypeGoods?type2=5425&type1=5426&type0=5975&pageIndex=0&goodId=46228,無,https://pshop.myqr.com.tw/qrssimage/GoodsImage/125/125990.jpeg?86
4719859741854,康健生機-甘麥大棗藥膳燉包/30g*2入,常溫食品,五穀/豆類/米麵/乾貨,烹調食材,無,130,0.0,2,有機園,商品介紹 原片食材、專業細切 四季溫補、全家適用 營養素釋放快速、省時方便 藥材嚴選、品質保障 經檢驗合格的食品級包材小包裝、安全衛生又方便. 快速燉煮省時方便、慢熬食材更加入味、速燉慢熬兩相宜! 成份:浮小麥、紅棗、甘草、枸杞. 淨重:60g(30g/ 包 x2) 調理方法: 1.鍋中加入清水與燉包(約 500-750ml/1 包、1000-1500ml/2 包) 2.可選擇加入葷或素食食材(請先清洗略為川燙). 3.(A)使用電鍋時、外鍋 2 杯水、開關跳起時、略燜 10 分鐘. (B)直火燉煮時、水滾後轉小火燜煮約 15 分鐘. (C)起鍋前、可依喜好加入食鹽或其他調味料、或添加少許米酒增添風味. 過敏原資訊:本產品生產製程廠房、其設備或生產管線有處理堅果、大豆、含麩質之穀物、芝麻製品. 孕婦請洽詢醫師建議、確認能否食用.子宮肌瘤患者不宜食用. 產地:台灣(公司貨),無,https://s1.myqr.com.tw/newshop/177/TypeGoods?type2=5425&type1=5426&type0=5975&pageIndex=0&goodId=46230,無,https://pshop.myqr.com.tw/qrssimage/GoodsImage/125/125998.jpeg?23
4719859741519,康健生機-肉骨茶藥膳燉包/30g*2入,常溫食品,五穀/豆類/米麵/乾貨,烹調食材,無,130,0.0,34,有機園,有著溫陽禦寒的特性、增進體內防護力、維持正常的基礎代謝. ★選用了原片食材、經專業細切處理、適合四季溫補、全家使用. ★每 30 克加入 500 毫升水進行燉煮、適合忙碌的現代生活、想要補充能量或是享受美味的人士、是一個絕佳的選擇. ★特殊疾病及孕婦、在使用前應詢問醫生建議並確定能否使用. 容量 60g 克 商品來源國家 台灣 國內負責廠商名稱 有幾園生物科技 製造商地址 台中市梧棲區港埠路一段 537 號 保存天數 18 月 保存方式 請置於陰涼乾燥處避免陽光直射、開封後請儘速食用完畢.孕婦請洽詢醫師後使用.本產品生產製程廠房、其設備或生產管線有處理堅果、大豆、含麩質之穀物、芝麻製品 保存溫層 常溫 應免稅 應稅,無,https://s1.myqr.com.tw/newshop/177/TypeGoods?type2=5425&type1=5426&type0=5975&pageIndex=0&goodId=46227,有機園 有機認證,https://pshop.myqr.com.tw/qrssimage/GoodsImage/125/125987.jpg?23
4719859746088,康健海帶芽/100g,常溫食品,五穀/豆類/米麵/乾貨,烹調食材,無,150,0.0,7,有機園,★來自深海超嫩海帶芽 ★健康又美味 含有海藻酸、海藻多醣、碘等成份、及食物纖維質、對身體健康很有助益 成份:海帶芽 規格:100g/ 包 產地:中國 保存期限:18 個月 保存方式:避免陽光直射、請放置陰涼乾燥處、開封後請冷藏. 食用方式: 海帶芽比海帶容易煮食、海帶芽的食用法可涼拌、紅燒、炒食、煮湯等任何烹調方式均適宜.,無,https://s1.myqr.com.tw/newshop/177/TypeGoods?type2=5425&type1=5426&type0=5975&pageIndex=0&goodId=29233,無,https://pshop.myqr.com.tw/qrssimage/GoodsImage/69/69016.jpg?23
4715351710015,速食咖哩--中辣/220g,常溫食品,五穀/豆類/米麵/乾貨,烹調食材,無,99,0.0,42,穀盛,香郁濃口的速食咖哩、是精選肉桂、丁香、薑黃、茴香、荳蔻、胡椒.等數十種天然香辛料、 依黃金比例獨特配方添加優質紅麴調製而成、無添加味素方便料理、健康美味、適合全家享用. 食品資訊 品名: 速食咖哩(中辣口味 / 不添加味素) 原料: 麵粉、棕櫚油、鹽、糖、咖哩粉、蘋果汁、紅麴、薑黃、胡椒、酵母抽出物、調味劑(胺基乙酸、DL- 胺基丙酸、琥珀酸二鈉、5&#39;- 次黃嘌呤核?酸磷酸二鈉)、香料、蒜粉、洋蔥 內容量: 220g 食品添加物名稱: 無 廠商名稱: 榖盛股份有限公司 廠商電話號碼: 0800-089-123 廠商地址: 嘉義縣民雄工業區中正路 36 號 原產地(國): 台灣 保存期限: 2 年 製造 / 有效日期: 標示於包裝上 營養標示 包裝份量: 每一份量 18.3 公克、本包裝含 12 份. 營養成份: 熱量:479 大卡 蛋白質:5.2 公克 脂肪:32.9 公克 飽和脂肪:14.1 公克 反式脂肪:0 公克 碳水化合物:40.4 公克 糖:5.2 公克 鈉:3899.0 毫克,無,https://s1.myqr.com.tw/newshop/177/TypeGoods?type2=5425&type1=5426&type0=5975&pageIndex=0&goodId=29783,無,https://pshop.myqr.com.tw/qrssimage/GoodsImage/71/71342.jpg?58
4715351710060,速食綠咖哩/220g,常溫食品,五穀/豆類/米麵/乾貨,烹調食材,無,99,0.0,86,穀盛,速食綠咖哩 GreenCurry 以日式咖哩技術、呈現泰式咖哩風味. 具多層次泰式香料風味的榖盛速食綠咖哩、係由香茅、萊姆葉、南薑、白胡椒、綠辣椒、胡荽、茴香、薑黃等數十種天然香辛料調製而成. 天然健康、不含防腐劑及人工色素. 葷素料理、只需準備簡單在地食材、洋蔥、馬鈴薯、紅蘿蔔、茄子、蘑菇、雞肉、魚肉&hellip;隨個人口味喜好天加椰奶炒香、九層塔提味、 輕輕鬆鬆就能在家享受健康美味的綠咖哩大餐. 原料:棕櫚油、麵粉、鹽、糖、綠咖哩粉(香茅、萊姆葉、南薑、白胡椒、綠辣椒、胡荽、小茴香、薑黃)、蘋果汁、椰漿粉、酵母抽出物、柳橙汁、紅蔥粉、蒜粉、洋蔥汁 Ingredient:PalmOil Flour Salt Sugar GreenCurryPowder(LemonGrass KaffirLimeLeaves Galangal WhitePepper GreenChili Coriander Cumin Turmeric) AppleJuice CoconutMilk YeastExtract OrangeJuice ShallotPowder GarlicPowder OnionJuice.,無,https://s1.myqr.com.tw/newshop/177/TypeGoods?type2=5425&type1=5426&type0=5975&pageIndex=0&goodId=46337,無,https://pshop.myqr.com.tw/qrssimage/GoodsImage/126/126315.jpg?58
4712304260573,腐竹/200g,常溫食品,五穀/豆類/米麵/乾貨,烹調食材,無,140,0.0,49,食鼎,食鼎腐竹 / 豆皮(純素) 1 包 200 公克 非油炸、使用非基因改造黃豆,無,https://s1.myqr.com.tw/newshop/177/TypeGoods?type2=5425&type1=5426&type0=5975&pageIndex=0&goodId=29390,無,https://pshop.myqr.com.tw/qrssimage/GoodsImage/69/69920.jpg?58
4713445623111,酸菜/300g,常溫食品,五穀/豆類/米麵/乾貨,烹調食材,無,47,0.0,5,大埤農會,產品說明 酸菜(300 克) 酸菜是大埤鄉名聞遐邇的特產、濃郁的酸香、口感脆嫩又開胃、百分百在地製作、新鮮高品質真空包裝、便利衛生. 酸菜鴨湯是必嚐美味!清炒爽脆開胃、簡單入菜料理超美味!歡迎訂購嚐鮮喔!,無,https://s1.myqr.com.tw/newshop/177/TypeGoods?type2=5425&type1=5426&type0=5975&pageIndex=0&goodId=29876,無,https://pshop.myqr.com.tw/qrssimage/GoodsImage/71/71635.jpg?42
4715351710053,蘋果速食咖哩/220g,常溫食品,五穀/豆類/米麵/乾貨,烹調食材,無,99,0.0,66,穀盛,商品特色 ◆精選數種香辛料再添加紅麴調製而成、方便料理、甘甜順口、適合全家人享用 ◆本產品係精選數種香辛料、依黃金比例之獨特配方所調配的咖哩粉、再添加蘋果汁調製而成、方便料理、甘甜順口、適合全家享用 ◆無添加防腐劑、人工色素及味素、請儲放於陰涼處、開封後請密封冷藏 品名:蘋果速食咖哩(甘味) 原料:棕櫚油、棕櫚油、糖、鹽、咖哩粉(薑黃粉、胡荽、茴香、荳蔻、丁香、胡椒、肉桂)、蘋果汁、酵母抽出物、紅麴、蒜粉、洋蔥. 內容量:220g 作法: 1.將材料切成適當大小. 2.用油炒香所有材料. 3.加水煮滾後(浮油撈除)、以中小火燉煮至材料熟軟(約 20 分鐘). 4.咖哩剝成小塊入鍋、再以微火攪拌溶化至稠糊即可食用. 營養標示:(每 100 公克) 熱量 499.3 大卡 蛋白質 6.6 公克 脂肪 32.1 公克 飽和脂肪 20.4 公克 反式脂肪 0 公克 碳水化合物 46.0 公克 糖 13.7 公克 鈉 4950.毫克,無,https://s1.myqr.com.tw/newshop/177/TypeGoods?type2=5425&type1=5426&type0=5975&pageIndex=0&goodId=29786,無,https://pshop.myqr.com.tw/qrssimage/GoodsImage/71/71351.jpg?42
4024297150121,Naturata天然海鹽/500g,常溫食品,調味/醬料/醬菜,醬油/味噌/糖,無,135,0.0,63,自然生活,產品簡述: 採用日曬製鹽工法、保留海水中微量元素.未精製、未漂白、不添加抗結塊劑. 產品特色: *來自葡萄牙的純淨 ALGARVE 海岸區、無污染的海域和陽光普照的氣候.用天然的黏土池收集海水、太陽曬乾後的海鹽以手工方式過篩 *不使用任何化學方式來處理、含有天然完整成分、取得的天然海鹽再研磨成細鹽裝入袋中 *未人工添加碘 *經檢驗不含重金屬、塑化劑 產品介紹: 日曬海鹽除氯化鈉之外、保留了海水中的微量元素(鉀、鈣、鎂).細細品嘗會發現除了鹹味之外、還有一絲甘甜、酌量添加於料理中更能帶出食物原始的風味、讓料理層次更加豐富. 規格說明: 成分:100% 天然海鹽 原產地:葡萄牙 使用方法:適合各式烹飪調理烘培及清潔用途 保存方法:請存放於乾燥處、預防結塊 容量:500 公克 保存期限:60 個月,無,https://s1.myqr.com.tw/newshop/177/TypeGoods?type2=5425&type1=5958&type0=5976&pageIndex=0&goodId=29372,無,https://pshop.myqr.com.tw/qrssimage/GoodsImage/69/69869.jpg?77
4715351602501,XO糯米醋/600ml,常溫食品,調味/醬料/醬菜,醬油/味噌/糖,無,100,0.0,14,穀盛,保留日式傳統風味 滴滴香醇、天然美味 通過多項認證 60 年秉持專業 如何分辨好酢 市面上的食用酢種類琳瑯滿目、味道雖然相似、但未必每種都是好酢有益健康.依「製法」來分、大致可區分為「釀造酢」與「合成酢」兩種.而釀造酢在製程中會產生自然醱酵、真正有助益人體健康.本公司生產天然純釀的「釀造酢」、依原料不同可區分為: 以糯米為原料 --- 糯米酢、穀香米酢 以糯米、麥芽為原料 --- 陳年酢 以水果(果汁)為原料 --- 紅酢、蘋果酢 在購買時務必注意包裝上的標示是否為純釀造、並認明廠商或產品是否符合優良食品認証標準、如此就可安心食用好酢. 製作流程 原料&rarr;清洗&rarr;蒸煮&rarr;糖化&rarr;醱酵&rarr;過濾&rarr;酢酸醱酵&rarr;熟成&rarr;過濾&rarr;殺菌&rarr;充填&rarr;貼標&rarr;成品. 產品內容 成份:水、糯米、米麴 重量:600 毫升 保存期限:3 年 有效日期:標示於包裝上 保存方式:請勿存放於高溫、潮濕或日光可直接照射的地方 產地:台灣 營養標示 每一份量 100 毫升本包裝含 6 份 熱量 5.6 公克 蛋白質 0.4 公克 脂肪 0.0 公克 飽和脂肪 0.0 公克 反式脂肪 0.0 公克 碳水化合物 1.0 公克 糖 0 公克 鈉 3.0 毫克,無,https://s1.myqr.com.tw/newshop/177/TypeGoods?type2=5425&type1=5958&type0=5976&pageIndex=0&goodId=29788,無,https://pshop.myqr.com.tw/qrssimage/GoodsImage/71/71358.jpg?77
4711923800153,千歲紅麴/180g,常溫食品,調味/醬料/醬菜,醬油/味噌/糖,無,140,0.0,0,桃米泉,1、遵循古法祖傳秘釀、自然發酵、甘醇、天然、滋養、絕無添加化學添加物、色素、安定劑、防腐劑、完整保留有機食品的天然營養. 2、依循純天然古法釀造的有機醬料、經過一麴二粕三熬、自行培養麴菌、製造種菌、原物料經過蒸煮加入麴菌、等原物料發酵、入甕前必須翻麴、放入大甕後靜置熟成、費工費時的純釀醬料、提供最安全健康的選擇. 製作成分:水、糯米(台灣)、紅麴(台灣). 規格說明 原料:水、糯米(台灣)、紅麴(台灣) 容量:180g 保存期限:二年(未開封放置陰涼處、開封需冷藏) 產地:臺灣南投,無,https://s1.myqr.com.tw/newshop/177/TypeGoods?type2=5425&type1=5958&type0=5976&pageIndex=0&goodId=47366,甘瓏 有機認證,https://pshop.myqr.com.tw/qrssimage/GoodsImage/128/128709.jpg?77
4719854180689,川田佳竹鹽蔬果調味料/150g,常溫食品,調味/醬料/醬菜,醬油/味噌/糖,無,200,0.0,56,川田佳,竹鹽 --「黃金?鹽」 竹鹽是什麼? 竹鹽起源於韓國寺院、為韓國貴族傳統養生食鹽.天日鹽經過竹筒反覆燒烤和吸取黃土的營養後、不僅將鹽中的有毒物質和對人體有害的重金屬去除之外、竹鹽中含有的鉀、鈣、鎂、鐵、磷、硫磺等含量都變得相當的高.由於竹鹽對身體的益處、因此被韓國人視為天上掉下來的禮物. 竹鹽的產生? 將無污染的海鹽放進竹筒內、用清淨紅土封口、以松樹做燃料、每次燒烤八個小時、如此作法重複三次即是三烤竹鹽、重複九次就稱為九烤竹鹽、竹鹽吸收松樹、竹子、紅土的成份、產生人體必需要的重要營養素. 如此複雜工法的好處是可以將鹽中重金屬濾掉、同時吸取竹子本身豐富的礦物質及微量元素、增進對身體的益處. 保留蔬果的天然風味搭配美食最對味 .利用藥廠萃取中草藥的的技術、結合韓國頂級三回烤竹鹽與台灣產銷班的新鮮蔬果製成 .台灣新鮮的蔬果調味結合竹鹽、以完美的比例濃縮萃取造粒出天然、多層次的清淡的口感 川田佳體貼現代主婦追求天然美味的料理、給予下一代健康美味新觀念、推出健康美味廚房好幫手系列、讓忙碌的主婦輕鬆接觸原味與純淨的食品. 規格:150g 成分:竹鹽、蔬果萃取物(海苔、松茸、高麗菜、紅蘿蔔、玉米、香菇) 使用方法:舀取適量蔬果調味在料理菜或湯即可 用途:提昇料理美味 保存期限:一年 產地:台灣 營養標示:如圖,無,https://s1.myqr.com.tw/newshop/177/TypeGoods?type2=5425&type1=5958&type0=5976&pageIndex=0&goodId=29867,無,https://pshop.myqr.com.tw/qrssimage/GoodsImage/71/71620.jpg?14
4710918381462,天然昆布醬油/500ml,常溫食品,調味/醬料/醬菜,醬油/味噌/糖,500ml,185,0.0,186,喜樂之泉,絕不添加防腐劑、安定劑、色素 成份:水、蔗糖、非基因改造黃豆粒、小麥、昆布、香菇、酵母抽出物、甘草 規格:500ml 保存期限:2 年(未開封) 產地:台灣過敏原:本產品含黃豆、小麥 營養標示:(每一份量 10 毫升本包裝含 50 份 / 每份) 熱量 11.7 大卡 蛋白質 0.4 公克 脂肪 0 公克 飽和脂肪 0 公克 反式脂肪 0 公克 碳水化合物 2.5 公克 糖 1.8 公克 鈉 181.4 毫克,無,https://s1.myqr.com.tw/newshop/177/TypeGoods?type2=5425&type1=5958&type0=5976&pageIndex=0&goodId=35111,無,https://pshop.myqr.com.tw/qrssimage/GoodsImage/85/85031.png?14
4710918381950,天然香菇黑豆蔭油/130ml,常溫食品,調味/醬料/醬菜,醬油/味噌/糖,無,98,0.0,96,喜樂之泉,喜樂 - 香菇黑豆醬油 130ml/ 瓶 廚房不可或缺的調味品.無論是用來炒菜、滷製、還是作為蘸料、都能為食物增添層次和獨特的香氣、讓你的料理更加出色. 成分:水、天然黑豆粒、蔗糖、南極日曬海鹽、香菇、昆布、酵母抽出物、甘草 商品規格:130ml 保存期限:香菇黑豆蔭油 /24 個月;海山醬 /18 個月 產地:台灣 葷素別:純素,無,https://s1.myqr.com.tw/newshop/177/TypeGoods?type2=5425&type1=5958&type0=5976&pageIndex=0&goodId=47349,無,https://pshop.myqr.com.tw/qrssimage/GoodsImage/128/128677.png?97
4710918381912,天然素蠔油/130ml,常溫食品,調味/醬料/醬菜,醬油/味噌/糖,無,98,0.0,0,喜樂之泉,黃豆系列製程採用整顆非基因改造黃豆 豆麥低?冷藏保鮮 定期檢驗黃?、赭?毒素 採用澳洲 cheetham 日曬海鹽 180 天純天然?造醬汁 ?通過農藥檢測合格 ?絕不添加防腐劑、安定劑、色素 品名:【喜樂之泉】素蠔油 ●原料:水、非基改黃豆粒、小麥、蔗糖、Cheetham 日曬海鹽、糯米、香菇抽出物(日本靜岡)、北海道真昆布濃縮抽出物(日本靜岡)、酵母抽出物 ●內容量:130ml/ 瓶 ●保存期限:2 年(未開封) ●有效期限:標示於包裝(西元年月日) ●產地:台灣 ●過敏原:本產品含有黃豆、小麥,無,https://s1.myqr.com.tw/newshop/177/TypeGoods?type2=5425&type1=5958&type0=5976&pageIndex=0&goodId=47336,無,https://pshop.myqr.com.tw/qrssimage/GoodsImage/128/128631.png?97
4710918382797,天然素蠔油/500ml,常溫食品,調味/醬料/醬菜,醬油/味噌/糖,500ml,185,0.0,282,喜樂之泉,黃豆系列製程採用整顆非基因改造黃豆 豆麥低?冷藏保鮮 定期檢驗黃?、赭?毒素 採用澳洲 cheetham 日曬海鹽 180 天純天然?造醬汁 無酒精、防腐劑、色素 品名:【喜樂甘露】素蠔油 ●規格:500ml/ 瓶 ●保存期限:2 年(未開封) ●原料:水、非基改黃豆粒、小麥、蔗糖、Cheetham 日曬海鹽、糯米、香菇抽出物(日本靜岡)、北海道真昆布濃縮抽出物(日本靜岡)、酵母抽出物 有效日期 / 剩餘保存期限有效日期常更新、消費者收受之商品其有效日期至少距收受日 151 日以上 食品業者登錄字號 E-200173519-00000-9 國內負責廠商名稱喜樂之泉股份有限公司 國內負責廠商電話 04-8730365 國內負責廠商地址彰化縣社頭鄉善德巷 45 號 產品責任險字第 05ML000375 號,無,https://s1.myqr.com.tw/newshop/177/TypeGoods?type2=5425&type1=5958&type0=5976&pageIndex=0&goodId=29705,無,https://pshop.myqr.com.tw/qrssimage/GoodsImage/71/71055.jpg?97
4710918381905,天然黃豆醬油/130ml,常溫食品,調味/醬料/醬菜,醬油/味噌/糖,無,98,0.0,28,喜樂之泉,品名:【喜樂之泉】天然黃豆醬油 內容量:130ML 成分:非基改黃豆粒、小麥、蔗糖、南極日曬海鹽(澳洲) 昆布、香菇、酵母抽出物、甘草 保存期限:包裝標示 產地:台灣,無,https://s1.myqr.com.tw/newshop/177/TypeGoods?type2=5425&type1=5958&type0=5976&pageIndex=0&goodId=47335,無,https://pshop.myqr.com.tw/qrssimage/GoodsImage/128/128630.png?33
4710918382803,天然黃豆醬油/500ml,常溫食品,調味/醬料/醬菜,醬油/味噌/糖,500ml,185,0.0,162,喜樂之泉,黃豆系列製程採用整顆非基因改造黃豆 豆麥低?冷藏保鮮 定期檢驗黃?、赭?毒素 採用澳洲 cheetham 日曬海鹽 180 天純天然?造醬汁 無酒精、防腐劑、色素 品名:【喜樂甘露】黃豆醬油 ●規格:500ml/ 瓶 ●保存期限:3 年(未開封) ●原料:水、非基改黃豆粒、小麥、蔗糖、Cheetham 日曬海鹽、酵母抽出物 有效日期 / 剩餘保存期限有效日期常更新、消費者收受之商品其有效日期至少距收受日 151 日以上 食品業者登錄字號 E-200173519-00000-9 國內負責廠商名稱喜樂之泉股份有限公司 國內負責廠商電話 04-8730365 國內負責廠商地址彰化縣社頭鄉善德巷 45 號 產品責任險字第 05ML000375 號,無,https://s1.myqr.com.tw/newshop/177/TypeGoods?type2=5425&type1=5958&type0=5976&pageIndex=0&goodId=29704,無,https://pshop.myqr.com.tw/qrssimage/GoodsImage/71/71047.jpg?33
4710918381998,天然黑豆白蔭油/130ml,常溫食品,調味/醬料/醬菜,醬油/味噌/糖,無,98,0.0,144,喜樂之泉,喜樂 - 天然黑豆白蔭油 130ml/ 瓶 廚房不可或缺的調味品.無論是用來炒菜、滷製、還是作為蘸料、都能為食物增添層次和獨特的香氣、讓你的料理更加出色. 成分:水、天然黑豆粒、蔗糖、南極日曬海鹽、香菇、昆布、酵母抽出物、甘草 商品規格:130ml 保存期限:24 個月 產地:台灣 葷素別:純素,無,https://s1.myqr.com.tw/newshop/177/TypeGoods?type2=5425&type1=5958&type0=5976&pageIndex=0&goodId=47353,無,https://pshop.myqr.com.tw/qrssimage/GoodsImage/128/128720.png?17
4710918381554,天然黑豆蔭油/500ml,常溫食品,調味/醬料/醬菜,醬油/味噌/糖,500ml,250,0.0,150,喜樂之泉,絕不添加防腐劑、安定劑、色素 成份:水、天然黑豆粒、蔗糖、日曬海鹽、昆布、香菇、酵母抽出物、甘草 規格:500ml 保存期限:3 年(未開封) 產地:台灣 營養標示: (每一份量 10 毫升本包裝含 50 份 / 每份) 熱量 19.5 大卡 蛋白質 1 公克 脂肪 0 公克 飽和脂肪 0 公克 反式脂肪 0 公克 碳水化合物 3.9 公克 糖 3.2 公克 鈉 309.7 毫克,無,https://s1.myqr.com.tw/newshop/177/TypeGoods?type2=5425&type1=5958&type0=5976&pageIndex=0&goodId=31684,喜樂之泉,https://pshop.myqr.com.tw/qrssimage/GoodsImage/75/75865.png?17
4710918381547,天然黑豆蔭油膏/500ml,常溫食品,調味/醬料/醬菜,醬油/味噌/糖,500ml,250,0.0,128,喜樂之泉,絕不添加防腐劑、安定劑、色素 成份:水、天然黑豆、蔗糖、日曬海鹽、糯米、昆布、香菇、酵母抽出物、甘草 規格:500ml 保存期限:2 年(未開封) 產地:台灣 營養標示: (每一份量 10 毫升本包裝含 50 份 / 每份) 熱量 19 大卡 蛋白質 0.8 公克 脂肪 0 公克 飽和脂肪 0 公克 反式脂肪 0 公克 碳水化合物 4 公克 糖 2.6 公克 鈉 246.1 毫克,無,https://s1.myqr.com.tw/newshop/177/TypeGoods?type2=5425&type1=5958&type0=5976&pageIndex=0&goodId=31687,喜樂之泉,https://pshop.myqr.com.tw/qrssimage/GoodsImage/75/75870.png?17
4710734004675,有機小冰糖/450g,常溫食品,調味/醬料/醬菜,醬油/味噌/糖,無,115,0.0,15,龍口,1.品名:龍口 - 有機小冰糖 450g 2.淨重:450 公克 3.食品添加物名稱:無 4.製造廠商或國內負責廠商名稱:龍口食品企業股份有限公司 電話號碼:(04)888-2501 地址:彰化縣北斗鎮斗中路 837 號 5.原產地(國):巴西 6.保存期限:二年 本產品採用菲律賓進口有機冰糖、夾鏈袋包裝更能保鮮、避免受潮. 有機原料讓您更加安心!,無,https://s1.myqr.com.tw/newshop/177/TypeGoods?type2=5425&type1=5958&type0=5976&pageIndex=0&goodId=28800,龍口 有機認證,https://pshop.myqr.com.tw/qrssimage/GoodsImage/67/67713.jpg?53
4710918382759,有機昆布醬油/500ml,常溫食品,調味/醬料/醬菜,醬油/味噌/糖,無,225,0.0,46,喜樂之泉,品名:昆布有機醬油 成份: 水、有機黃豆粒(美國、加拿大)、有機小麥(美國)、有機蔗糖(巴西)、Cheetham 日曬海鹽(澳洲)、昆布抽出物(昆布抽出物、麥芽糊精、澱粉糖漿、鹽)(日本)、香菇抽出物(香菇抽取物、麥芽糊精)(日本). 用法: 炒飯、炒麵、蒸蛋、沾醬 適合沾、炒、淋、拌、烤、滷等各式料理. 各種調理、如沾生魚片或製成火鍋沾醬 沾食如:肉粽、蘿蔔糕、涼拌豆腐、燙青菜. 容量:500ml&plusmn;10ml 保存期限:2 年(未開封) 保存方法:未開封於常溫陰涼處保存、開封後請放入冰箱冷藏. 保存方式: 100% 純釀不含防腐劑、少許沉澱屬自然現象、不影響品質.超濃縮請稀釋 3~5 倍、開瓶後請冷藏. 產地:台灣. 營養標示每一份量 10 毫升本包裝含 50 份 每份每 100 毫升 熱量 11 大卡 112 大卡 蛋白質 1 公克 7 公克 脂肪 0 公克 0 公克 飽和脂肪 0 公克 0 公克 反式脂肪 0 公克 0 公克 碳水化合物 3 公克 28 公克 糖 3 公克 27 公克 鈉 420 毫克 4200 毫克 喜樂之泉股份有限公司 048730365 彰化縣社頭鄉善德巷 45 號 慈心有機驗證股份有限公司驗證 驗證證書字號:1-009-210019 食品業者登錄字號:B-145866507,無,https://s1.myqr.com.tw/newshop/177/TypeGoods?type2=5425&type1=5958&type0=5976&pageIndex=0&goodId=37159,無,https://pshop.myqr.com.tw/qrssimage/GoodsImage/92/92009.jpg?53
4710918381615,有機段木香菇黑豆醬油/265ml,常溫食品,調味/醬料/醬菜,醬油/味噌/糖,無,285,0.0,43,喜樂之泉,品名:【喜樂之泉】金甘有機段木香菇黑豆醬油 265ml .規格:265ml/ 瓶(附提盒 1 只) .保存期限:2 年(未開封) .原料:水、有機原生種黑豆粒(台灣)、有機蔗糖(巴西)、Cheetham 日曬海鹽(澳洲)、有機段木香菇(台灣) 內容物名稱 水、有機原生種黑豆粒(台灣)、有機蔗糖(巴西)、Cheetham 日曬海鹽(澳洲)、有機段木香菇(台灣) 內容量 265ml 原產地(國) 台灣 保存期限 730 日 廠商名稱 喜樂之泉股份有限公司 廠商電話 04-8730365 廠商地址 彰化縣社頭鄉善德巷 45 號 投保產品責任險字號 0902-2236004964-00 食品業者登錄字號 B-112828672-00000-5,無,https://s1.myqr.com.tw/newshop/177/TypeGoods?type2=5425&type1=5958&type0=5976&pageIndex=0&goodId=46122,無,https://pshop.myqr.com.tw/qrssimage/GoodsImage/125/125521.jpg?88
4710734004651,有機砂糖/450g,常溫食品,調味/醬料/醬菜,醬油/味噌/糖,無,115,0.0,17,龍口,產品特色: 1、嚴選巴西進口有機認證之原料、通過中華有機驗證、有機證書字號 1-011-118003(ZH-13CAS513)【本有機字號會因進口批次、到期換證而有所改變、歡迎發問查詢】;原料完全採用有機農法種植作物、不使用農藥、化肥及任何人工添加物、完整保留有機食品的天然營養.全素可食. 2、夾鏈袋包裝設計可防潮保鮮、無添加防腐劑、通過無農藥殘留檢驗、通過 ISO22000 及 HACCP 國際品質認證、並投保有產品責任險、讓消費者吃的健康、食的安心. 製作成分:有機蔗糖. 產地認證:巴西 / 中華有機驗證、有機證書字號 1-011-118003(ZH-13CAS513). 內容包裝:450g/ 包.(本賣場僅提供單一數量標購、如有需標購較多數量或搭送組合者、請在問與答中提出、我們將可配合修改數量提供標購) 營養標示:每 10g(ml)含 -- 1、熱量:40 大卡.2、蛋白質:0g.3、脂肪:0g.4、碳水化合物:9.9g.5、鈉:0mg. 保存方法:儲存於通風乾燥處、避免潮濕之場所、開封後請儘速食用. 保存期限:二年(未開封). 食用方法:可依自己喜好、口味與口感、適度添加於咖啡、茶、牛奶、果汁等各式料理中.或用來釀製各種水果醋、水果酒、以及調理甜湯、料理食物等.,無,https://s1.myqr.com.tw/newshop/177/TypeGoods?type2=5425&type1=5958&type0=5976&pageIndex=0&goodId=32462,龍口 有機認證,https://pshop.myqr.com.tw/qrssimage/GoodsImage/77/77862.jpg?88
4710918382308,有機香菇醬油/500ml,常溫食品,調味/醬料/醬菜,醬油/味噌/糖,無,250,0.0,56,喜樂之泉,有機原料低?冷藏保鮮 豆參定期檢驗黃麴、緒麴毒素 採用澳洲 cheetham 日曉海鹽 180 天純天然釀造醬汁 無添加調味料、酵母抽出物酒精、防腐劑、色素 品名:【喜樂之泉】有機香菇黑豆醬油 ●規格:500ml/ 瓶 ●保存期限:2 年(未開封) ●原料:水、有機黑豆粒(中國黑龍江)、有機小麥(美國)、有機蔗糖(巴西)、Cheetham 天然日曬海鹽(澳洲)、有機香菇(台灣)、北海道真昆布濃縮抽出物(日本靜岡),無,https://s1.myqr.com.tw/newshop/177/TypeGoods?type2=5425&type1=5958&type0=5976&pageIndex=0&goodId=28728,喜樂之泉 有機認證,https://pshop.myqr.com.tw/qrssimage/GoodsImage/67/67378.jpg?44
4711175007300,有機烏醋/250ml,常溫食品,調味/醬料/醬菜,醬油/味噌/糖,250ml,100,0.0,12,味榮,★使用&quot;台灣有機米、100% 純釀造&quot; ★手工陶缸釀造、無防腐劑與無味精、無化學冰醋酸成分 ★酸味天然、味道香醇不嗆辣、適合搭配沾拌醃料理、70 年傳統釀造工法、20 年有機生產技術 1.70 年傳統釀造工法、20 年有機生產技術、6 個月以上陶缸釀造熟成. 2.使用台灣有機栽種糙米、使用台灣埔里地區能高瀑布純淨無汙染深層泉水. 3.味道香醇完熟不嗆辣、養生直接飲用首選、沾拌醃料理均宜!無防腐劑、無味精、無化學冰醋酸或化學調味劑成分. 4.通過采園生態驗證有限公司驗證、有機驗證字號:1-008-131106.均符合國家 CNS 釀造食醋與調理食醋標準. 無鹽可溶性固形物:6.0% 以上 酸度:1.8%,無,https://s1.myqr.com.tw/newshop/177/TypeGoods?type2=5425&type1=5958&type0=5976&pageIndex=0&goodId=28762,味榮 有機認證,https://pshop.myqr.com.tw/qrssimage/GoodsImage/81/81010.jpeg?44
4710918382742,有機素蠔油/500ml,常溫食品,調味/醬料/醬菜,醬油/味噌/糖,無,225,0.0,90,喜樂之泉,1.嚴選椴木香菇及黃豆純手工製麴 180 天自然發酵、非化學醬油 2.不添加化學成分、不含糖精以及人工色素 3.味道香甜甘醇. 規格說明 【食品業者登錄字號】B-112828672-00000-5 【投保產品責任險公司與字號】南山產物保險 0900-2236004964-04 【製造廠商或國內負責廠商名稱】喜樂之泉股份有限公司 【製造廠商或國內負責廠商電話】04-22085199 【製造廠商或國內負責廠商地址】台中市北區文祥街 108 號 【食物過敏原標示】過敏原資訊:本產品含黃豆、小麥 【內容物成份】水、有機黃豆(美國、加拿大)、有機小麥(美國)、有機蔗糖(巴西)、Cheetham 日曬海鹽(澳洲)、有機糯米(台灣)、有機香菇(台灣)、北海道真昆布濃縮抽出物(日本靜岡) 【內容量(重量)】210ML/ 瓶 【保存期限(總效期)】720 天,無,https://s1.myqr.com.tw/newshop/177/TypeGoods?type2=5425&type1=5958&type0=5976&pageIndex=0&goodId=46125,無,https://pshop.myqr.com.tw/qrssimage/GoodsImage/125/125532.jpeg?44
4710698042010,有機甜酒釀/240g,常溫食品,調味/醬料/醬菜,醬油/味噌/糖,無,200,0.0,6,茹王,【老祖宗的智慧滋養女生的補品】 酒釀、又稱醪?、是一種廣泛流行於中國各地及朝鮮半島的小吃、味道甜、有酒味、其中朝鮮半島的醪糟稱為甘酒. 菇王有機甜酒釀使用慈心有機認證圓糯米、蒸熟後、加入酒麴拌勻、古法釀造製成. 「甜酒釀」的吃法分為兩種、一是涼吃、若在炎炎夏日、吃上一碗、或搭配無糖優格、讓您五腑透涼、二是熱吃、在冬天、將酒釀與紅棗或雞蛋一起煮沸、吃起來又香又甜、令人寒意頓消. &radic;去腥、使食物的味道更佳 &radic;紅糖或蜂蜜調煮、有滋補養顏的作用 &radic;無添加糖、防腐劑或任何化學添加物 想來點健康的甜品、請一定要試試! 【功用】 去腥:使食材的味道更佳 滋補養顏:加上紅糖或蜂蜜一同調煮、有滋補養顏的作用 【食譜|甜酒釀湯圓】 材料:湯圓數顆、雞蛋 1 顆、冰糖、有機甜酒釀 調味料:菇王有機甜酒釀 做法: 1.水滾後放入冰糖 2.加入湯圓、滾煮至湯圓浮起 3.加入少許蛋液至鍋中、快速打散、讓蛋液在滾水中分散、呈現小雪花狀. 4.關火、依個人口味、加入適量的【菇王有機甜酒釀】攪拌、即完成. 產品內容物與規格說明 / 保固資訊 容 量:240g 成 份:有機糯米(台灣)、水. 保存期限:二年 食譜參考:甜酒釀湯圓 ※本產品不含防腐劑、開封後請密蓋冷藏. ※本產品為純天然發酵食品、無額外添加酒精、但發酵過程會自然產生酒氣與少許酒精成分、若您對酒精過敏或因個人因素不能食用酒精、請勿購買. ※有機甜酒釀為自然發酵食品、顏色加深為正常現象、請安心食用. 【食品業者登錄字號】P-197604982-00001-9 【投保產品責任險公司與字號】132109AKP0000013 【製造廠商或國內負責廠商名稱】菇王食品有限公司 【製造廠商或國內負責廠商電話】0800891668 【製造廠商或國內負責廠商地址】雲林縣林內鄉清水溪 50 號 【食物過敏原標示】※本產品為純天然發酵食品、無額外添加酒精、但發酵過程會自然產生酒氣與少許酒精成分、若您對酒精過敏或因個人因素不能食用酒精、請勿購買. 【內容物成份】有機糯米(台灣)、水 【內容量(重量)】240g 【保存期限(總效期)】2 年 【有機認證字號】1-009-210068(TOC-P0098),無,https://s1.myqr.com.tw/newshop/177/TypeGoods?type2=5425&type1=5958&type0=5976&pageIndex=0&goodId=28757,菇王 有機認證,https://pshop.myqr.com.tw/qrssimage/GoodsImage/67/67509.jpg?28
4710698042126,有機無糖味霖/300ml,常溫食品,調味/醬料/醬菜,醬油/味噌/糖,無,240,0.0,4,茹王,純天然有機味霖(無添加糖) 容 量:300ml 成 份:有機糯米(台灣)、有機蓬萊米(台灣)、水. 保存期限:二年 食譜參考:茶碗蒸、雙色涼拌木耳、照燒雙菇 ※本產品不含防腐劑、開封後請密蓋冷藏.本產品為天然釀造食品、顏色加深或沉澱現象為自然現象. ※本產品為純天然發酵食品、無額外添加酒精、但發酵過程會自然產生酒氣與少許酒精成分、若您對酒精過敏或因個人因素不能食用酒精、請勿購買. ※純天然有機味霖(無額外添加糖)為自然發酵食品、顏色加深(如圖示)為正常現象、請安心食用. ※米釀製的產品(如味霖、鹽麴、甜酒釀、甜米釀等)、會因時間、溫度、光照而產生褐變、漸漸變成深棕色、風味會變醇厚有煙燻味、但品質安全沒有影響、敬請安心食用. *提醒您:褐變的顏色與是否有添加糖無絕對關聯、非選購依據喔~&quot;,無,https://s1.myqr.com.tw/newshop/177/TypeGoods?type2=5425&type1=5958&type0=5976&pageIndex=0&goodId=46302,無,https://pshop.myqr.com.tw/qrssimage/GoodsImage/126/126270.jpg?28
4710918382476,有機黃豆醬油/500ml,常溫食品,調味/醬料/醬菜,醬油/味噌/糖,無,225,0.0,99,喜樂之泉,●品名:【喜樂之泉】有機醬油(黃豆) ●規格:500ml/ 瓶 ●保存期限:3 年(未開封) ●原料:水、有機黃豆粒(美國、加拿大)、有機小麥(美國、台灣)、有機蔗糖(巴西)、Cheetham 天然日曬海鹽(澳洲) 注意事項: 1.本品為純釀造食品、少許沉澱為自然現象、不影響品質. 2.開瓶後請放入冰箱保存. .通過德國 CERESGmbH 有機認證及台灣慈心有機認證. .原料栽種過程皆不使用農藥及化學肥料. .原料低溫冷藏保鮮、不添加酒精、酵母抽出物、甘草、紅麴色素、防腐劑. 驗證機構:慈心有機驗證股份有限公司 證書字號:第 1-009-210019 號 廠商資訊: 製造商名稱:喜樂之泉股份有限公司 地址:彰化縣社頭鄉善德巷 45 號 電話:04-8730365 食品業者登錄字號:N-112828672-00001-8 驗證證書字號:1-009-210019 台灣驗證單位:慈心有機驗證股份有限公司 產品責任險: 本公司商品已投保南山產物產品責任保險 - 保單號碼 0902-2236004964-00,無,https://s1.myqr.com.tw/newshop/177/TypeGoods?type2=5425&type1=5958&type0=5976&pageIndex=0&goodId=28730,喜樂之泉 有機認證,https://pshop.myqr.com.tw/qrssimage/GoodsImage/67/67393.jpg?63
4710918381752,有機黑豆素蠔油/210c,常溫食品,調味/醬料/醬菜,醬油/味噌/糖,無,115,0.0,130,喜樂之泉,商品描述 ●品名:【喜樂之泉】有機黑豆素蠔油 ●規格:210ml/ 瓶 ●保存期限:2 年(未開封) ●原料:水、有機黑豆(中國)、有機蔗糖(巴西)、Cheetham 天然日曬海鹽(澳洲)、有機糯米(台灣)、有機香菇(台灣)、北海道真昆布濃縮抽出物(日本靜岡) 產地:台灣 喜樂之泉股份有限公司 048730365 彰化縣社頭鄉善德巷 45 號 慈心有機驗證股份有限公司驗證 驗證證書字號:1-009-210019 食品業者登錄字號:B-145866507,無,https://s1.myqr.com.tw/newshop/177/TypeGoods?type2=5425&type1=5958&type0=5976&pageIndex=0&goodId=47725,無,https://pshop.myqr.com.tw/qrssimage/GoodsImage/130/130040.jpeg?63
4710918382469,有機黑豆醬油/500ml,常溫食品,調味/醬料/醬菜,醬油/味噌/糖,無,245,0.0,48,喜樂之泉,●品名:【喜樂之泉】有機黑豆醬油 ●規格:500ml/ 瓶 ●保存期限:3 年(未開封) ●原料:水、有機黑豆(中國黑龍江)、有機蔗糖(巴西)、Cheetham 天然日曬海鹽(澳洲) 注意事項: 1.本品為純釀造食品、少許沉澱為自然現象、不影響品質. 2.開瓶後請放入冰箱保存. .通過德國 CERESGmbH 有機認證及台灣慈心有機認證. .原料栽種過程皆不使用農藥及化學肥料. .原料低溫冷藏保鮮、不添加酒精、酵母抽出物、甘草、紅麴色素、防腐劑. 驗證機構:慈心有機驗證股份有限公司 證書字號:第 1-009-210019 號 廠商資訊: 製造商名稱:喜樂之泉股份有限公司 地址:彰化縣社頭鄉善德巷 45 號 電話:04-8730365 食品業者登錄字號:N-112828672-00001-8 驗證證書字號:1-009-210019 台灣驗證單位:慈心有機驗證股份有限公司 產品責任險: 本公司商品已投保南山產物產品責任保險 - 保單號碼 0902-2236004964-00,無,https://s1.myqr.com.tw/newshop/177/TypeGoods?type2=5425&type1=5958&type0=5976&pageIndex=0&goodId=28729,喜樂之泉 有機認證,https://pshop.myqr.com.tw/qrssimage/GoodsImage/67/67391.jpg?47
4710734005023,有機黑糖/450g,常溫食品,調味/醬料/醬菜,醬油/味噌/糖,無,115,0.0,17,龍口,1.品名:龍口 - 有機黑糖 450g 2.淨重:450 公克 3.食品添加物名稱:無 4.製造廠商或國內負責廠商名稱:龍口食品企業股份有限公司 電話號碼:(04)888-2501 地址:彰化縣北斗鎮斗中路 837 號 5.原產地(國):菲律賓 6.保存期限:二年 本產品採用菲律賓進口有機黑糖、夾鏈袋包裝更能保鮮、避免受潮. 食用黑糖好處多多、有機原料讓您更加安心! 產地認證:祕魯 / 中華有機驗證、有機證書字號 1-011-118003(ZH-13CAS513).,無,https://s1.myqr.com.tw/newshop/177/TypeGoods?type2=5425&type1=5958&type0=5976&pageIndex=0&goodId=28801,龍口 有機認證,https://pshop.myqr.com.tw/qrssimage/GoodsImage/67/67715.jpg?47
4711175007577,有機糙米醋/500ml,常溫食品,調味/醬料/醬菜,醬油/味噌/糖,500ml,170,0.0,36,味榮,產品內容物與規格說明 / 保固資訊 品牌 味榮 品名 【味榮】有機糙米醋 500ml 商品種類 有機調味品 商品規格 500ml 食品添加物 無 產地 台灣 廠商名稱 味榮食品股份有限公司 廠商電話 04-25320279 廠商地址 台中市豐原區西勢路 701 號 保存期限 5 年 保存方法 置於陰涼乾燥處、避免陽光直射. 其他應注意事項 ◎CNS 食用醋、無鹽可溶性固形物 1.3% 以上 ◎請盡速食用完畢. ◎有機驗證機構:采園生態驗證有限公司 有機驗證字號:EG-131106P1Z 產地:台灣 產品標示內容 【食品業者登錄字號】B-105698174-00000-9 【投保產品責任險公司與字號】07 字第 362205A00098 號 【製造廠商或國內負責廠商名稱】味榮食品工業股份有限公司 【製造廠商或國內負責廠商電話】04-25320279 【製造廠商或國內負責廠商地址】台中市豐原區西勢路 701 號 【食物過敏原標示】無 【內容量(重量)】500ml,無,https://s1.myqr.com.tw/newshop/177/TypeGoods?type2=5425&type1=5958&type0=5976&pageIndex=0&goodId=28760,味榮 有機認證,https://pshop.myqr.com.tw/qrssimage/GoodsImage/67/67518.jpg?83
4710918382483,有機薄鹽醬油/500ml,常溫食品,調味/醬料/醬菜,醬油/味噌/糖,無,225,0.0,3,喜樂之泉,有機原料低?冷藏保鮮 豆麥定期檢驗黃麴、赭麴毒素 採用澳洲 cheetham 日曬海鹽 180 天純天然釀造醬汁 無添加調味料、酵母抽出物、酒精、防腐劑、色素 ●品名:【喜樂之泉】有機薄鹽醬油 ●規格:500ml/ 瓶 ●保存期限:2 年(未開封) ●原料:水、有機黃豆粒(美國、加拿大)、有機小麥(美國)、有機蔗糖(巴西)、Cheetham 天然日曬海鹽(澳洲) 注意事項: 1.本品為純釀造食品、少許沉澱為自然現象、不影響品質. 2.開瓶後請放入冰箱保存. .通過德國 CERESGmbH 有機認證及台灣慈心有機認證. .原料栽種過程皆不使用農藥及化學肥料. .原料低溫冷藏保鮮、不添加酒精、酵母抽出物、甘草、紅麴色素、防腐劑. 驗證機構:慈心有機驗證股份有限公司 證書字號:第 1-009-210019 號 廠商資訊: 製造商名稱:喜樂之泉股份有限公司 地址:彰化縣社頭鄉善德巷 45 號 電話:04-8730365 食品業者登錄字號:N-112828672-00001-8 驗證證書字號:1-009-210019 台灣驗證單位:慈心有機驗證股份有限公司 產品責任險: 本公司商品已投保南山產物產品責任保險 - 保單號碼 0902-2236004964-00,無,https://s1.myqr.com.tw/newshop/177/TypeGoods?type2=5425&type1=5958&type0=5976&pageIndex=0&goodId=28731,喜樂之泉 有機認證,https://pshop.myqr.com.tw/qrssimage/GoodsImage/67/67403.jpg?83
4710698041372,有機鹽麴/150g,常溫食品,調味/醬料/醬菜,醬油/味噌/糖,無,200,0.0,23,茹王,熱銷突破萬罐、菇王人氣明星商品 ●通過慈心有機認證 ●取代鹽巴、味精、帶出食物鮮味 ●日本譽為「吃的美容品」 ●醃漬蔬菜、自製麵包、軟化肉質(下有簡易食譜參考) ●萬用美味的魔法調味料∼還幫助消化! 【讓人變美麗的魔法調味料】 「鹽麴」是米麴、鹽、水發酵熟成的調味料、發酵的過程令鹽麴的味道多了像清酒的香氣、卻沒有酒精成份.三百多年前(江戶時代)、鹽麴已經是日本常用的調味料之一、不同於食鹽、鹽麴的鹹度較低、味道溫和、比鹽巴更有層次、可直接取代鹽巴、加入各種料理、更適合醃漬食物. 鹽麴深受日本主婦喜愛、於食鹽的鈉含量低了許多、對腎臟的負擔較小、所以除了被日本人譽為「萬用調味品」、也是家家戶戶都愛使用的養生食品、多數用來醃漬多種蔬菜和肉類、可以帶出食材的原味、使食材美味升級. 菇王的「有機鹽麴」僅使用有機米、鹽、水耐心等待美味發酵、不使用任何化學添加物、最天然的調味料、讓您能享受到食物最天然純粹的美味. 鹽麴的妙用: (1)代替鹽、味精 - 提出食材本身鮮甜味道、讓食材更加美味. (2)醃漬蔬菜 - 讓蔬菜更鮮甜、充滿酵素. (3)軟化肉質 - 醃海鮮或肉類可以去腥提鮮、軟化肉質. (4)自製麵包蛋糕 - 用鹽麴取代鹽、酵母發酵得更好、可以烤出外酥內軟又充滿香氣的麵包. 產品內容物與規格說明 / 保固資訊 容 量:150g 成 份:有機米(台灣)、水、日曬海鹽(澳洲). 保存期限:二年 食譜參考:鹽麴杏鮑菇、鹽麴麵包、鹽麴莎莎醬、法式燉菜、鹽麴酪梨沙拉 ※本產品不含防腐劑、開封後請密蓋冷藏.本產品為天然釀造食品、顏色加深或沉澱現象為自然現象、請安心食用. ※有機鹽麴為自然發酵食品、顏色加深或沉澱分層為正常現象、請安心食用. 【食品業者登錄字號】P-197604982-00001-9 【投保產品責任險公司與字號】132109AKP0000013 【製造廠商或國內負責廠商名稱】菇王食品有限公司 【製造廠商或國內負責廠商電話】0800891668 【製造廠商或國內負責廠商地址】雲林縣林內鄉清水溪 50 號 【食物過敏原標示】無 【葷 / 純素 / 奶蛋素】純素 【內容物成份】有機米(台灣)、水、日曬海鹽(澳洲). 【內容量(重量)】150g 【保存期限(總效期)】2 年 【有機認證字號】慈心有機驗證證書字號 1-009-210068(TOC-P0098),無,https://s1.myqr.com.tw/newshop/177/TypeGoods?type2=5425&type1=5958&type0=5976&pageIndex=0&goodId=28756,菇,https://pshop.myqr.com.tw/qrssimage/GoodsImage/67/67499.jpg?19
4714379951196,米森安地斯玫瑰鹽/350g,常溫食品,調味/醬料/醬菜,醬油/味噌/糖,無,150,0.0,-28,米森,米森安地斯玫瑰鹽 大地恩惠~三億年的岩鹽 「安地斯玫瑰鹽」來自於玻利維亞境內安地斯山高原的天然岩鹽、形成於三億多年前的自然地殼運動使其從海中浮起、 並形成全球最大的高山群.礦區位於 3000 多公尺高的山脈中、其環境嚴峻且人跡罕至、無海洋污染問題、也確保開採得來的玫瑰鹽、天然純淨. 「碘為必需營養素.本產品未加碘.」 【商品規格】 原料:安地斯玫瑰鹽 規格:350 公克 保存期限:36 個月(未開封前) 保存方式:避免日光直射、置於陰涼乾燥處、開封後請冷藏並請儘快食用完畢 原產地:玻利維亞 【營養標示】 每一份量 5 公克、本包裝含 70 份 每份 每 100 公克 熱量 0 大卡 0 大卡 蛋白質 0 公克 0 公克 脂肪 0 公克 0 公克 飽和脂肪 0 公克 0 公克 反式脂肪 0 公克 0 公克 碳水化合物 0 公克 0 公克 糖 0 公克 0 公克 鈉 1747 毫克 34930 毫克 ※營養標示數據若與包裝上略有差異時、以實際包裝上標示為準. 100% 檢測合格、無重金屬汙染 項目 國家 CNS 標準 米森澳洲湖鹽 砷 0.2 以下 0.01 以下 銅 2.0 以下 0.01 以下 鉛 2.0 以下 0.01 以下 鎘 0.2 以下 0.01 以下 汞 0.1 以下 0.01 以下 單位:PPM 【青荷御膳房】 沾、炒、滷、拌、增添烹飪食物的美味、贏得家人的味覺. 產品內容物與規格說明 / 保固資訊 1.品名:【米森】安地斯玫瑰鹽 2.淨重、容量:350 公克 / 罐 3.食品添加物名稱:無 4.原產地(國):玻利維亞 5.保存期限:三年(未開封) 6.廠商名稱:青荷國際有限公司 電話:(03)359-4557 地址:桃園市龜山區振興路 1165-1 號 產地:玻利維亞 產品標示內容,無,https://s1.myqr.com.tw/newshop/177/TypeGoods?type2=5425&type1=5958&type0=5976&pageIndex=0&goodId=29278,無,https://pshop.myqr.com.tw/qrssimage/GoodsImage/69/69343.jpg?19
4712511471120,米森有機砂糖/450g,常溫食品,調味/醬料/醬菜,醬油/味噌/糖,無,120,0.0,41,米森,米森有機砂糖 嚴選有機食品、完全採用有機農法種植作物、不使用農藥、化學肥料及任何人工添加物、保留有機食品的天然成份、照顧全家人的身體、也愛護地球的每一寸土地. 有機農法:回歸大地最純淨的生命力為宗旨!從嚴格選種開始、到淨化土壤的管理、使大地不受重金屬、化肥、農藥、及除草劑的汙染、給予人們無汙染及最有生命力的作物、使身體遠離現代精緻飲食及化學添加物所帶來的負擔. 【青荷御膳房】 有機飲品調味:直接加入茶飲、咖啡等飲料、攪拌後即可飲用. 有機甜品料理:加入紅豆湯、湯圓或豆漿等、一同煮食攪拌後即可. 注意事項 1.內附乾燥劑及脫氧劑(依各別產品而有所不同) 請勿食用 2.保存請置放於陰涼乾燥處 開封後請冷藏並儘快食用完畢 3.有效日期:標示於外包裝上(西元年 / 月 / 日) 產品內容物與規格說明 / 保固資訊 1.品名:【米森】有機砂糖 2.淨重、容量:450g 3.食品添加物名稱:無 4.原產地:澳洲 5.保存期限:18 個月(未開封前) 6.廠商名稱:青荷國際有限公司 電話:03-359-4557 地址:桃園市龜山區振興路 1165-1 號 產地:澳洲 驗證單位:慈心有機驗證股份有限公司 有機農產品驗證證書字號 1-009-210002,無,https://s1.myqr.com.tw/newshop/177/TypeGoods?type2=5425&type1=5958&type0=5976&pageIndex=0&goodId=28569,青荷 慈心驗證 慈心認證 慈心有機驗證,https://pshop.myqr.com.tw/qrssimage/GoodsImage/66/66426.jpg?3
4712511471335,米森有機紅晶冰糖/450g,常溫食品,調味/醬料/醬菜,醬油/味噌/糖,無,145,0.0,29,米森,米森有機紅晶冰糖 嚴選有機食品、完全採用有機農法種植作物、不使用農藥、化學肥料及任何人工添加物、完整保留有機食品的天然成份、照顧全家人的身體、也愛護地球的每一寸土地. 有機農法:回歸大地最純淨的生命力為宗旨!從嚴格選種開始、到淨化土壤的管理、使大地不受重金屬、化肥、農藥、及除草劑的汙染、給予人們無汙染及最有生命力的作物、使身體遠離現代精緻飲食及化學添加物所帶來的負擔. 【青荷御膳房】 咖啡、各式花茶、紅、綠豆等各形各色的甜品均可加入、香醇回甘. 廚房的魔膳調味品:細冰糖可完全替代味精、味素.入菜做湯時、加入少許冰糖、可增加菜餚湯品鮮度、尤其滷肉、滷味糖醋料理、醃製泡菜、涼菜、調和風日式醬油等、各式沾醬等都是最棒的調味品. 注意事項 1.內附乾燥劑及脫氧劑(依各別產品而有所不同) 請勿食用 2.保存請置放於陰涼乾燥處 開封後請冷藏並儘快食用完畢 3.有效日期:標示於外包裝上(西元年 / 月 / 日) 產品內容物與規格說明 / 保固資訊 1.品名:【米森 Vilson】有機紅晶冰糖 2.淨重、容量:450g 3.食品添加物名稱:無 4.原產地:澳洲 5.保存期限:18 個月 4.廠商名稱:青荷國際有限公司 電話:03-359-4557 地址:桃園市龜山區振興路 1165-1 號 產地:澳洲 驗證單位:慈心有機驗證股份有限公司 驗證字號:1-009-210002,無,https://s1.myqr.com.tw/newshop/177/TypeGoods?type2=5425&type1=5958&type0=5976&pageIndex=0&goodId=28570,青荷 慈心驗證 慈心認證 慈心有機驗證,https://pshop.myqr.com.tw/qrssimage/GoodsImage/66/66434.jpg?38
4712511471137,米森有機香醇黑糖/450g,常溫食品,調味/醬料/醬菜,醬油/味噌/糖,無,135,0.0,37,米森,米森有機香醇黑糖 嚴選有機食品、完全採用有機農法種植作物、不使用農藥、化學肥料及任何人工添加物、完整保留有機食品的天然成份、照顧全家人的身體、也愛護地球的每一寸土地. 有機農法:回歸大地最純淨的生命力為宗旨!從嚴格選種開始、到淨化土壤的管理、使大地不受重金屬、化肥、農藥、及除草劑的汙染、給予人們無汙染及最有生命力的作物、使身體遠離現代精緻飲食及化學添加物所帶來的負擔. 【商品規格】 原料:有機黑糖 驗證單位:慈心有機驗證股份有限公司 有機農產品驗證證書字號:1-009-210002 規格:450 公克 保存期限:18 個月(未開封前) 保存方式:避免日光直射、置於陰涼乾燥處、開封後請冷藏並請儘快食用完畢 原產地:菲律賓 【營養標示】 每一份量 15 公克、本包裝含 30 份 每份 每 100 公克 熱量 56 大卡 374 大卡 蛋白質 0.0 公克 0.0 公克 脂肪 0.0 公克 0.0 公克 飽和脂肪 0.0 公克 0.0 公克 反式脂肪 0.0 公克 0.0 公克 碳水化合物 14.0 公克 93.6 公克 糖 13.1 公克 87.6 公克 鈉 0 毫克 2 毫克 ※營養標示數據若與包裝上略有差異時、以實際包裝上標示為準. 【青荷御膳房】 有機黑糖飲品:直接加入茶飲、咖啡等飲料、攪拌後即可飲用. 有機黑糖甜品:加入紅豆湯、湯圓或豆漿等、一同煮食攪拌後即可. 產品內容物與規格說明 / 保固資訊 1.品名:【米森】有機香,無,https://s1.myqr.com.tw/newshop/177/TypeGoods?type2=5425&type1=5958&type0=5976&pageIndex=0&goodId=28571,青荷 慈心驗證 慈心認證 慈心有機驗證,https://pshop.myqr.com.tw/qrssimage/GoodsImage/66/66439.jpg?38
4712511471359,米森澳洲天然礦物湖鹽/300g,常溫食品,調味/醬料/醬菜,醬油/味噌/糖,無,85,0.0,158,米森,商品規格 商品名稱 【米森 vilson】澳洲湖鹽(300g/ 罐) 品牌 米森 Vilson 種類 鹽 葷 / 素 全素 保存方法 避免日光直射、置於陰涼乾燥處、開封後請冷藏並請儘快食用完畢 內容物成份 湖鹽 熱量 0 克 每份營養成份 一份 10 公克、每份鈉 3645 毫克鈣 4 毫克鎂 1.2 毫克 內容量 300 公克 食品添加物名稱 無 製造 / 加工地 澳洲 廠商名稱 青荷國際 廠商電話號碼 03-359-4557 廠商地址 桃園市龜山區振興路 1165-1 號 保存期限 36 個月(未開封) 製造日期╱有效日期 依商品包裝顯示 投保產品責任險字號 明台產物保險股份有限公司 字號:0009PDT00094 訂購注意事項 ●商品有效日:消費者收受之商品 其有效日期至少距收受日 91 日以上 ●投保產品責任險公司與字號:明台產物保險股份有限公司 字號:0009PDT00094 ●運送方式:常溫 ●消費者取貨時 應從速檢查所受領之物;欲退換貨 應善盡商品保存之責任 ●販售人姓名:青荷國際有限公司 電話:03-359-4557 地址:桃園市龜山區振興路 1165-1 號 食品登錄字號 H-124407269-00000-9 ●消費爭議處理申訴專線:03-359-4557;如發生訴訟時雙方同意以桃園地方法院為第一審管轄法院 ●產品資訊若與包裝上略有差異時 以實際包裝上標示為準,無,https://s1.myqr.com.tw/newshop/177/TypeGoods?type2=5425&type1=5958&type0=5976&pageIndex=0&goodId=29279,無,https://pshop.myqr.com.tw/qrssimage/GoodsImage/69/69349.jpg?74
4711175006143,味榮有機香菇素蠔油/420ml,常溫食品,調味/醬料/醬菜,醬油/味噌/糖,無,200,0.0,1,味榮,商品介紹 保存方法 開封後請冷藏、並請盡速食用完畢. ●新鮮原料洗滌蒸煮後、採純手工製麴 360 天自然發酵、絕非化學醬油 ●使用有機黃豆(美國、加拿大)和有機小麥(台灣、美國)為主原料製作、味道香甜甘醇 ●有機製成不添加化學成分、不含糖精以及人工色素,無,https://s1.myqr.com.tw/newshop/177/TypeGoods?type2=5425&type1=5958&type0=5976&pageIndex=0&goodId=47733,無,https://pshop.myqr.com.tw/qrssimage/GoodsImage/130/130078.jpeg?74
4710698040702,味噌高湯/300ml,常溫食品,調味/醬料/醬菜,醬油/味噌/糖,無,165,0.0,13,茹王,有機味噌高湯 300ml 容 量:300ml 成 份:水、有機黃豆(中國)、有機蓬萊米(台灣)、有機味霖(台灣)、有機黑豆醬油露(台灣)、鹽、有機砂糖(巴西)、深海昆布. 保存期限:二年 食譜參考:清燉白玉佐味噌 ※本產品不含防腐劑、開封後請密蓋冷藏 ※本產品為天然釀造食品、顏色加深或沉澱現象為自然現象 ※過敏原資訊:過敏原資訊:本產品本產品含有大豆及其製品. 堅持只用整顆新米 菇王遵循有機規定製作、並使用機黃豆與國產有機米做出純釀味噌高湯、在味噌熟成的黃金時段立即收成、保留味噌最香醇濃郁的味道. 堅持只用整顆新米而非舊碎米為原料、只為釀出最完整的天然甜味、嚴格管控在味噌最美味的黃金熟成階段濃縮製成.加入天然昆布汁與天然純釀米酵素、慢火敖製成 15 倍濃縮原汁高湯.,無,https://s1.myqr.com.tw/newshop/177/TypeGoods?type2=5425&type1=5958&type0=5976&pageIndex=0&goodId=46301,無,https://pshop.myqr.com.tw/qrssimage/GoodsImage/126/126263.jpg?58
4710918386047,和風芝麻醬/210ml,常溫食品,調味/醬料/醬菜,醬油/味噌/糖,無,115,0.0,25,喜樂之泉,規格說明 內容物名稱 水、蔗糖、白芝麻、醬油(水、黃豆、小麥、海鹽)、檸檬汁、米醋、蘋果濃縮汁、腰果、味醂(米、米酒、糙米)、鹽、蜂蜜、香菇、昆布 內容量 210ml 原產地(國) 台灣 保存期限 540 日 廠商名稱 喜樂之泉股份有限公司 廠商電話 04-8730365 廠商地址 彰化縣社頭鄉善德巷 45 號 投保產品責任險字號 02 第 1812PDL00140 食品業者登錄字號 N-112828672-00001-8,無,https://s1.myqr.com.tw/newshop/177/TypeGoods?type2=5425&type1=5958&type0=5976&pageIndex=0&goodId=46128,無,https://pshop.myqr.com.tw/qrssimage/GoodsImage/125/125536.jpeg?58
4710918382643,金甘有機黑豆素蠔油/265ml,常溫食品,調味/醬料/醬菜,醬油/味噌/糖,無,285,0.0,24,喜樂之泉,品名:金甘有機黑豆素蠔油 原料:水、有機黑豆(台灣)、有機蔗糖(巴西、澳洲)、日曬海鹽(澳洲)、有機糯米(台灣)、有機段木香菇(台灣)、昆布(韓國). 內容量:265 毫升 有效期限:2 年(未開封) 產地:台灣 喜樂之泉股份有限公司 048730365 彰化縣社頭鄉善德巷 45 號 慈心有機驗證股份有限公司驗證 驗證證書字號:1-009-210019 食品業者登錄字號:B-145866507,無,https://s1.myqr.com.tw/newshop/177/TypeGoods?type2=5425&type1=5958&type0=5976&pageIndex=0&goodId=46124,無,https://pshop.myqr.com.tw/qrssimage/GoodsImage/125/125530.jpeg?58
4710918386030,柚子和風醬/210ml,常溫食品,調味/醬料/醬菜,醬油/味噌/糖,無,115,0.0,1,喜樂之泉,品名:【喜樂之泉】柚子和風醬 成份:喜樂之泉純釀醬油(台灣)、蔗糖(巴西)、柚子汁(台灣)、米醋(台灣)、味醂(台灣)、水、檸檬汁(台灣)、香菇抽出物(日本)、昆布抽出物(日本)、蜂蜜(台灣)、芝麻油 本產品使用純釀醬油及柚子汁、少許沉澱屬自然現象不影響品質、請安心使用. 容量:210ml. 保存期限:18 個月 保存方法:未開封於常溫陰涼處保存、開封後請放入冰箱冷藏. 產地:台灣. 產品標示內容 產地:台灣 【食品業者登錄字號】B-112828672-00000-5 【投保產品責任險公司與字號】17401 字第 05ML000375 號 【製造廠商或國內負責廠商名稱】喜樂之泉股份有限公司 【製造廠商或國內負責廠商電話】04-8730365 【製造廠商或國內負責廠商地址】彰化縣社頭鄉善德巷 43 號 【食物過敏原標示】無 【其他揭露事項】本產品使用純釀醬油及柚子汁、少許沉澱屬自然現象不影響品質、請安心使用. 【內容物成份】喜樂之泉純釀醬油(台灣)、蔗糖(巴西)、柚子汁(台灣)、米醋(台灣)、味醂(台灣)、水、檸檬汁(台灣)、香菇抽出物(日本)、昆布抽出物(日本)、蜂蜜(台灣)、芝麻油 【內容量(重量)】210ml 【保存期限(總效期)】18 個月(未開封),無,https://s1.myqr.com.tw/newshop/177/TypeGoods?type2=5425&type1=5958&type0=5976&pageIndex=0&goodId=46127,無,https://pshop.myqr.com.tw/qrssimage/GoodsImage/125/125534.jpeg?93
4710698040863,香菇素蠔油/300cc,常溫食品,調味/醬料/醬菜,醬油/味噌/糖,無,165,0.0,35,茹王,《菇王》香菇素蠔油(300ml/ 瓶) 商品特色| 採取南投埔里山區的上等鮮美香菇、用熬煮方式、將醬油融入研發多年的獨家調味醬料裡、滲入條條香菇絲中、香菇與醬油的美味融合為一、口感清爽而不膩. 商品規格| 品名:《菇王》香菇素蠔油 重量:300ml/ 瓶 成份:純釀造醬油、米醂、糯米、調味料、砂糖 原產地:台灣 保存方式:本產品不含防腐劑、開瓶後請冷藏. 品名: 《菇王》香菇素蠔油 內容物成份: 純釀造醬油、米醂、糯米、調味料、砂糖 營養標示 內容量: 300ml/ 瓶 熱量: 每份含 14 大卡(10g/ 份) 每份營養成份: 蛋白質 0.5g、脂肪 0g、飽和脂肪 0g、反式脂肪 0g、碳水化合物 2g、鈉 474mg 食品添加物名稱: 無 產地: 台灣 廠商名稱: 菇王食品企業有限公司 廠商電話號碼: 0800-891-668 廠商地址: 雲林縣林內鄉清水溪 50 號 保存期限: 二年(三分之一以上之有效期限、以消費者收受日算起、至少距有效日期 240 天以上) 製造 / 有效日期: (依庫存;每批更新),無,https://s1.myqr.com.tw/newshop/177/TypeGoods?type2=5425&type1=5958&type0=5976&pageIndex=0&goodId=29741,無,https://pshop.myqr.com.tw/qrssimage/GoodsImage/71/71166.jpg?77
4711923800238,桃米泉有機壺底蔭油/410ml,常溫食品,調味/醬料/醬菜,醬油/味噌/糖,無,200,0.0,70,桃米泉,嚴選有機栽培黑豆精釀、作物成長期間絕不使用化學肥料及農藥. 使黑豆自然發酵、佐以埔里最甘醇的桃米泉水、經歷 6 個月日曬熟成、 甘醇、天然、有機、滋養.絕無添加化學添加物、色素、安定劑、防腐劑. 本品為天然釀造、少許沉澱物屬自然現象不影響品質、請安心食用. 品名:桃米泉有機壺底蔭油 原料:水、有機黑豆(中國、美國)、有機砂糖(巴西)、天然海鹽(澳洲) 容量:410ml 保存期限:二年(未開封放置陰涼處、開封需冷藏) 產地:南投 工廠證號:08000081 產品認證標章:CAS 台灣有機農產品 驗證單位:中華驗證有限公司 驗證字號:1-011-118004,無,https://s1.myqr.com.tw/newshop/177/TypeGoods?type2=5425&type1=5958&type0=5976&pageIndex=0&goodId=28716,甘瓏 有機認證,https://pshop.myqr.com.tw/qrssimage/GoodsImage/67/67323.jpg?77
4711923800245,桃米泉有機壺底蔭油膏/410ml,常溫食品,調味/醬料/醬菜,醬油/味噌/糖,無,200,0.0,43,桃米泉,成份:水、有機黑豆(中國、美國)、有機砂糖(巴西)、天然海鹽(澳洲)、有機糯米(台灣) 規格:410ml 保存期限:二年(未開封放置陰涼處、開封需冷藏) 產地:台灣 驗證單位:中華驗證有限公司 驗證字號:1-011-118004 營養標示: (每一份量 10 毫升.本包裝含 41 份) 熱量 13 大卡 蛋白質 0.3 公克 脂肪 0.1 公克 飽和脂肪酸 0 公克 反式脂肪酸 0 公克 碳水化合物 2.7 公克 糖 2.5 公克 鈉 350 毫克,無,https://s1.myqr.com.tw/newshop/177/TypeGoods?type2=5425&type1=5958&type0=5976&pageIndex=0&goodId=28715,甘瓏 有機認證,https://pshop.myqr.com.tw/qrssimage/GoodsImage/67/67314.jpg?77
4711923800122,桃米泉頂級有機蔭油/410ml,常溫食品,調味/醬料/醬菜,醬油/味噌/糖,無,290,0.0,100,桃米泉,原料:水、有機黑豆(中國、美國)、有機砂糖(巴西) 天然海鹽(澳洲) 內容量:410ml 保存期限:2 年(未開封) 產地:台灣 有效日期:標示於包裝上(西元年月日) ●驗證單位:中華驗證有限公司 ●驗證字號:1-011-118004 ●開瓶後請放入冰箱保存 ●本產品為有機食品 若有分離屬正常現象 請安心食用 使用前請先搖一搖,無,https://s1.myqr.com.tw/newshop/177/TypeGoods?type2=5425&type1=5958&type0=5976&pageIndex=0&goodId=28713,甘瓏 有機認證,https://pshop.myqr.com.tw/qrssimage/GoodsImage/67/67298.jpg?14
4711923800115,桃米泉頂級有機蔭油膏/410ml,常溫食品,調味/醬料/醬菜,醬油/味噌/糖,無,290,0.0,57,桃米泉,嚴選有機栽培黑豆及糯米精釀、作物成長期間絕不使用化學肥料及農藥. 使黑豆自然發酵、遵循古法釀造、甘醇、天然、有機、滋養、 猶如埔里最甘醇的桃米泉水、絕無添加化學添加物、色素、安定劑、防腐劑. 品名:桃米泉頂級有機蔭油膏 成分:有機黑豆(中國、美國)、水、有機砂糖(巴西)、天然海鹽(澳洲)、有機糯米(台灣) 容量:410 毫升 產地:台灣 每份(10ml)營養成份: 熱量 13.7 大卡、蛋白質 o.3 公克、脂肪 0.1 公克、飽和脂肪 0 公克、反式脂肪 0 公克、碳水化合物 2.9 公克、糖 2 公克、鈉 349 毫克 [保存期限 / 方式] 二年(未開封放置陰涼處、開封需冷藏) 未開封請置於陰涼乾燥處避免陽光直射、開封後請冷藏. 可當各種沾料、沾火鍋、沾水餃、拌麵、拌菜、蒸、煮、炒樣樣皆可. ●驗證單位:中華驗證有限公司 ●驗證字號:1-011-118004 廠商名稱 甘寶生物科技有限公司 廠商電話 049-2226889 廠商地址 南投市東山里東山路 13-8 號 投保產品責任險字號 1000 字第 06PR000402 號 食品業者登錄字號 A-124766314-00000-1,無,https://s1.myqr.com.tw/newshop/177/TypeGoods?type2=5425&type1=5958&type0=5976&pageIndex=0&goodId=28712,甘瓏 有機認證,https://pshop.myqr.com.tw/qrssimage/GoodsImage/67/67288.jpg?14
4710918386078,海山醬/150ml,常溫食品,調味/醬料/醬菜,醬油/味噌/糖,無,98,0.0,13,喜樂之泉,品名:喜樂海山醬 原料:水、味噌、番茄糊、蔗糖、辣椒、黃豆醬汁、酵母抽出物、南極日曬海鹽、昆布、香菇 內容量:150 毫升 產地:台灣 保存期限:18 個月(未開封) 有效日期:標示於包裝(西元年月日) 過敏原:黃豆、小麥 注意事項: 1.沈澱為自然現象不影響品質 2.開瓶後請放入冰箱保存 3.本品含有過敏原:黃豆、小麥,無,https://s1.myqr.com.tw/newshop/177/TypeGoods?type2=5425&type1=5958&type0=5976&pageIndex=0&goodId=46129,無,https://pshop.myqr.com.tw/qrssimage/GoodsImage/126/126277.png?49
4715351501101,素食烏醋/600ml,常溫食品,調味/醬料/醬菜,醬油/味噌/糖,無,50,0.0,37,穀盛,台灣招牌烏酢、採用數十種獨家香料、再調和糯米酢及蔬菜、水果製作而成、不論是紅燒料理或是肉羹、炒麵、一定少不了它. 台灣&rdquo;烏酢&rdquo;係 60 年前由前工研酢董事長許侯才先生(穀盛公司創辦人)所研發自創、符合當時台灣傳統料理、小吃;如肉羹、蚵仔麵線、紅燒魚等、它的親合力強、能輕易溶入各種食材而展現不同曼妙的美味.因此烏酢在台灣流行了 60 餘年、已成了各種料理不可或缺的調味聖品.烏酢需經過一段長時間熟成後、風味特別佳、故內行的人會選用製造愈久的烏酢、因其味道愈香醇.本公司所釀製的烏酢係由 100% 純釀糯米調合蔬菜、水果、橘、紅蘿蔔、大蒜、鹽、糖及 18 種天然香辛料而成、風味傳統獨特、是台灣最具代表性的烏酢;且由於原料都是天然蔬菜及多種香辛料所製成、所以放置略久、會產生自然沉澱、與品質無關、使用前搖勻使用即可. 容量:600ml 內容物:水 釀造米醋 糖 鹽 胡蘿蔔汁 香菇 海帶 番茄汁 柳橙汁、 食品添加物名稱:醬色 天然素食香辛料 產地:台灣,無,https://s1.myqr.com.tw/newshop/177/TypeGoods?type2=5425&type1=5958&type0=5976&pageIndex=0&goodId=29789,無,https://pshop.myqr.com.tw/qrssimage/GoodsImage/71/71364.jpg?33
4715351100014,純米霖/500cc,常溫食品,調味/醬料/醬菜,醬油/味噌/糖,無,90,0.0,27,穀盛,醇米霖 Mirin 「醇米霖」為穀盛公司結合 60 餘年發酵技術與日本合作所推出之台灣第一家創新產品. 醇米霖 - 日本皇家御廚專用的料理秘方 醇米霖又稱米淋(Mirin)、是最先進的和風醱酵調味品、其主要成份為糯米、 因釀造時所產生的甘甜和酒香、連一般砂糖、味素均望塵莫及、 故早年專為日本皇室貴族享用、如今更已是家家戶戶及各類食品加工廠所深愛使用. 醇米霖(Mirin)可取代砂糖、味精、使料理美味可口甜而不膩、 改善食物中的口感、腥味、更可軟化肉質增加食物香氣及光澤度、因此能在日式調味品中成為後起之秀崛起. 除日式料理外、Mirin 更廣泛適用於中式料理如水餃、燒賣、麵點、蛋糕、燒烤魚肉、炒牛蒡、滷肉(味) 及冷凍調理之製程中添加、有意想不到之提鮮功效. 原料:糯米、米麴、果糖、水、釀造酢、鹽,無,https://s1.myqr.com.tw/newshop/177/TypeGoods?type2=5425&type1=5958&type0=5976&pageIndex=0&goodId=29787,無,https://pshop.myqr.com.tw/qrssimage/GoodsImage/71/71353.jpg?33
4711175000677,純釀乾豆鼓/200g,常溫食品,調味/醬料/醬菜,醬油/味噌/糖,無,130,0.0,58,味榮,規格 精選大顆黑豆純釀洗滌蒸熟 蒸煮、拌炒 全素食者可食用 1.商品組合 / 規格:純釀乾豆豉 200g 2.商品品名:純釀乾豆豉 3.商品重(容)量:200g/ 罐 4.內容物名稱(成分):黑豆、鹽 5.食品添加物名稱:無 6.原產地(國):台灣 7.製造廠商或國內負責廠商名稱:味榮食品工業股份有限公司 8.製造廠商或國內負責廠商地址:台中市豐原區西勢路 701 號 9.製造廠商或國內負責廠商電話:04-25320279 10.以消費者收受日算起、至少距有效日期前?日以上:146 11.食品業者登錄字號:B-105698174-00000-9 12.投保產品責任險字號:07 字第 362205A00098 號 備註欄:無,無,https://s1.myqr.com.tw/newshop/177/TypeGoods?type2=5425&type1=5958&type0=5976&pageIndex=0&goodId=29764,味榮,https://pshop.myqr.com.tw/qrssimage/GoodsImage/71/71269.jpg?68
4711175000721,純釀黑豆蔭油/450g,常溫食品,調味/醬料/醬菜,醬油/味噌/糖,無,210,0.0,185,味榮,依據台灣西螺黑豆壺底蔭油老師傅阿炎師傳承古法 精選黑豆 嚴格篩選 浸泡蒸煮 下麴菌製麴 清洗拌鹽 加上粗鹽封缸 黑豆在陶甕日曝 讓醬油麴菌在缸中因為時間與溫度的高低起伏 慢慢將一粒粒黑豆中所蘊含的營養與精華激發出來 成為日後一滴滴濃醇的黑豆原汁 黑豆本質營養豐富 又經天然發酵釀造 營養成分更易吸收. &bull;黑豆使用量:多 / 釀造熟成期:180 天 &bull;本系列符合國家標準 CNS423 甲級品醬油總氮量 1.4g/100ml 胺基態氮 0.56g/100ml 以上無鹽可溶性固形物 13% 以上. &bull;本系列為天然手工純釀造 沉澱屬自然現象!本品不含防腐劑 開封後請冷藏 並請盡速食用完畢. 附註說明:全素 本商品規格 內容物名稱 水、黑豆、鹽、糖、甘草 內容量 420ml(450g) 原產地(國) 台灣 保存期限 1095 日 廠商名稱 味榮食品工業股份有限公司 廠商電話 04-25320279 廠商地址 台中市豐原區西勢路 701 號 投保產品責任險字號 07 字第 362205A00098 號 食品業者登錄字號 B-105698174-00000-9 其他應揭露事項 以消費者收受日起算、至少距有效日期前?日以上:219 【品名】純釀黑豆蔭油 【淨重】450g 【容量】420ml 【國際條碼】4711175000721 【原產地(國)】台灣 【保存期限】未開封 3 年 【保存方法】無添加防腐劑及人工色素、置於陰涼乾燥處、開封後請冷藏. ※天然手工釀造、放置略久會有自然沉澱產生、敬請安心使用!,無,https://s1.myqr.com.tw/newshop/177/TypeGoods?type2=5425&type1=5958&type0=5976&pageIndex=0&goodId=29742,無,https://pshop.myqr.com.tw/qrssimage/GoodsImage/71/71173.jpg?68
4711175000738,純釀黑豆蔭油膏/450g,常溫食品,調味/醬料/醬菜,醬油/味噌/糖,無,210,0.0,80,味榮,依據台灣西螺黑豆壺底蔭油老師傅阿炎師傳承古法 精選黑豆 嚴格篩選 浸泡蒸煮 下麴菌製麴 清洗拌鹽 加上粗鹽封缸 黑豆在陶甕日曝 讓醬油麴菌在缸中因為時間與溫度的高低起伏 慢慢將一粒粒黑豆中所蘊含的營養與精華激發出來 成為日後一滴滴濃醇的黑豆原汁 黑豆本質營養豐富 又經天然發酵釀造 營養成分更易吸收. 本商品規格 品名: 味榮純釀黑豆蔭油(油膏)450g 內容物名稱:水、黑豆、鹽、糖、糯米 內容量:420ml(450g) 原產地(國):台灣 保存期限:1095 日 投保產品責任險字號:07 字第 362205A00098 號 食品業者登錄字號:B-105698174-00000-9 效期說明:以消費者收受日起算、至少距有效日期前 219 日以上. 消費者收受商品之有效日期若短於上述期間、本公司將於接獲通知後協助辦理退換貨. 其他應揭露事項:以消費者收受日起算、至少距有效日期前?日以上:219 【國際條碼】4711175000738 【製造廠商或國內負責廠商名稱】味榮食品工業股份有限公司 【電話】04-25320279 【地址】台中市豐原區西勢路 701 號 【原產地(國)】台灣 【保存期限】未開封 3 年 【保存方法】無添加防腐劑及人工色素、置於陰涼乾燥處、開封後請冷藏. ※天然手工釀造、放置略久會有自然沉澱產生、敬請安心使用!,無,https://s1.myqr.com.tw/newshop/177/TypeGoods?type2=5425&type1=5958&type0=5976&pageIndex=0&goodId=29743,無,https://pshop.myqr.com.tw/qrssimage/GoodsImage/71/71179.jpg?5
4711175000684,純釀濕豆鼓/400g,常溫食品,調味/醬料/醬菜,醬油/味噌/糖,無,175,0.0,57,味榮,商品描述 本產品採用天然黑豆 天然無添加 特選天然黑豆純釀 古法釀造 蔭味壺底鼓拌醬絕配可直接食用 商品特色 .本產品採用天然黑豆 .天然無添加 .特選天然黑豆純釀 .古法釀造 .蔭味壺底鼓拌醬絕配、可直接食用 品名:味榮活力元氣純釀濕豆鼓 原料:古釀醬油、天然蔗糖、天然海鹽、麥芽糖、OCIA 認證黑豆 內容量:400 公克 保存期限:2 年 產地:台灣 全素 ◎本產品不含防腐劑、開封後請冷藏 營養標示每一份量 100 公克本包裝含 4 份 每份每日參考值百分比 熱量 180 大卡 9% 蛋白質 12.3 公克 20.5% 脂肪 5.7 公克 9% 飽和脂肪 0 公克 0% 反式脂肪 0 公克 0% 碳水化合物 19.9 公克 6.2% 鈉 710 毫克 155%,無,https://s1.myqr.com.tw/newshop/177/TypeGoods?type2=5425&type1=5958&type0=5976&pageIndex=0&goodId=29765,味榮,https://pshop.myqr.com.tw/qrssimage/GoodsImage/71/71277.jpg?5
4719859742035,康健純釀烏醋/250ml,常溫食品,調味/醬料/醬菜,醬油/味噌/糖,無,130,0.0,21,有機園,★純天然發酵 ★遵循古法釀製 ★優質的鹼性營養補充品 ★商品特色 採用天然蔬果食材加入釀造米醋釀製、釀製期達 540 天烏醋放置愈久、愈熟成、也就是愈陳愈香. ★食用建議 烏醋屬於調理醋、一般台式乾拌麵、酸辣湯、什錦湯麵.等、或是重口味的濃厚羹湯類料理、吃的時候加些烏醋、提味效果很好、所以家裡做肉羹、吻仔魚羹的時候、都很適用.若是做紅燒魚在起鍋前加入一些烏醋風味最佳. 品名:純釀烏醋 成份:水、釀造米醋、糖、鹽、胡蘿蔔、香菇、海帶、蕃茄、柳橙、焦糖色素、天然素食香辛料. 食用方式:可添加於食物以增添風味. 容量:250 毫升 保存方式:請置於陰涼處、避免陽光直射. 保存期限:5 年 產地:台灣 營養標示每一份量 10 公克本包裝含 20 份 每份每 100 公克 熱量 4 大卡 42 大卡 蛋白質 0.1 公克 0.5 公克 脂肪 0 公克 0 公克 飽和脂肪 0 公克 0 公克 反式脂肪 0 克 0 公克 碳水化合物 1 公克 10 公克 糖 0.8 公克 8.3 公克 膳食纖維 0 公克 0 公克 鈉 186 毫克 1860 毫克,無,https://s1.myqr.com.tw/newshop/177/TypeGoods?type2=5425&type1=5958&type0=5976&pageIndex=0&goodId=29185,無,https://pshop.myqr.com.tw/qrssimage/GoodsImage/68/68821.jpg?5
4713943081093,淳味紅冰糖/2kg/粉,常溫食品,調味/醬料/醬菜,醬油/味噌/糖,無,390,0.0,42,達益,產品特色: 本產品使用現代化設備、以粗蔗糖為原料、遵循古法煉製、經長時間靜置、自然結晶成不規則水晶狀之純正冰糖.製造過程中、無漂白、無加色、不含任何人工添加物.所以隨產地之氣候及降雨量不同、產品色澤也會有深淺之分. 因此達益淳味紅冰糖可以完整保存蔗糖之原色、原味以及各種營養成份、色澤呈天然紅褐色、入口甘醇可口、同時享有淳厚風味. 由於遵循正宗傳統冰糖製造工法、以天然綿線為結晶介質、若有些許綿線殘留、為正常現象、無礙品質. 產品內容 成份:粗蔗糖 重量:2 公斤 保存期限:2 年 有效日期:標於包裝上 產地:台灣,無,https://s1.myqr.com.tw/newshop/177/TypeGoods?type2=5425&type1=5958&type0=5976&pageIndex=0&goodId=29770,無,https://pshop.myqr.com.tw/qrssimage/GoodsImage/71/71295.jpg?88
4713943081024,淳味紅冰糖/2kg/粗,常溫食品,調味/醬料/醬菜,醬油/味噌/糖,無,390,0.0,18,達益,產品特色: 本產品使用現代化設備、以粗蔗糖為原料、遵循古法煉製、經長時間靜置、自然結晶成不規則水晶狀之純正冰糖.製造過程中、無漂白、無加色、不含任何人工添加物.所以隨產地之氣候及降雨量不同、產品色澤也會有深淺之分. 因此達益淳味紅冰糖可以完整保存蔗糖之原色、原味以及各種營養成份、色澤呈天然紅褐色、入口甘醇可口、同時享有淳厚風味. 由於遵循正宗傳統冰糖製造工法、以天然綿線為結晶介質、若有些許綿線殘留、為正常現象、無礙品質. 產品內容 成份:粗蔗糖 重量:2 公斤 保存期限:2 年 有效日期:標於包裝上 產地:台灣 營養標示 (每一份 10 公克、本包裝含 200 份) 熱量 39.7 大卡 蛋白質 0.0 公克 脂肪 0.0 公克 飽和脂肪酸 0 公克 反式脂肪酸 0 公克 碳水化合物 9.9 公克 糖 9.8 公克 鈉 0 毫克,無,https://s1.myqr.com.tw/newshop/177/TypeGoods?type2=5425&type1=5958&type0=5976&pageIndex=0&goodId=29771,無,https://pshop.myqr.com.tw/qrssimage/GoodsImage/71/71297.jpg?88
4713943081062,淳味紅冰糖/2kg/細粒,常溫食品,調味/醬料/醬菜,醬油/味噌/糖,無,390,0.0,20,達益,特色: ●使用現代化設備、以粗蔗糖為原料、遵循古法煉製、經長時間靜置、自然結晶成不規則水晶狀之純正冰糖. ●製造過程中、無漂白、無加色、不含任何人工添加物、隨產地之氣候及降雨量不同、產品色澤也會有深淺之分. ●可以完整保存蔗糖之原色、原味以及各種營養成份、色澤呈天然紅褐色、入口甘醇可口、同時享有淳厚風味. 用途: ●添加於咖啡、茶、牛奶、果汁中、風味絕佳. ●釀製各種水果醋、水果酒、調理甜湯、料理等用途. 產地:台灣 內容物:紅冰糖 原料:粗蔗糖 淨重:2kg 保存期限:2 年 【商品包裝外觀樣式色澤以實際出貨為準】,無,https://s1.myqr.com.tw/newshop/177/TypeGoods?type2=5425&type1=5958&type0=5976&pageIndex=0&goodId=29769,無,https://pshop.myqr.com.tw/qrssimage/GoodsImage/91/91611.jpg?24
4713943081017,淳味紅冰糖/粗/500g,常溫食品,調味/醬料/醬菜,醬油/味噌/糖,無,130,0.0,38,達益,產品特色 紅冰糖製造過程中、無漂白、無脫色、不含任何添加物、並完整保存蔗糖之原色、原味以及各種營養成份、色澤呈天然紅褐色、入口甘甜可口、同時享有醇厚風味. 產品說明 內容物:粗蔗糖 淨重:500g 保存期限:2 年 品牌介紹 美好人生堅持選用以高品質的有機級原料、天然生態級原料、並堅持加工過程中、以少油少鹽少糖、符合健康養生保健的基本要求.,無,https://s1.myqr.com.tw/newshop/177/TypeGoods?type2=5425&type1=5958&type0=5976&pageIndex=0&goodId=29768,無,https://pshop.myqr.com.tw/qrssimage/GoodsImage/71/71291.jpg?24
4713943081055,淳味紅冰糖/細/450g,常溫食品,調味/醬料/醬菜,醬油/味噌/糖,無,130,0.0,22,達益,特色: ●使用現代化設備、以粗蔗糖為原料、遵循古法煉製、經長時間靜置、自然結晶成不規則水晶狀之純正冰糖. ●製造過程中、無漂白、無加色、不含任何人工添加物、隨產地之氣候及降雨量不同、產品色澤也會有深淺之分. ●可以完整保存蔗糖之原色、原味以及各種營養成份、色澤呈天然紅褐色、入口甘醇可口、同時享有淳厚風味. 用途: ●添加於咖啡、茶、牛奶、果汁中、風味絕佳. ●釀製各種水果醋、水果酒、調理甜湯、料理等用途. 產地:台灣 內容物:紅冰糖 原料:粗蔗糖 保存期限:2 年 【商品包裝外觀樣式色澤以實際出貨為準】,無,https://s1.myqr.com.tw/newshop/177/TypeGoods?type2=5425&type1=5958&type0=5976&pageIndex=0&goodId=29772,無,https://pshop.myqr.com.tw/qrssimage/GoodsImage/71/71300.jpg?8
4713943081086,淳味棉冰糖/粉/450g,常溫食品,調味/醬料/醬菜,醬油/味噌/糖,無,130,0.0,18,達益,產品特色:本產品使用現代化設備、以粗蔗糖為原料、遵循古法煉製、經長時間靜置、自然結晶成不規則水晶狀之純正冰糖.製造過程中、無漂白、無加色、不含任何人工添加物.所以隨產地之氣候及降雨量不同、產品色澤也會有深淺之分.因此達益淳味紅冰糖可以完整保存蔗糖之原色、原味以及各種營養成份、色澤呈天然紅褐色、入口甘醇可口、同時享有淳厚風味.由於遵循正宗傳統冰糖製造工法、以天然綿線為結晶介質、若有些許綿線殘留、為正常現象、無礙品質.成份:粗蔗糖重量:450 公克保存期限:2 年有效日期:標於包裝上 【食品業者登錄字號】F-135466600-00000-3 【投保產品責任險公司與字號】富邦產物 0525 字第 20AML0002887 號 【製造廠商或國內負責廠商名稱】達益食品工業股份有限公司 【製造廠商或國內負責廠商電話】02-29719100 【製造廠商或國內負責廠商地址】新北市 24157 三重區中正北路 345 號 【食物過敏原標示】無【內容物成份】甘蔗糖 【內容量(重量)】450g/ 包 【保存期限(總效期)】720 天,無,https://s1.myqr.com.tw/newshop/177/TypeGoods?type2=5425&type1=5958&type0=5976&pageIndex=0&goodId=46335,無,https://pshop.myqr.com.tw/qrssimage/GoodsImage/128/128613.jpg?8
4710918386023,甜辣醬/210ml,常溫食品,調味/醬料/醬菜,醬油/味噌/糖,無,115,0.0,55,喜樂之泉,商品品名:喜樂甘露甜辣醬 210ml 商品規格:210ml/ 瓶 商品重(容)量:210ml 內容物名稱(成分):番茄湖(中國)、辣椒(台灣)、蔗糖(巴西)、喜樂之泉純釀醬油(台灣)、水、檸檬汁(德國)、香菇磨粉(台灣)、北海道真昆布濃縮抽出物(日本靜岡)、糯米(台灣) 原產地(國):台灣 製造廠商或國內負責廠商名稱:喜樂之泉股份有限公司 製造廠商或國內負責廠商地址:彰化縣社頭鄉善德巷 43 號 製造廠商或國內負責廠商電話:04-8730-365 以消費者收受日算起、除特殊性商品(生鮮蔬果、烘焙麵包、現做便當、快閃優惠、特價優惠等商品)至少距有效日期前?日以上:30 天 製造廠商或國內負責廠商投保產品責任險字號:17401 字第 05ML000375 號,無,https://s1.myqr.com.tw/newshop/177/TypeGoods?type2=5425&type1=5958&type0=5976&pageIndex=0&goodId=46126,無,https://pshop.myqr.com.tw/qrssimage/GoodsImage/125/125533.jpg?44
4711275100833,黑龍有機壺底油/400ml,常溫食品,調味/醬料/醬菜,醬油/味噌/糖,無,330,0.0,5,黑龍,品名:有機壺底油 原料:水、有機黑豆(中國)、有機砂糖(巴西)、有機砂糖(巴西)、 有機湖鹽(澳洲) 用法: 1.『料理提味』:可用於滷肉、滷菜、醃蘿蔔、炒菜、蒸魚、拌飯麵、沾水餃等料理. 2.『滷味鍋底』:將黑龍有機壺底油、水以 1:10 比例熬煮、即完成美味滷汁.加入各式食材滷煮至熟透即可. 建議用法:湯底、煮、拌、炒、滷、蒸、醃. 容量:400ml&plusmn;10ml 保存期限:3 年 注意事項:開瓶後請冷藏、如有沉澱屬自然現象、請安心食用. 原產地:台灣 營養標示每份 10 毫升本包裝含 40 份 每份每 100 毫升 熱量 13.4 大卡 134.0 大卡 蛋白質 0.9 公克 9.3 公克 脂肪 0 公克 0 公克 飽和脂肪 0 公克 0 公克 反式脂肪 0 公克 0 公克 碳水化合物 2.4 公克 24.2 公克 糖 2.2 公克 21.7 公克 鈉 478 毫克 4783 毫克 三鷹食品有限公司 05-2264650 嘉義縣民雄鄉寮頂村頂寮 66-5 號 采園有機認證 認證字號 1-008-130905,無,https://s1.myqr.com.tw/newshop/177/TypeGoods?type2=5425&type1=5958&type0=5976&pageIndex=0&goodId=28726,黑龍 有機認證,https://pshop.myqr.com.tw/qrssimage/GoodsImage/67/67371.jpg?44
4711275100918,黑龍特級黑豆蔭油/160ml,常溫食品,調味/醬料/醬菜,醬油/味噌/糖,無,130,0.0,-6,黑龍,★日曝 120 天古法手工純釀 ★遵古製法 - 懷舊好滋味 ★頂級香純黑豆蔭油膏 ★嚴選天然糯米調製 品牌簡介: 黑龍品牌創立於西元 1944 年、一甲子的健康美味 黑:代表「穩重」、龍:代表「尊貴」 運用的琥珀色、就如同黑龍遵循古法的手工純釀醬色、樸實卻富有傳統的台灣文化精神. 本商品特色: 由 100% 黑豆經過 120 天日曝月露後所釀造出之黑豆壺底醬汁調製. 原汁純度高、味道香濃、口感甘醇獨特、為醬中之上品. 不含防腐劑、味精、糖精、人工色素. 以最高純度的壺底油加上天然糯米調製、更香更甘更醇更健康美味. 參考食用方式:滷、煮、炒、沾、拌、烤、醃皆宜. 特別料理推薦:醬爆肉片 ◎規格容量:160ml/ 瓶(玻璃瓶裝)-- 每罐附單入禮盒 ◎本組商品內容:【黑龍】特級黑豆蔭油膏(160ml) ◎保存期限:依製造日起三年 ◎建議用法:滷、煮、炒、沾、拌、烤、醃皆宜. ◎※本商品無添加防腐劑、開瓶後請放冰箱、未開瓶請放置於蔭涼處.,無,https://s1.myqr.com.tw/newshop/177/TypeGoods?type2=5425&type1=5958&type0=5976&pageIndex=0&goodId=47362,無,https://pshop.myqr.com.tw/qrssimage/GoodsImage/128/128706.jpg?79
4711275100321,黑龍特級黑豆蔭油/600ml,常溫食品,調味/醬料/醬菜,醬油/味噌/糖,無,270,0.0,59,黑龍,黑龍製程說明 在純釀造醬油醱酵工程中、為使酵母菌得到最好的生存條件、須有良好的溫度及濕度. 黑龍蔭油以手工製麴後之黑豆、封蓋置於室外、在北回歸線充足的陽光下整整 120 天的 曝曬發酵在日曝月露 120 天時、其中酵母菌之發酵正值黑豆中蛋白質分解游離最活潑的 時機、黑龍蔭油就是萃取此時的壺底醬汁為原料、調製出道地傳統的香醇蔭油 商品特色說明 本品由 100% 黑豆經過 120 天日曝月露後所釀造出之黑豆壺底醬汁調製. 原汁純度高、味道香濃、口感甘醇獨特、為醬中之上品. 不含防腐劑、味精、糖精、人工色素. 商品規格 商品名稱 【黑龍】特級黑豆蔭油 - 純釀清油(600ml) 品牌 黑龍 種類 醬油 葷 / 素 全素 保存方法 常溫 內容物成份 黑豆、水、砂糖、食鹽(天然海鹽)、酵母抽出物、普通焦糖 熱量 200 大卡 /100ml 每份營養成份 依瓶身標示 內容量 600ml 食品添加物名稱 無 製造 / 加工地 台灣 廠商名稱 三鷹食品有限公司 廠商電話號碼 05-2264650 廠商地址 嘉義縣民雄鄉寮頂村頂寮 66-5 號 保存期限 依製造日起 3 年 製造日期╱有效日期 依商品包裝顯示 投保產品責任險字號 07-462206A100,無,https://s1.myqr.com.tw/newshop/177/TypeGoods?type2=5425&type1=5958&type0=5976&pageIndex=0&goodId=29697,無,https://pshop.myqr.com.tw/qrssimage/GoodsImage/71/71008.jpg?79
4711275100932,黑龍特級黑豆蔭油膏/160ml,常溫食品,調味/醬料/醬菜,醬油/味噌/糖,無,130,0.0,12,黑龍,★日曝 120 天古法手工純釀 ★遵古製法 - 懷舊好滋味 ★頂級香純黑豆蔭油膏 ★嚴選天然糯米調製 品牌簡介: 黑龍品牌創立於西元 1944 年、一甲子的健康美味 黑:代表「穩重」、龍:代表「尊貴」 運用的琥珀色、就如同黑龍遵循古法的手工純釀醬色、樸實卻富有傳統的台灣文化精神. 本商品特色: 由 100% 黑豆經過 120 天日曝月露後所釀造出之黑豆壺底醬汁調製. 原汁純度高、味道香濃、口感甘醇獨特、為醬中之上品. 不含防腐劑、味精、糖精、人工色素. 以最高純度的壺底油加上天然糯米調製、更香更甘更醇更健康美味. 參考食用方式:滷、煮、炒、沾、拌、烤、醃皆宜. 特別料理推薦:醬爆肉片 ◎規格容量:160ml/ 瓶(玻璃瓶裝)-- 每罐附單入禮盒 ◎本組商品內容:【黑龍】特級黑豆蔭油膏(160ml) ◎保存期限:依製造日起三年 ◎建議用法:滷、煮、炒、沾、拌、烤、醃皆宜. ◎※本商品無添加防腐劑、開瓶後請放冰箱、未開瓶請放置於蔭涼處.,無,https://s1.myqr.com.tw/newshop/177/TypeGoods?type2=5425&type1=5958&type0=5976&pageIndex=0&goodId=47371,無,https://pshop.myqr.com.tw/qrssimage/GoodsImage/128/128718.png?63
4711275100314,黑龍特級黑豆蔭油膏/600ml,常溫食品,調味/醬料/醬菜,醬油/味噌/糖,無,370,0.0,33,黑龍,★日曝 120 天古法手工純釀 ★遵古製法 - 懷舊好滋味 ★頂級香純黑豆蔭油膏 ★嚴選天然糯米調製 品牌簡介: 黑龍品牌創立於西元 1944 年、一甲子的健康美味 黑:代表「穩重」、龍:代表「尊貴」 運用的琥珀色、就如同黑龍遵循古法的手工純釀醬色、樸實卻富有傳統的台灣文化精神. 本商品特色: 由 100% 黑豆經過 120 天日曝月露後所釀造出之黑豆壺底醬汁調製. 原汁純度高、味道香濃、口感甘醇獨特、為醬中之上品. 不含防腐劑、味精、糖精、人工色素. 以最高純度的壺底油加上天然糯米調製、更香更甘更醇更健康美味. 參考食用方式:滷、煮、炒、沾、拌、烤、醃皆宜. 特別料理推薦:醬爆肉片 ◎規格容量:600ml/ 瓶(玻璃瓶裝)-- 每罐附單入禮盒 ◎本組商品內容:【黑龍】特級黑豆蔭油膏(600ml) ◎保存期限:依製造日起三年 ◎建議用法:滷、煮、炒、沾、拌、烤、醃皆宜. ◎※本商品無添加防腐劑、開瓶後請放冰箱、未開瓶請放置於蔭涼處.,無,https://s1.myqr.com.tw/newshop/177/TypeGoods?type2=5425&type1=5958&type0=5976&pageIndex=0&goodId=29698,無,https://pshop.myqr.com.tw/qrssimage/GoodsImage/71/71019.jpg?63
4711175003067,極釀有機黑豆蔭油膏/320ml,常溫食品,調味/醬料/醬菜,醬油/味噌/糖,無,215,0.0,93,味榮,■箱入數:12 入 ■保存期限:36 月 從黑豆品種的嚴格篩選.浸泡蒸煮 下麴菌製麴 清洗拌鹽 加上粗鹽封缸 黑豆在陶甕日曝蔭製 180 天.讓醬油麴菌在缸中因為時間與溫度的高低起伏 慢慢將一粒粒黑豆中所蘊含的營養與精華激發出來 成為日後一滴滴濃醇的黑豆原汁 料理方法: 油膏 - 沾食各式蘿蔔糕.水餃.拌水煮蔬菜.菇類 油露 - 紅燒料理.湯底調味.水煮蔬菜.沾拌佳! 1.無麩質 2.小瓶包裝適合單身與小家庭使用 3.黑豆醬油別於一般黃豆醬油傳統在地風味、更適合中式料理. &bull;黑豆使用量:多(優級口感)釀造熟成期:180 天 &bull;有機原料:有機黑豆(中國).有機糖(巴西).有機糯米(台灣) &bull;以上黑豆醬油均由台灣農委會審核檢驗單位&ldquo;采園生態驗證&rdquo;之有機黑豆醬油產品. 有機驗證字號:1-008-131106 &bull;台灣第一支通過 ISO22000&amp;HACCP 國際食品安全保證的有機黑豆醬油 &bull;此系列為天然手工純釀造 沉澱屬自然現象!本品不含防腐劑 開封後請冷藏 並請盡速食用完畢 附註說明:全素 ★天然釀造、熟成 180 天. ★主原料:黑豆、糖、糯米、經有機認證. ※成分及營養標示如圖 5 所示. ※符合國家標準 CNS423 甲級品,無,https://s1.myqr.com.tw/newshop/177/TypeGoods?type2=5425&type1=5958&type0=5976&pageIndex=0&goodId=46150,無,https://pshop.myqr.com.tw/qrssimage/GoodsImage/125/125608.jpeg?98
4711175003050,極釀有機黑豆蔭油露/320ml,常溫食品,調味/醬料/醬菜,醬油/味噌/糖,無,215,0.0,69,味榮,■保存期限:36 月 從黑豆品種的嚴格篩選.浸泡蒸煮 下麴菌製麴 清洗拌鹽 加上粗鹽封缸 黑豆在陶甕日曝蔭製 180 天.讓醬油麴菌在缸中因為時間與溫度的高低起伏 慢慢將一粒粒黑豆中所蘊含的營養與精華激發出來 成為日後一滴滴濃醇的黑豆原汁 料理方法: 油露 - 紅燒料理.湯底調味.水煮蔬菜.沾拌佳! 油膏 - 沾食各式蘿蔔糕.水餃.拌水煮蔬菜.菇類 1.無麩質 2.小瓶包裝適合單身與小家庭使用 3.黑豆醬油別於一般黃豆醬油傳統在地風味、更適合中式料理. &bull;黑豆使用量:多(優級口感)釀造熟成期:180 天 &bull;有機原料:有機黑豆(中國).有機糖(巴西).有機糯米(台灣) &bull;以上黑豆醬油均由台灣農委會審核檢驗單位&ldquo;采園生態驗證&rdquo;之有機黑豆醬油產品. 有機驗證字號:1-008-131106 &bull;此系列為天然手工純釀造 沉澱屬自然現象!本品不含防腐劑 開封後請冷藏 並請盡速食用完畢,無,https://s1.myqr.com.tw/newshop/177/TypeGoods?type2=5425&type1=5958&type0=5976&pageIndex=0&goodId=46149,味榮 有機認證,https://pshop.myqr.com.tw/qrssimage/GoodsImage/125/125610.jpeg?98
4710977146712,源和貴級油膏/420ml,常溫食品,調味/醬料/醬菜,醬油/味噌/糖,無,165,0.0,79,陳源和,產品特色 『陳源和醬油 - 源和貴級油膏』 位於雲林西螺的陳源和醬油廠、走過一百三十多年的歷史、代代經營者不僅傳授古法釀造技術、更要接棒者傳承身為製醬者應有的美德、秉持著「拒絕化學醬油、精選材料釀造、不添加人工調味劑、堅守純釀醬油的品質、踏踏實實地邁往永續經營」. 陳源和醬油也許不華麗、卻真實而簡樸、世世代代用心醞釀甘醇醬油、除了希望分享健康的飲食理念、也希望這項傳統釀造技藝得以傳承、讓愛用者品嚐到傳統醬油的這份感動久久延續. 陳源和醬油 - 源和貴級油膏、將手工古法釀造、日曝 4 至 6 個月、成熟發酵的黑豆經水煮壓榨、與糖、甘草、糯米天然食材熬煮而得、無人工添加物、色素、防腐劑.沾煮滷拌炒皆可、口感柔順甘醇、自然樸實的古早美味. 規格說明 420g/ 瓶 有效日期: 如包裝標示 保存方法: 未開封可置常溫、開封後請置冷藏,無,https://s1.myqr.com.tw/newshop/177/TypeGoods?type2=5425&type1=5958&type0=5976&pageIndex=0&goodId=29606,無,https://pshop.myqr.com.tw/qrssimage/GoodsImage/70/70667.jpg?35
4710977146750,源和貴級清油/420ml,常溫食品,調味/醬料/醬菜,醬油/味噌/糖,無,165,0.0,93,陳源和,產品特色 知味人才懂的光陰好滋味 陳源和的每一代傳人都耐心遵守繁複卻踏實的釀造程序、第四代傳人陳弘昌在原料上更是精挑細選、只選用來源清楚、非基改、無農藥殘留等原料安全證明的原豆做醬油、過程中拒絕任何人工添加物與防腐劑的修飾.採用陶缸釀造、陶缸中的毛細孔、讓被封存釀造的豆子能夠呼吸、對流.透氣的陶缸環境、讓陳源和醬油的口感與香氣更勝一籌. 用「誠心」與「耐心」的古早味釀造醬油 多年來陳源和醬油用做給自家人吃的心意、以誠心與耐心地走完每一道醬油釀造程序.首先、將日曝 4 至 6 個月成熟發酵的黑豆和少許黃豆經蒸煮、等豆子冷卻後再加入獨門菌種製麴、經過五~七天細心照顧溫、濕度、培育出健康成熟的麴菌後、再將豆子的菌絲洗淨、與天然海鹽一起封存進傳統陶缸內.發酵需靜心等待四到六個月、再與糖熬煮而得.源和貴級清油是陳源和醬油中最大眾口味的一支、口味甘醇柔順、沾煮滷拌炒都合適. 傳承 120 年的好滋味 120 多年前、陳源和醬油的第一代經營者陳成、在濁水溪畔的雲林西螺創立了源和醬油商號、將家族在廣東製作醬油的技術傳承下來.直至今天、第四代的陳弘昌先生仍然恪守父親留下的醬油家訓:「事業不用做的很大、化學醬油千萬碰不得.」堅持不偷工減料、用最好的原料釀造醬油、維持古法釀造.?古樸的陶甕靜置在雲林的煦煦陽光下、見證著陳源和醬油一路走來的踏實、為一個個知味的人保留用光陰釀出的好滋味. 特色: ●以精選黑豆、遵照祖傳古法調製、獨有高度種麴、經日曬四至六個月釀造而成. ●味美甘醇、營養豐富、是佐餐調味的好幫手. ●不含防腐劑(自然發酵) 原產地:台灣 成份:水、黑豆、砂糖、鹽 容量:420g/ 瓶 保存期限:2 年(未開封) 保存方式:置於陰涼乾燥處、開封後請密封冷藏 【商品包裝外觀樣式色澤以實際出貨為準】 注意事項:為自然純釀造、瓶底有沉澱現象或每批風味色澤有微小差異為自然現象、請安心食用,無,https://s1.myqr.com.tw/newshop/177/TypeGoods?type2=5425&type1=5958&type0=5976&pageIndex=0&goodId=29607,無,https://pshop.myqr.com.tw/qrssimage/GoodsImage/70/70671.jpg?35
4711175005511,萬用燒烤醬/155ml,常溫食品,調味/醬料/醬菜,醬油/味噌/糖,無,80,0.0,-46,味榮,商品介紹 保存方法 開封後請冷藏、並請盡速食用完畢. 食用建議 烤肉、紅燒料理調味. 過敏原 大豆、芝麻及小麥成分. ※本產品不含防腐劑. 規格說明 ?內容量:155ml ?成分:麥芽糖、醬油、水、味醂、糖、蘋果汁、果糖、柴魚抽出物、豆瓣醬(細)、玉米澱粉、米酒、醋、白胡椒粉、洋蔥、黑麻油、昆布抽出物、鹽、白芝麻粒、味精(調味劑)、蒜、胺基乙酸(調味劑)、薑、胺基丙酸(調味劑)、辣椒粉、呈味核?酸二鈉 ?過敏原:大豆 ?葷 / 素:葷 ?產地:台灣 ?保存期限:24 個月 ?保存方法:置於陰涼乾燥處;開封後請冷藏、並盡速食用完畢.,無,https://s1.myqr.com.tw/newshop/177/TypeGoods?type2=5425&type1=5958&type0=5976&pageIndex=0&goodId=47354,無,https://pshop.myqr.com.tw/qrssimage/GoodsImage/128/128683.jpeg?35
4710918386429,壽喜燒醬/210ml,常溫食品,調味/醬料/醬菜,醬油/味噌/糖,無,115,0.0,25,喜樂之泉,◎絕不添加防腐劑、安定劑、色素 ◎頂級二次釀工法、360 天古法釀造 原料:蔗糖、水、味霖(糯米、米麴、果糖、水、釀造醋、鹽)、非基因改造黃豆粒、小麥、南極日曬海鹽(澳洲)、薑、昆布、香菇、酵母抽出物 內容量:210 毫升 產地:台灣 保存期限:18 個月(未開封) 有效日期:標示於包裝(西元年月日) 過敏原:本產品含黃豆、小麥,無,https://s1.myqr.com.tw/newshop/177/TypeGoods?type2=5425&type1=5958&type0=5976&pageIndex=0&goodId=46130,無,https://pshop.myqr.com.tw/qrssimage/GoodsImage/125/125538.jpeg?19
4710859518880,綠色生活天然香味味素/120g,常溫食品,調味/醬料/醬菜,醬油/味噌/糖,無,385,0.0,17,綠色生活,樂活、慢活、享受生活 永遠是您廚房和餐桌之間好幫手! 萃取多種蔬果 + 菇類香味精華 只加一點點.就能提昇煮菜及湯頭的風味 商品名稱:綠色生活 - 香味道(香菇風味) ●原產地:台灣【純素可用】 ●內容量:120 公克╱罐 ●成分:香菇子實體(固態培養)、杏鮑菇子實體(固態培養)、芝麻、香蕉、玉米來源可溶性纖維、紅蘿蔔、菠菜、高麗菜、白菜、大豆蛋白粉、生機黃豆發酵濃縮粉、酵母菌粉、葡萄糖、鹽. ●食用方法:使用時!依個人口味酌量、請均勻灑開!烹調時可和食材同時添加拌勻、更能提升食材甘美;或用於滷、燉、炒菜;或生機料理、涼拌菜、川燙、串燒、烤炸. ●保存期限:未開封常溫 2 年、已開封冷藏 5°C 以下 3 個月(開封後、請冷藏保存避免受潮) ◎若在保存期限內有結塊受潮情形、純屬正常現象無礙於品質、敬請安心食用!,無,https://s1.myqr.com.tw/newshop/177/TypeGoods?type2=5425&type1=5958&type0=5976&pageIndex=0&goodId=29808,無,https://pshop.myqr.com.tw/qrssimage/GoodsImage/71/71421.jpg?19
4710859518866,綠色生活天然鮮味味素/120g,常溫食品,調味/醬料/醬菜,醬油/味噌/糖,無,385,0.0,21,綠色生活,商品描述 容量:120g/ 罐 *以天然多種蔬果、酵素萃取 *加重海藻天然鮮甘美味高倍精華 ■產品特色: 以天然多種蔬果、酵素萃取、加重海藻天然鮮甘美味高倍精華、只需一點點、輕鬆展現好廚藝、味先舌潤不燥渴、全部固型造粒、使用方便、是家家必備的健康美食調味聖品. 純淨保證無污染、無化學添加物.,無,https://s1.myqr.com.tw/newshop/177/TypeGoods?type2=5425&type1=5958&type0=5976&pageIndex=0&goodId=29807,無,https://pshop.myqr.com.tw/qrssimage/GoodsImage/71/71418.jpg?54
4710859510846,綠色生活陳年烏醋/300ml,常溫食品,調味/醬料/醬菜,醬油/味噌/糖,無,160,0.0,18,綠色生活,~創造健康喜悅的人生~璇寰國際有限公司多年來藉由「綠色生活」樹立了健康、有機及生物科技的企業形象、主要研發、生產、進口、代理合乎整體健康十法之相關產品、包括:體內環保、生命三保、SOD 原液酵素、更年期更年輕、家庭五寶、醋釀系列、麵油醬味、機能保健、營養保健、能量活水機、體膚保養&hellip;等商品;並推廣整體健康概念、生機飲食、自然療法、養生運動、光波能量、情緒管理、靈性提升等健康課程、希望帶給我們身、心、靈整體健康目標. 100% 純釀素食烏醋、全部採用高山現採生機素材為原料、渾然天成、溫醇自然、不含精鹽、化學添加物、色素、防腐劑 品名:生機原味醬油 原產地:台灣 內容量:300ml/ 瓶 成分:生機發芽糙米發酵液、蘋果發酵液、木瓜發酵液、芹菜、麥芽、肉桂、茴香、山奈、陳皮、海鹽、黑糖蜜、酵母菌、醋酸菌(本品使用嘉義太保農會生機糙米) 食用方法:沾醬、佐菜料理 保存期限:常溫 2 年(開封後請置於冰箱冷藏保存) 保存方式:開封後保持密閉、存放於陰涼乾燥處、並儘快食用完畢.(本品不含防腐劑、若有沉澱為自然現象),無,https://s1.myqr.com.tw/newshop/177/TypeGoods?type2=5425&type1=5958&type0=5976&pageIndex=0&goodId=29809,無,https://pshop.myqr.com.tw/qrssimage/GoodsImage/71/71424.png?54
4710918386467,蒲燒醬/210ml,常溫食品,調味/醬料/醬菜,醬油/味噌/糖,無,115,0.0,19,喜樂之泉,原料:蔗糖、水、非基因改造黃豆粒、味霖(糯米、米麴、果糖、水、釀造酢、鹽)、小麥、南極日曬海鹽(澳洲)、薑、白芝麻、昆布、香菇、酵母抽出物 內容量:210 毫升 產地:台灣 保存期限:18 個月(未開封) 有效日期:標示於包裝(西元年月日) 過敏原:本產品含黃豆、小麥、芝麻,無,https://s1.myqr.com.tw/newshop/177/TypeGoods?type2=5425&type1=5958&type0=5976&pageIndex=0&goodId=47351,無,https://pshop.myqr.com.tw/qrssimage/GoodsImage/128/128680.jpeg?54
4711175000851,職人有機黑豆蔭油膏/320ml,常溫食品,調味/醬料/醬菜,醬油/味噌/糖,無,290,0.0,50,味榮,●100% 黑豆釀造熟成:180 天 ●純釀造、無添加零負擔、餐桌美味必備品 ●適合料理:養生菇類、砂鍋料理、炸物 ●通過采園生態驗證有限公司驗證、有機驗證字號:1-008-131106 ●素食●本產品含有大豆 ●手工純釀、沈澱屬自然現象 ■箱入數:12 入 ■保存期限:36 月,無,https://s1.myqr.com.tw/newshop/177/TypeGoods?type2=5425&type1=5958&type0=5976&pageIndex=0&goodId=46147,味榮 有機認證,https://pshop.myqr.com.tw/qrssimage/GoodsImage/125/125615.jpeg?38
4711175000844,職人有機黑豆蔭油露/320ml,常溫食品,調味/醬料/醬菜,醬油/味噌/糖,無,290,0.0,18,味榮,●100% 黑豆釀造熟成:180 天 ●純釀造、無添加零負擔、餐桌美味必備品 ●適合料理:麻婆豆腐、湯底調味、炭烤筊白筍 ●通過采園生態驗證有限公司驗證、有機驗證字號:1-008-131106 ●素食●本產品含有大豆 ●手工純釀、沈澱屬自然現象 ■箱入數:12 入 ■保存期限:36 月,無,https://s1.myqr.com.tw/newshop/177/TypeGoods?type2=5425&type1=5958&type0=5976&pageIndex=0&goodId=46146,味榮 有機認證,https://pshop.myqr.com.tw/qrssimage/GoodsImage/125/125618.jpeg?38
4711175007874,醬職人-國產黑豆蔭油膏/320ml,常溫食品,調味/醬料/醬菜,醬油/味噌/糖,320ml,200,0.0,26,味榮,【品牌故事】 在純樸農業社會的簡單年代、傳統的醬菜車或柑仔店、總是帶來家人餐桌上簡單美味的幸福醬菜料理.並傳遞真心誠意、用滿滿的愛串起土地到餐桌之間的美味橋樑、讓忙碌一天的家人們、能在餐桌上、安心品嚐溫馨歡聚時光. 不管世界如何變化、這樣的單純醬料滋味、讓不同世代的離鄉遊子們持續懷念回味. 味榮食品本著誠信安心七十年三代的醬職人精神、持續愛護這塊土地、以「關懷人文」、「友善土地」、「美味食物」為三大理念做為純釀造美食料理文化努力的方向、也不斷發掘這塊土地的豐富農產作物與美味醬料為味榮柑仔店終身使命. 【商品敘述】 傳統手工釀造、180 天淬鍊陶缸熟成好滋味 - 醬職人國產黑豆蔭油露 / 國產黑豆蔭油膏 味榮本釀造黑豆蔭油 - 西螺老師傅 70 年黑豆醬油傳統工法、手工製麴陶缸日曝熟成 180 天、發揮國產黑豆天然食材與本家釀造的自然香味與甘醇風味、成就美味無負擔的無添加黑豆醬油. 配合政府推廣國產雜糧計畫、使用國產非基因改造黑豆、品種『台南 5 號』、產地為雲林縣東勢鄉.全素、天然配方、味精與焦糖色素等化學無添加、無防腐劑、無人工色素、無人工香料.味榮食品本著老董事長「誠信、健康、安心」的三大理念為奉行圭桌、以客?的最高滿意度為依歸、貫徹誠信與品質的初衷.特別為了雄獅量身訂做『醬職人雄獅獨家料理組』、讓您在家也能輕鬆料理做出一桌好菜與心愛的家人分享! 開封後請冷藏. 成分:水、黑豆(台灣)、糖、鹽、糯米、甘草 保存期限:3 年 規格(內容量):320ml/ 瓶 營養標示:如圖 產地:台灣 【商品製造地】味榮食品工業股份有限公司 台中市豐原區西勢路 701 號 04-25320279 【備註】 食品業者登錄字號:B-105698174-00000-9 投保產品責任險字號:07 字第 362205A00098 號,無,https://s1.myqr.com.tw/newshop/177/TypeGoods?type2=5425&type1=5958&type0=5976&pageIndex=0&goodId=29750,無,https://pshop.myqr.com.tw/qrssimage/GoodsImage/71/71210.jpg?74
4711175007881,醬職人-國產黑豆蔭油露/320ml,常溫食品,調味/醬料/醬菜,醬油/味噌/糖,320ml,200,0.0,104,味榮,【品牌故事】 在純樸農業社會的簡單年代、傳統的醬菜車或柑仔店、總是帶來家人餐桌上簡單美味的幸福醬菜料理.並傳遞真心誠意、用滿滿的愛串起土地到餐桌之間的美味橋樑、讓忙碌一天的家人們、能在餐桌上、安心品嚐溫馨歡聚時光. 不管世界如何變化、這樣的單純醬料滋味、讓不同世代的離鄉遊子們持續懷念回味. 味榮食品本著誠信安心七十年三代的醬職人精神、持續愛護這塊土地、以「關懷人文」、「友善土地」、「美味食物」為三大理念做為純釀造美食料理文化努力的方向、也不斷發掘這塊土地的豐富農產作物與美味醬料為味榮柑仔店終身使命. 【商品敘述】 傳統手工釀造、180 天淬鍊陶缸熟成好滋味 - 醬職人國產黑豆蔭油露 / 國產黑豆蔭油膏 味榮本釀造黑豆蔭油 - 西螺老師傅 70 年黑豆醬油傳統工法、手工製麴陶缸日曝熟成 180 天、發揮國產黑豆天然食材與本家釀造的自然香味與甘醇風味、成就美味無負擔的無添加黑豆醬油. 配合政府推廣國產雜糧計畫、使用國產非基因改造黑豆、品種『台南 5 號』、產地為雲林縣東勢鄉.全素、天然配方、味精與焦糖色素等化學無添加、無防腐劑、無人工色素、無人工香料.味榮食品本著老董事長「誠信、健康、安心」的三大理念為奉行圭桌、以客?的最高滿意度為依歸、貫徹誠信與品質的初衷.特別為了雄獅量身訂做『醬職人雄獅獨家料理組』、讓您在家也能輕鬆料理做出一桌好菜與心愛的家人分享! 開封後請冷藏. 成分:黑豆、水、糖、鹽、甘草(無食品添加物) 保存期限:3 年 規格(內容量):320ml/ 瓶 營養標示:如圖 產地:台灣 【商品製造地】味榮食品工業股份有限公司 台中市豐原區西勢路 701 號 04-25320279 【備註】 食品業者登錄字號:B-105698174-00000-9 投保產品責任險字號:07 字第 362205A00098 號,無,https://s1.myqr.com.tw/newshop/177/TypeGoods?type2=5425&type1=5958&type0=5976&pageIndex=0&goodId=29751,無,https://pshop.myqr.com.tw/qrssimage/GoodsImage/71/71220.jpeg?74
4018462158159,Byodo全素美乃滋/260g,常溫食品,調味/醬料/醬菜,沾/拌醬,無,280,0.0,9,自然生活,品名:有機全素美乃滋 成份: 有機葵花籽油、水、有機(醋、原蔗糖、葵花子蛋白)、海鹽、有機第戎芥末(水、有機醋、有機棕芥末籽、海鹽)、有機玉米澱粉、有機關華豆膠. 原產地:德國 營養標示每一份量 10 公克本包裝含 26 份 每份每 100 公克 熱量 48 大卡 479 大卡 蛋白質 0.2 公克 1.7 公克 脂肪 5 公克 50 公克 飽和脂肪 0.6 公克 5.8 公克 反式脂肪 0 公克 0 公克 碳水化合物 0.6 公克 5.5 公克 糖 0.5 公克 4.7 公克 鈉 67 毫克 668 毫克,無,https://s1.myqr.com.tw/newshop/177/TypeGoods?type2=5425&type1=5958&type0=5977&pageIndex=0&goodId=29368,無,https://pshop.myqr.com.tw/qrssimage/GoodsImage/69/69860.jpg?10
4018462161302,Byodo芥末醬(粗顆粒)/125ml,常溫食品,調味/醬料/醬菜,沾/拌醬,無,220,0.0,7,自然生活,整個芥末籽為這種中辣芥末品種帶來特殊的愉悅體驗.最受歡迎的是粒狀芥末醬、尤其是法國料理和優質奶酪! 採小批量新鮮生產、整顆芥末籽伴著輕微辣口感、適合搭配德式香腸、起司、各式肉類、菜餚及製作調醬. 芥末咬一口! 100% 有機成分 中辣味 整個芥末籽 總是小批量新鮮生產 將打開的玻璃杯放在冰箱中 來自 Byodo 的顆粒狀有機芥末醬不僅可以搭配奶酪和香腸一起品嚐、而且還可以搭配烤土豆和土豆菜餚以及色拉調味料和調味料一起品嚐. 首先將有機芥菜籽分類並清洗.然後、用滾筒將所有穀物輕輕擠壓、並變成軟粒.所謂的土豆泥是通過添加水、醋、鹽和香料製成的.為了使芥末香氣得以最佳發揮、麥芽漿要靜置.然後將所有東西磨碎成乳脂狀並填充.在整個製造過程中沒有熱量輸入. 通過自然過程、油性液體會在芥末的表面形成.可以將其攪拌回芥末而不會失去口味. 像我們一樣、批號可保證最佳的產品質量、因為它可隨時用於確定生產日期和原材料的來源. 諸如增稠劑、調味劑和防腐劑之類的添加劑不會進入 Byodo 有機芥末的玻璃杯或試管! 成分:水、有機醋、有機黃芥末籽、有機棕芥末籽、海鹽、有機(香辛料(辣椒、甘椒)、香料葉(薑黃、茴香、龍蒿、月桂葉、丁香、迷迭香、百里香). 產地:德國 容量:125ml 保存期限:15 個月 食用方法:來自比多(Byodo)的中度高溫粒狀有機芥末、加上香腸和奶酪、味道極佳.色拉調料使有機芥末的整個穀物都細膩地咬起來、味道鮮美而又滑膩.還建議將 Byodo 穀物芥末醬用於土豆菜餚、例如釀土豆泥. 沙拉拌醬 / 麵包塗醬 / 可添加有機蘋果醋及特級初榨橄欖油做和風醬 / 德式香腸沾醬 / 燒烤肉片醃醬 杏芥末酸辣醬 製備:將杏子和杏乾切成丁、去皮切碎.然後將辣椒切成兩半、去掉種子、切成細末.將薑去皮並切碎、然後將除芥末之外的所有其他成分煮沸約 1 小時、直到酸辣醬呈奶油狀.然後加入芥末和鹽調味並享用. 你拿. 1 湯匙 Byodo 芥末醬 1 罐半個杏子或 0.9 公斤新鮮的水煮杏子 2 瓣大蒜 2 個新鮮辣椒 1 片(約 2 厘米)姜 50 克杏乾 80 克糖 70 毫升 Byodo 蘋果醋、自然混濁 Byodo 優質海鹽、細粒 &bull;Byodo 翻譯自日文、意思是「志同道合」、正是 Byodo 與供應商、顧客以及內部團隊本身、共同深耕夥伴關係所秉持的主要概念. &bull;Byodo 創立於 1985 年、總部設,無,https://s1.myqr.com.tw/newshop/177/TypeGoods?type2=5425&type1=5958&type0=5977&pageIndex=0&goodId=29367,無,https://pshop.myqr.com.tw/qrssimage/GoodsImage/69/69858.jpg?10
4024297158110,Naturata蕃茄醬(全素)-demeter/400g,常溫食品,調味/醬料/醬菜,沾/拌醬,無,235,0.0,6,自然生活,精選陽光普照下自然熟成的天然番茄、手工採摘後直接在農場烹製而成、不添加任何調味料、以保有新鮮番茄營養及天然好風味. 用途廣泛的廚房中種植的切碎的西紅柿. 西班牙家庭 CalValls 自 1979 年以來就開始在加泰羅尼亞進行天然耕種.在 1980 年代、Naturata 為將企業轉變為生物動力農業做出了重大貢獻.自 1991 年以來、他就獲得了 Demeter 的認可.如今、在總共 25 公頃的土地上種植西紅柿、以及辣椒、洋蔥、土豆、穀物和橙子、主要在當地銷售. 濾過的番茄非常適合地中海菜餚或作為高級番茄醬的基礎. 用手收穫西紅柿以使其成熟、並在收穫後立即在農場進行加工、以免損失其美妙的香氣、多汁的顏色和有價值的成分.為了使芳香水果保留其風味和成分、可使用傳統手工藝將其煮沸.嘗起來像剛煮下來的味道、果味濃郁、口感圓潤. 成分:100% 番茄 產品規格:淨重 400g 原產地:西班牙 保存方式:請置於陰涼乾燥處、開封請冷藏 保存期限:36 個月 食用方法:可直接食用或當沾拌醬料,無,https://s1.myqr.com.tw/newshop/177/TypeGoods?type2=5425&type1=5958&type0=5977&pageIndex=0&goodId=29369,無,https://pshop.myqr.com.tw/qrssimage/GoodsImage/69/69864.png?93
4710097111386,已催芽芝麻醬/260g,常溫食品,調味/醬料/醬菜,沾/拌醬,無,250,0.0,33,源順,產品特色:已催芽芝麻健康有活力、含有芝麻的微量分子:芝麻木酚 充分達成營養補給 健康維持之目的. 成分:特選白芝麻並催芽 重量:260 公克 保存期限:18 個月,無,https://s1.myqr.com.tw/newshop/177/TypeGoods?type2=5425&type1=5958&type0=5977&pageIndex=0&goodId=46291,無,https://pshop.myqr.com.tw/qrssimage/GoodsImage/126/126216.jpg?93
4710097113359,已催芽黑芝麻醬/260g,常溫食品,調味/醬料/醬菜,沾/拌醬,無,280,0.0,22,源順,本品有別於一般傳統的芝麻醬具有特殊的植物新鮮味. 可使用於沾醬、麻醬麵等、日常飲食. 成份:特選黑芝麻並催芽 規格:260g 保存期限:18 個月 保存方式:避免高溫直射、開封後冷藏風味更佳、如有天然的白色結晶、請安心食用. 產地:台灣 營養標示: (每一份 10 公克本包裝含 26 份 / 每份) 熱量 58.4 大卡 蛋白質 1.8 公克 脂肪 4.7 公克 飽和脂肪酸 0.8 公克 反式脂肪酸 0 公克 碳水化合物 2.2 公克 糖 0 公克 鈉 0 毫克,無,https://s1.myqr.com.tw/newshop/177/TypeGoods?type2=5425&type1=5958&type0=5977&pageIndex=0&goodId=29644,無,https://pshop.myqr.com.tw/qrssimage/GoodsImage/70/70769.jpg?93
4796012092121,公平貿易椰漿-22%/400ml,常溫食品,調味/醬料/醬菜,沾/拌醬,無,165,0.0,0,馥聚,來自斯里蘭卡的精選椰肉、通過公平貿易方式獲得、保證當地農民的利益及可持續發展.這款椰漿採用純天然椰肉萃取物與水混合製成、並添加少量的關華豆膠以穩定質感、無添加任何人工色素或香料、保持椰漿的自然純粹和豐富風味.椰漿呈現出柔和的乳白色、口感綿滑、提供純素飲食者一種極佳的烹飪選擇. ?椰漿不僅是熱帶飲品的理想選擇、也是許多東南亞菜餚中不可或缺的食材.無論是用於製作咖哩、湯品或是甜點、其濃郁的椰香都能為菜餚增添層次.此外、椰漿含有豐富的天然油脂和營養、有助於增強飽腹感、同時提供能量. ?在保存方面、公平貿易椰漿應存放於乾燥陰涼處、開封後需冷藏並在三天內食用完畢、以保持最佳新鮮度和口感.這款椰漿是對健康和環境負責的選擇、適合尋求高品質生活的消費者. 產地斯里蘭卡 規格描述 400 毫升 成分椰肉萃取物 水 關華豆膠 保存期限 24 個月 保存方法請存放於陰涼乾燥處、避免日光直射、開封後請儘快飲用完畢. 過敏源資訊本產品含椰子製品 其他注意事項:本產品為天然椰肉萃取、呈半固體狀為正常現象、請安心使用.,無,https://s1.myqr.com.tw/newshop/177/TypeGoods?type2=5425&type1=5958&type0=5977&pageIndex=0&goodId=47370,無,https://pshop.myqr.com.tw/qrssimage/GoodsImage/128/128716.jpeg?30
4711175005528,日式豬排醬/155ml,常溫食品,調味/醬料/醬菜,沾/拌醬,無,80,0.0,215,味榮,萬用燒烤醬 ●以味榮純釀豆麥醬油、豆瓣醬、醋做為基底所調製的醬料. ●選用蘋果汁調味、口味清爽不酸澀、為大人小孩的最愛 ●適合烤肉、糖醋、紅燒料理與拌炒料理(蔬菜)使用 ●葷食 品名:萬用燒烤醬 成分:麥芽糖、醬油、水、味醂、糖、蘋果汁、果糖、柴魚抽出物、豆瓣醬(細)、玉米澱粉、米酒、醋、白胡椒粉、洋蔥、黑麻油、昆布抽出物、鹽、白芝麻粒、味精(調味劑)、蒜、胺基乙酸(調味劑)、薑、胺基丙酸(調味劑)、辣椒粉、呈味核?酸二鈉 內容量:155ml 產地:台灣 保存期限:2 年 保存方法 開封後請冷藏、並請盡速食用完畢. 過敏原 大豆、芝麻及小麥成分.,無,https://s1.myqr.com.tw/newshop/177/TypeGoods?type2=5425&type1=5958&type0=5977&pageIndex=0&goodId=47357,無,https://pshop.myqr.com.tw/qrssimage/GoodsImage/128/128689.jpeg?30
4710125010148,甘味辣豆瓣醬/460g,常溫食品,調味/醬料/醬菜,沾/拌醬,無,128,0.0,19,明德,成分:紅辣椒、非基因改造黃豆、水、甘蔗液糖(糖、水)、食鹽、香油(大豆油、芝麻)、麵粉、調味劑(5&rsquo;次黃嘌呤核?磷酸二鈉、5&rsquo;鳥嘌呤核?磷酸二鈉)、甜味劑(甘草萃)、玉米糖膠、八角粉. 過敏原:本產品含有大豆、芝麻、小麥、不適合對其過敏者食用. 保存期限:2 年(未開封);開封後請冷藏. 辣度:小辣. 純素. 淨重:460g. 本產品無添加防腐劑、人工色素、味素. 使用方式:醬爆、紅燒、沾、拌麵均可;許多知名的家常菜如麻婆豆腐、五更腸旺、紅燒牛豬肉、回鍋肉等. 推薦食譜:馬鈴薯燉排骨 / 中華油醋沙拉醬拌春雨 / 豆瓣鯛魚片 / 薑燒豆瓣豬肉片 / 辣豆瓣醬紙包蝦,無,https://s1.myqr.com.tw/newshop/177/TypeGoods?type2=5425&type1=5958&type0=5977&pageIndex=0&goodId=46221,無,https://pshop.myqr.com.tw/qrssimage/GoodsImage/125/125959.jpeg?65
4711845280217,禾一發豆腐乳-匠選辣味/320g,常溫食品,調味/醬料/醬菜,沾/拌醬,無,135,0.0,40,禾一發,全程純手工、保證古早味! 生態農法、不含防腐劑、色素、甘味及鮮味劑 可以配粥及火鍋沾料 豆腐乳還可以製成一些其他的料理: 腐乳空心菜 / 腐乳炒高麗菜 / 腐乳拌麵 重量:380g 成份:黃豆(非轉基因生物)、米、海鹽、紅麴 有效期限:2 年,無,https://s1.myqr.com.tw/newshop/177/TypeGoods?type2=5425&type1=5958&type0=5977&pageIndex=0&goodId=47365,無,https://pshop.myqr.com.tw/qrssimage/GoodsImage/128/128719.png?65
4711845280200,禾一發豆腐乳-純釀原味/320g,常溫食品,調味/醬料/醬菜,沾/拌醬,無,135,0.0,15,禾一發,全程純手工、保證古早味! 生態農法、不含防腐劑、色素、甘味及鮮味劑 可以配粥及火鍋沾料 豆腐乳還可以製成一些其他的料理: 腐乳空心菜 / 腐乳炒高麗菜 / 腐乳拌麵 重量:380g 成份:黃豆(非轉基因生物)、米、海鹽、紅麴 有效期限:2 年,無,https://s1.myqr.com.tw/newshop/177/TypeGoods?type2=5425&type1=5958&type0=5977&pageIndex=0&goodId=47364,無,https://pshop.myqr.com.tw/qrssimage/GoodsImage/128/128708.png?65
4711845280224,禾一發豆腐乳-養生紅麴/335g,常溫食品,調味/醬料/醬菜,沾/拌醬,無,135,0.0,10,禾一發,全程純手工、保證古早味! 生態農法、不含防腐劑、色素、甘味及鮮味劑 可以配粥及火鍋沾料 豆腐乳還可以製成一些其他的料理: 腐乳空心菜 / 腐乳炒高麗菜 / 腐乳拌麵 重量:380g 成份:黃豆(非轉基因生物)、米、海鹽、紅麴 有效期限:2 年,無,https://s1.myqr.com.tw/newshop/177/TypeGoods?type2=5425&type1=5958&type0=5977&pageIndex=0&goodId=47363,無,https://pshop.myqr.com.tw/qrssimage/GoodsImage/128/128707.jpg?49
4711845280033,禾一發香菇素燥拌醬/420cc,常溫食品,調味/醬料/醬菜,沾/拌醬,無,130,0.0,13,禾一發,健康自然、不含防腐劑 精選上等香菇及多種高級美味食材調配而成、適合拌飯、拌麵. 可蒸、炒、煮、多種食法、冷吃熱煮皆宜、方便美味. 不添加任何化學成份、防腐劑、色素. 適合素食人士. 成份:高級香菇、非基因改造豆皮、大豆素肉、紫蘇、有機黑糖、竹鹽、有機黑豆壺底醬油(不含防腐劑) 產地:台灣 淨重:420g 保存期限:2 年,無,https://s1.myqr.com.tw/newshop/177/TypeGoods?type2=5425&type1=5958&type0=5977&pageIndex=0&goodId=29778,無,https://pshop.myqr.com.tw/qrssimage/GoodsImage/71/71316.jpg?49
4711845280026,禾一發香椿拌醬/420cc,常溫食品,調味/醬料/醬菜,沾/拌醬,無,150,0.0,6,禾一發,牌子:禾一發 成份:香樁、芝麻、有機豆豉、高級香菇(不含防腐劑) 簡介:精選多種高級美味食材調配而成、可蒸、炒、煮、拌麵、拌飯、多種食法、冷吃熱煮皆宜、方便美味. 容量: 420cc,無,https://s1.myqr.com.tw/newshop/177/TypeGoods?type2=5425&type1=5958&type0=5977&pageIndex=0&goodId=29777,無,https://pshop.myqr.com.tw/qrssimage/GoodsImage/71/71313.jpg?84
4710918383046,有機豆瓣醬180克,常溫食品,調味/醬料/醬菜,沾/拌醬,無,115,0.0,101,喜樂之泉,【喜樂之泉】自 1943 年投入醬油製造至今已七十年、一直稟持著誠信、安心、服務的精神、獲得社會大眾的優良口碑. 專業製造純釀造有機醬油及各種有機醬料、本著健康原則、回歸自然. 經過不斷地改良研發、嚴格精選有機認證原料、且保存於低溫除濕確保原料新鮮的倉儲管理、 製造過程絕不添加任何非有機的原料及調味料、回歸食材本身的自然風味、讓大眾吃的安心又健康. 產品內容物與規格說明 / 保固資訊 品名:【喜樂之泉】有機豆瓣醬 成份:有機黃豆、有機小麥、有機蔗糖、天然海鹽、菇蕈類萃取物. 容量:180g 保存期限:三年 保存方法:未開封於常溫陰涼處保存、開封後請放入冰箱冷藏. 產地:台灣. 製造商:喜樂之泉股份有限公司 製造商地址:彰化縣社頭鄉善德巷 43 號 製造商電話:04-8730365 產地:台灣 【食品業者登錄字號】B-112828672-00000-5 【投保產品責任險公司與字號】17401 字第 05ML000375 號 【製造廠商或國內負責廠商名稱】喜樂之泉股份有限公司 【製造廠商或國內負責廠商電話】04-8730365 【製造廠商或國內負責廠商地址】彰化縣社頭鄉善德巷 43 號 【食物過敏原標示】本產品含黃豆、小麥 【內容物成份】有機黃豆、有機小麥、有機蔗糖、天然海鹽、菇蕈類萃取物 【內容量(重量)】180g 【保存期限(總效期)】三年,無,https://s1.myqr.com.tw/newshop/177/TypeGoods?type2=5425&type1=5958&type0=5977&pageIndex=0&goodId=28739,喜樂之泉 有機認證,https://pshop.myqr.com.tw/qrssimage/GoodsImage/67/67446.jpg?84
4710918383053,有機辣豆瓣醬/180克,常溫食品,調味/醬料/醬菜,沾/拌醬,無,115,0.0,4,喜樂之泉,【喜樂之泉】自 1943 年投入醬油製造至今已七十年、一直稟持著誠信、安心、服務的精神、獲得社會大眾的優良口碑. 專業製造純釀造有機醬油及各種有機醬料、本著健康原則、回歸自然. 經過不斷地改良研發、嚴格精選有機認證原料、且保存於低溫除濕確保原料新鮮的倉儲管理、 製造過程絕不添加任何非有機的原料及調味料、回歸食材本身的自然風味、讓大眾吃的安心又健康. 產品內容物與規格說明 / 保固資訊 品名:【喜樂之泉】有機辣豆瓣醬 成份:有機黃豆(美國、加拿大)、有機小麥(美國)、有機蔗糖(巴西)、有機辣椒(台灣)、Cheetham 天然日曬海鹽(澳洲)、水、有機香菇(台灣)、北海道真昆布濃縮抽出物(日本靜岡) 容量:180g 保存期限:三年 保存方法:未開封於常溫陰涼處保存、開封後請放入冰箱冷藏. 產地:台灣. 製造商:喜樂之泉股份有限公司 製造商地址:彰化縣社頭鄉善德巷 43 號 製造商電話:04-8730365 驗證單位:慈心有機驗證股份有限公司 驗證字號:1-009-210019 產地:台灣 【食品業者登錄字號】B-112828672-00000-5 【投保產品責任險公司與字號】17401 字第 05ML000375 號 【製造廠商或國內負責廠商名稱】喜樂之泉股份有限公司 【製造廠商或國內負責廠商電話】04-8730365 【製造廠商或國內負責廠商地址】彰化縣社頭鄉善德巷 43 號 【食物過敏原標示】本產品含黃豆、小麥 【保存期限(總效期)】三年,無,https://s1.myqr.com.tw/newshop/177/TypeGoods?type2=5425&type1=5958&type0=5977&pageIndex=0&goodId=28741,喜樂之泉 有機認證,https://pshop.myqr.com.tw/qrssimage/GoodsImage/67/67459.jpg?68
4710918383060,有機辣椒醬/180克,常溫食品,調味/醬料/醬菜,沾/拌醬,無,115,0.0,8,喜樂之泉,◎原料冷藏保鮮 ◎友善大地、非基因改造、有機原料 ◎零添加即無調味料、酵母抽出物、防腐劑、色素 ◎釀造過程採澳洲 cheetham 日曬海鹽、純淨天然更美味 ◎因純釀造 120~180 天、且採二次釀含較多胺基酸、營養價值高 友善大地、有機原料 溫潤的辣、適合做各式料理調味 鮮美香辣、為美食增添色彩 商品成份:有機辣椒(台灣)、有機醬油(台灣)、有機蔗糖(巴西)、Cheetham 日曬海鹽(澳洲)、水、有機香菇(台灣)、北海道真昆布濃縮抽出物(日本靜岡) 商品規格:180g 保存期限:三年(未開封) 產地:台灣 保存方式:請放置於陰涼乾燥處、避免陽光直射、開封後請冷藏. ?不添加調味料、防腐劑、安定劑、色素. 產地:台灣 【食品業者登錄字號】B-112828672-00000-5 【投保產品責任險公司與字號】17401 字第 05ML000375 號 【製造廠商或國內負責廠商名稱】喜樂之泉股份有限公司 【製造廠商或國內負責廠商電話】04-8730365 【製造廠商或國內負責廠商地址】彰化縣社頭鄉善德巷 43 號,無,https://s1.myqr.com.tw/newshop/177/TypeGoods?type2=5425&type1=5958&type0=5977&pageIndex=0&goodId=28754,喜樂之泉 有機認證,https://pshop.myqr.com.tw/qrssimage/GoodsImage/67/67493.jpg?5
4710125110572,老爹熟油辣椒/250g,常溫食品,調味/醬料/醬菜,沾/拌醬,無,230,0.0,5,明德,老醬舖的經典家傳配方、用火候得宜的熱油加入精選的天然辣椒粉及風味絕佳的川味花椒、精練出辛香微麻的開味小品. ■純素 ■雙潔淨標章 ■無防腐劑 ■無味精 ■非基因改造黃豆 商品描述 成分:葵花油、紅辣椒碎、辣椒粉、花椒、芝麻、小茴末、肉桂粉(肉桂、甘草). 過敏原:本產品含有芝麻、不適合對其過敏者食用. 保存期限:3 年(未開封);開封後請冷藏. 產品驗證:雙潔淨標章. 辣度:大辣. 純素. 淨重:250g. 本產品無添加防腐劑、人工色素、味素. 使用方式:涼拌、調味、拌麵、紅油炒手. 推薦食譜:川味麻辣手撕雞 / 仙菇麻婆豆腐 / 再來一碗水煮牛 / 老爹紅油擔擔麵 / 情人果雞柳 / 眷村風味涼拌椒麻豆干 / 腐乳辣泡菜 / 酸辣洋蔥沾醬,無,https://s1.myqr.com.tw/newshop/177/TypeGoods?type2=5425&type1=5958&type0=5977&pageIndex=0&goodId=46223,無,https://pshop.myqr.com.tw/qrssimage/GoodsImage/125/125969.jpeg?5
4710918386481,松子十三香辣油/40g,常溫食品,調味/醬料/醬菜,沾/拌醬,無,98,0.0,88,喜樂之泉,結合松子和十三香的香辣風味辣油 香味濃郁、層次豐富、帶有堅果香氣 輕輕點一點就能為菜餚增添獨特的風味和口感 香味濃郁~~十三香的多種香料混合出豐富且濃郁的香氣、再加上辣油的辣味、帶出新的味覺衝擊. 層次豐富~~各種香料、堅果、味增、香菇、昆布每樣都精準比例才能將辣油調配出層次分明、豐富立體的口感 溫和甘甜~~相比其他純辣油、松子和芝麻的天然油脂和香氣可以中和一部分辣味、帶來溫潤醇厚的辣感. 持久回味~~多種香料、堅果、獨家秘方的共同作用、讓這款辣油的味持久停留、餘味悠長. 食用方式: 調味拌菜、炒菜增添風味;蘸餃子、燒麥、燒烤提升口感;醃製肉類、蔬菜等、增強風味. 喜樂之泉松子十三香辣油 單瓶規格:40g/ 瓶 保存期限:常溫 18 個月 產地:台灣 葷素:純素,無,https://s1.myqr.com.tw/newshop/177/TypeGoods?type2=5425&type1=5958&type0=5977&pageIndex=0&goodId=46131,無,https://pshop.myqr.com.tw/qrssimage/GoodsImage/125/125539.jpg?40
4710698041303,紅麴養生醬/240g,常溫食品,調味/醬料/醬菜,沾/拌醬,無,165,0.0,23,茹王,規格說明 內容物名稱 糯米、水、蓬萊米、紅麴. 內容量 240g 原產地(國) 台灣 保存期限 730 日 廠商名稱 菇王食品有限公司 廠商電話 0800891668 廠商地址 雲林縣林內鄉清水溪 50 號 投保產品責任險字號 132109AKP0000013 食品業者登錄字號 P-197604982-00001-9,無,https://s1.myqr.com.tw/newshop/177/TypeGoods?type2=5425&type1=5958&type0=5977&pageIndex=0&goodId=46943,無,https://pshop.myqr.com.tw/qrssimage/GoodsImage/126/126662.jpg?40
4710125010193,風味手釀辣豆瓣醬/165g,常溫食品,調味/醬料/醬菜,沾/拌醬,無,125,0.0,44,明德,明德風味手釀辣豆瓣醬 ●成分:台產紅辣椒、非基因改造黃豆、蔗糖、水、蠶豆、食鹽、芝麻油、麵粉、酵母抽出物、玉米糖膠、八角粉 ●淨重 165g ●保存期限:三年(未開封) ●開封後須冷藏 ●本產品含有黃豆、蠶豆、小麥、芝麻、如對該成份過敏、請注意! ●純素 這是真正發酵釀造的辣豆瓣醬、不是一般市面上廉價速成的辣豆瓣.精選非基改大豆與蠶豆拌上麵粉用類似發酵醬油的手法製麴、再將發好的豆麴入鹽水缸、經過 180 天的發酵熟成 天然酵素將豆中的蛋白質與脂肪分解成富含鮮味與風味的各種胺基酸與脂肪酸、製成富含鮮味醬香的黃豆瓣與蠶豆瓣、再將黃豆瓣與蠶豆瓣以適當比例混合、同時兼具黃豆瓣的「鮮」與蠶豆瓣的「香」.混合好的豆瓣再加上台灣本地生產紅辣椒與其他調味料拌炒成醬、鮮香且韻味十足.適合做回鍋肉、麻婆豆腐、紅燒牛肉麵、麻辣鍋底等等料理、或是與甜麵醬一起炒川式炸醬.沒吃過純發酵釀造的豆瓣醬嗎?這款風味手釀辣豆瓣醬值得你試試看!,無,https://s1.myqr.com.tw/newshop/177/TypeGoods?type2=5425&type1=5958&type0=5977&pageIndex=0&goodId=29728,無,https://pshop.myqr.com.tw/qrssimage/GoodsImage/71/71112.jpg?24
4710698040788,素香菇沙茶醬/240g,常溫食品,調味/醬料/醬菜,沾/拌醬,無,165,0.0,66,茹王,【世界第一瓶素食沙茶醬素食界的經典調味料】 菇王食品的創始人賴榖梁先生、為了讓吃素的人在吃火鍋時、也能輕鬆享受調味料的美味、以畢生的釀造經驗、挑選天然的中藥香料及椎茸、首創世界上第一瓶素食沙茶醬、並擁有專利 15 年.為了向創辦人致敬、菇王以更頂級的原料、傾情打造菇王素香菇沙茶醬 50 週年紀念瓶. 此款素食沙茶醬、搭配多種天然漢方香料、椎茸及香菇慢火精燉、口味甘醇又營養、不含人工色素及防腐劑、氣味香醇、為素食者的最佳調味幫手. 菇王素食沙茶醬一直是所有素食者的最愛、現在以傳承 60 年的祖傳秘方佐以精選食材、創造出最新、炒、拌、沾、烤、滷皆美味的絕世好醬. 【食用方式】 1.調味:炒、拌、沾、烤、滷等菜式、皆可使用. 2.沾醬:食用火鍋時、作為沾醬使用. 【食譜|沙嗲串燒】 材料:節瓜片 50 公克、洋蔥片 50 公克、紅甜椒片 25 公克、黃甜椒片 25 公克、麵腸 30 公克、鳳梨片 30 公克 燒烤醬料:菇王純天然素香菇沙茶醬 1 大匙、醬油膏 1/2 小匙、薑末 1/2 小匙 做法: 1.燒烤醬料混合拌勻備用 2.將新鮮蔬食洗淨、串好 3.放入已預熱的烤箱中、以上火 180°C 下火 180°C 烤約 3 分鐘、取出刷上燒烤醬料、再放入續烤 3 分鐘後、再取出刷上燒烤醬汁至上色即可 本商品規格 內容物名稱 葵花油、純釀造醬油、黃豆醬(黃豆(非基因改造)、水、鹽)、大豆蛋白(非基因改造)、水、香菇、玉米粉(非基因改造)、糖、椰子粉、鹽、花生粉、花椒、茴香、酵母抽出物、小麥纖維、辣椒粉、甘草、混合濃縮生育醇(抗氧化劑). 內容量 240g 原產地(國) 台灣 保存期限 730 日 廠商名稱 菇王食品有限公司 廠商電話 0800891668 廠商地址 雲林縣林內鄉清水溪 50 號 投保產品責任險字號 132109AKP0000013 食品業者登錄字號 P-197604982-00001-9,無,https://s1.myqr.com.tw/newshop/177/TypeGoods?type2=5425&type1=5958&type0=5977&pageIndex=0&goodId=29738,無,https://pshop.myqr.com.tw/qrssimage/GoodsImage/71/71159.png?24
4710698040221,素香菇海苔醬/240g,常溫食品,調味/醬料/醬菜,沾/拌醬,無,165,0.0,12,茹王,《菇王》純天然香菇海苔醬(240g/ 罐) 商品特色| 來自澎湖的天然海菜、顏色嫩綠、營養豐富、含有多量的硫酸多醣、胺基酸、甜菜鹼、硒及碘等營養成份、其維生素 C 含量比檸檬高、維生素 B 群含量更較蔬菜高 10 倍、營養價值高、能促進新陳代謝、有益健康.菇王嚴選澎湖海菜、埔里香菇及高級醬油、堅持傳統日式煮法熬煮而成、去除不討喜的腥味、保留大海的清爽滋味、甜甜鹹鹹、是兒時最美好的回憶.無添加任何化學添加物和防腐劑、只有最純淨的好滋味. 商品規格| 品名:《菇王》純天香菇海苔醬 重量:240g/ 罐 成份:海苔、香菇、醬油、砂糖 原產地:台灣 保存方式:本產品不含防腐劑、開瓶後請冷藏. 食用方法:開瓶後即可食用、拌飯、拌麵、拌菜、夾上吐司、饅頭、各種食物調理最佳佐料. 品名: 《菇王》純天然香菇海苔醬 內容物成份: 海苔、香菇、醬油、砂糖 營養標示 內容量: 240g/ 罐 熱量: 每份含 25.68 大卡(20g/ 份) 每份營養成份: 蛋白質 0.50g、脂肪 0.06g、飽和脂肪 0g、反式脂肪 0g、碳水化合物 5.78g、鈉 308.4mg 食品添加物名稱: 無 產地: 台灣 廠商名稱: 菇王食品企業有限公司 廠商電話號碼: 0800-891-668 廠商地址: 雲林縣林內鄉清水溪 50 號 保存期限: 二年(三分之一以上之有效期限以消費者收受日算起、至少距有效日期 240 天以上) 製造 / 有效日期: (依庫存;每批更新),無,https://s1.myqr.com.tw/newshop/177/TypeGoods?type2=5425&type1=5958&type0=5977&pageIndex=0&goodId=29735,無,https://pshop.myqr.com.tw/qrssimage/GoodsImage/71/71140.jpg?60
4710125010346,素燥醬/280g,常溫食品,調味/醬料/醬菜,沾/拌醬,無,192,0.0,20,明德,以天然手釀豆瓣醬為醬底、加入高品質大豆蛋白及台產香菇慢火細燉、呈現自然原味、是樂活蔬食的最愛. ■純素 ■雙潔淨標章 ■無防腐劑 ■無味精 ■非基因改造黃豆 商品描述 成分:水、大豆油、黃豆醬(非基因改造黃豆、水、食鹽、麵粉、八角粉)、豆干(非基因改造黃豆、水、豆腐用凝固劑(硫酸鈣))、素肉(大豆分離蛋白、脫脂豆粉、高筋麵粉、玉米澱粉、大豆沙拉油、大豆卵磷脂、碳酸鈣)、純釀造醬油、糖、乾香菇、薑、酵母抽出物(酵母抽出物、食鹽)、香菇抽出物(糊精、香菇抽出物)、鹿角菜膠(鹿角菜膠、葡萄糖)、香芹粉. 過敏原:本產品含有黃豆、小麥、不適合對其過敏者食用. 保存期限:3 年(未開封);開封後請冷藏. 產品驗證:雙潔淨標章. 辣度:不辣. 純素. 淨重:280g. 本產品無添加防腐劑、人工色素、味素. 使用方式:開胃小菜、佐餐、拌飯拌麵、炒菜. 推薦食譜:金絲穿元寶 / 破布子素燥白玉盒 / 素燥蔬食捲 / 強棒出擊非飯飯之輩,無,https://s1.myqr.com.tw/newshop/177/TypeGoods?type2=5425&type1=5958&type0=5977&pageIndex=0&goodId=46222,無,https://pshop.myqr.com.tw/qrssimage/GoodsImage/125/125964.jpeg?60
4710698040436,純天然香菇香椿醬/240g,常溫食品,調味/醬料/醬菜,沾/拌醬,無,165,0.0,2,茹王,【純天然香菇香椿醬】 香椿又名香椿芽、香樁頭、被喻為「長壽」的象徵、有「父親樹」之美名. 香椿有「樹上蔬菜」之稱、香椿樹的嫩芽帶有一股特殊的氣味、在春暖花開的季節、嫩芽一簇一簇的從灰紅色的樹皮下面冒出來、等到有一吋長的時候、就可成簇的扳下嫩葉來當菜吃. 【食用方式】 1.調味:炒菜、炒麵的好夥伴. 2.拌醬、沾醬:直接倒出作為沾醬使用、或加入料理攪拌食用. 【食譜|香椿燒豆腐】 材料:板豆腐 350 公克、洋蔥絲 30 公克、青椒絲 15 公克、紅甜椒絲 15 公克、水 150cc 調味料:菇王純天然香菇香椿醬 2 又 1/2 大匙 做法: 1.板豆腐切厚片、放入鍋中煎至兩面金黃上色盛起. 2.續於鍋中、放入洋蔥絲炒軟後、再加入青椒絲、紅甜椒絲略炒. 3.最後再放入作法 1 的金黃豆腐、水和香菇香椿醬、燒至豆腐入味即可. 商品規格 ◆容量:240g ◆成分:芥花油、香椿、香菇、大豆蛋白、素沙茶醬、醬油、砂糖、鹽 ◆保存期限:2 年 ◆有效期限:標示於包裝上 注意事項 ◆本產品不含防腐劑、開封後請密蓋冷藏. ◆過敏原資訊:本產品含有花生、大豆蛋白、椰子粉及麩質小麥纖維成分、不適合其過敏體質者食用.,無,https://s1.myqr.com.tw/newshop/177/TypeGoods?type2=5425&type1=5958&type0=5977&pageIndex=0&goodId=29737,無,https://pshop.myqr.com.tw/qrssimage/GoodsImage/71/71148.png?95
4710587840185,梅香莊梅粉/80g,常溫食品,調味/醬料/醬菜,沾/拌醬,無,120,0.0,47,梅香莊,產品介紹: 採用台灣本土青梅製作、以去籽純梅肉研磨而成、前所未有粗顆粒口感、酸甜口味梅香撲鼻 產品特色: 無添加阿斯巴甜、糖精、甜精、防腐劑、漂白劑且無農藥及重金屬殘留. 通過美國 FDA 及日本厚生省嚴格檢驗 補充說明: 成分:台灣青梅肉、鹽、蔗糖素(甜味劑)、甘草 *蔗糖素為一種價格十分昂貴的蔗糖轉化無熱量代糖* *梅香莊為台灣唯一使用蔗糖素之酸梅製造廠* *梅子上的白色粉末為鹽巴及甘味料的結晶物 對品質沒有任何影響 敬請安心食用* Q:孕婦可以吃嗎? A:梅香莊的梅子系列產品、調味時皆有加極微量的甘草、如果以報導文中的劑量來計算、一個孕婦大約要每周吃下 100 公斤(約 5 萬顆)的梅子、才可能造成影響 任何的食品、過與不及對身體都不好、就算是燕窩魚翅、也不宜攝取過量. 本產品已投保產品責任險一千萬元正 保存期限:1 年 [生產資訊] 生產商:梅香莊企業有限公司 地址:彰化縣員林鎮崙雅巷 8-20 號 電話:(04)831-3233 工廠登記證:99-679006-01 經銷商:大匠文創整合行銷有限公司 地址:台北市松江路 42 號 11 樓之 4 統編:54643233 電話:02-2536-7238 營養標示 每 10 公克 此包裝含 8 份 每份 熱量 17 大卡 蛋白質 0.4 公克 脂肪 0 公克 飽和脂肪 0 公克 反式脂肪 0 公克 碳水化合物 3.6 公克 糖 0 公克 鈉 413 毫克,無,https://s1.myqr.com.tw/newshop/177/TypeGoods?type2=5425&type1=5958&type0=5977&pageIndex=0&goodId=29597,無,https://pshop.myqr.com.tw/qrssimage/GoodsImage/70/70638.jpg?79
4710125210715,陳年豆瓣醬/460g,常溫食品,調味/醬料/醬菜,沾/拌醬,無,128,0.0,4,明德,明德食品為全台第一家豆瓣醬創始店、坐落於高雄岡山至今已成立 70 餘年、其中經典的陳年豆瓣醬為本店創始產品之一.本產品以精選蠶豆及黃豆接種特有麴菌經 120 天以上的釀造時間熟成、口味濃厚、只須少量即可有極佳的調味效果. ■純素 ■潔淨標章 ■無防腐劑 ■無味精 ■非基因改造黃豆 商品描述 成分:水、非基因改造黃豆、蠶豆、食鹽、糖、香油(大豆油、芝麻)、麵粉、調味劑(5&rsquo;次黃嘌呤核?磷酸二鈉、5&rsquo;鳥嘌呤核?磷酸二鈉)、甜味劑(甘草萃)、玉米糖膠、八角粉. 過敏原:本產品含有大豆、蠶豆、芝麻、小麥、不適合對其過敏者食用. 保存期限:2 年(未開封);開封後請冷藏. 辣度:不辣. 純素. 淨重:460g. 本產品無添加防腐劑、人工色素、味素. 使用方式:炸醬、醬爆、紅燒、拌麵均可、有比醬油更濃厚的風味;許多知名的家常菜如醬肉、紅燒牛豬肉、炸醬麵等等、西餐如醬爆牛小排、醬爆豬排. 推薦食譜:紅燒豆瓣鍋粑,無,https://s1.myqr.com.tw/newshop/177/TypeGoods?type2=5425&type1=5958&type0=5977&pageIndex=0&goodId=46224,無,https://pshop.myqr.com.tw/qrssimage/GoodsImage/125/125974.jpeg?79
4710125210814,麻油辣蘿蔔/460g,常溫食品,調味/醬料/醬菜,沾/拌醬,無,128,0.0,22,明德,採用台灣優質白蘿蔔、滑脆微辣的口感、是開胃及佐餐佳品. ■純素 ■無防腐劑 ■無味精 ■非基因改造黃豆 商品描述 成分:台產白蘿蔔、水、甘蔗液糖(糖、水)、純釀造醬油、食鹽、台產紅辣椒、香油(大豆油、芝麻)、調味劑(5&rsquo;次黃嘌呤核?磷酸二鈉、5&rsquo;鳥嘌呤核?磷酸二鈉)、乳酸、甜味劑(甘草萃). 過敏原:本產品含有黃豆、小麥、芝麻、不適合對其過敏者食用. 保存期限:2 年(未開封);開封後請冷藏. 產品驗證:潔淨標章. 辣度:微辣. 純素. 淨重:460g. 本產品無添加防腐劑、人工色素、味素. 使用方式:開胃小菜、燒菜. 推薦食譜:辣蘿蔔醃蒟蒻絲,無,https://s1.myqr.com.tw/newshop/177/TypeGoods?type2=5425&type1=5958&type0=5977&pageIndex=0&goodId=46225,無,https://pshop.myqr.com.tw/qrssimage/GoodsImage/125/125979.jpeg?79
4710125210999,椒麻筍/410g,常溫食品,調味/醬料/醬菜,沾/拌醬,無,170,0.0,13,明德,嚴選台灣麻竹筍、經天然發酵、搭配釀造豆瓣醬及青麻花椒等天然食材煉製醬汁、鮮嫩的口感與濃郁的花椒風味、是佐餐開胃的最佳首選. ■純素 ■無防腐劑 ■無味精 ■非基因改造黃豆 商品描述 成分:台產麻竹筍、葵花油、甘蔗液糖(糖、水)、紅辣椒、香油(芝麻、大豆油)、水、花椒、非基因改造黃豆、食鹽、酵母抽出物、麵粉、八角粉. 過敏原:本產品含有芝麻、大豆、小麥、不適合對其過敏者食用. 保存期限:2 年(未開封);開封後請冷藏. 辣度:小辣. 純素. 淨重:410g. 本產品無添加防腐劑、人工色素、味素. 使用方式:開胃小菜. 推薦食譜:口水五行蔬,無,https://s1.myqr.com.tw/newshop/177/TypeGoods?type2=5425&type1=5958&type0=5977&pageIndex=0&goodId=46940,無,https://pshop.myqr.com.tw/qrssimage/GoodsImage/126/126656.jpeg?15
4712795376036,黑胡椒醬/260g,常溫食品,調味/醬料/醬菜,沾/拌醬,無,130,0.0,69,嘉懋,商品規格 商品名稱:嘉懋黑胡椒醬 商品規格:260g/ 罐 商品成分:水、糖、紅蘿蔔、釀造醬汁(水、非基因改造黃豆、小麥、鹽)、烏醋、蕃茄糊、黑胡椒粗粒、芥花油、鹽、無水奶油、玉米澱粉、酵母粉(酵母抽出物、鹽)、黑豆鼓(黑豆、鹽)、羅望子、乾海帶菜、香芹子末(香芹子、地瓜澱粉)、月桂葉末、辣椒粉、丁香、甘草末、玉米糖膠.(本產品含大豆、小麥、牛奶) 保存方式:請置於陰涼乾燥處、開封後請儘快食用完畢、未未食用完請密封冷藏. 營養標示:(每 100 公克) 熱量 125.2 卡、蛋白質 2.1 公克、脂肪 5.6 公克、飽和脂肪 1.8 公克、反式脂肪 0 公克、碳水化合物 16.6 公克、糖 10.2 公克、鈉 1537 毫克,無,https://s1.myqr.com.tw/newshop/177/TypeGoods?type2=5425&type1=5958&type0=5977&pageIndex=0&goodId=46320,無,https://pshop.myqr.com.tw/qrssimage/GoodsImage/126/126289.jpg?15
4710134022347,奧納芮有機番茄醬/270g,常溫食品,調味/醬料/醬菜,沾/拌醬,無,155,0.0,84,奧納芮,嚴選有機番茄醬、使用有機蕃茄糊、有機砂糖、調配出道地的有機蕃茄醬、鮮紅濃稠、酸酸甜甜、口感佳、營養豐富、更是廚房料理的好幫手.加工廠通過 ISO22000 驗證、HACCP 驗證絕不添加防腐劑、香料、人工色素. 安心宣言 .無添加人工香料 .無添加人工色素 .無添加防腐劑 商品基本資料 規格:270g 單位:罐 溫層:常溫 主要原料:有機番茄糊(美國╱義大利╱土耳其)、水、有機砂糖(巴拉圭╱巴西)、有機蘋果醋(有機蘋果汁、台灣)、食鹽、香辛料(麥芽糊精、胡椒、眾香子、辣椒、陳皮、丁香、眾香子抽取物、胡椒抽取物、丁香抽取物、肉桂抽取物),無,https://s1.myqr.com.tw/newshop/177/TypeGoods?type2=5425&type1=5958&type0=5977&pageIndex=0&goodId=28681,可美特 有機認證,https://pshop.myqr.com.tw/qrssimage/GoodsImage/67/67145.jpg?98
4712795378030,義式蘑菇醬/260g,常溫食品,調味/醬料/醬菜,沾/拌醬,無,130,0.0,50,嘉懋,商品規格 商品名稱:嘉懋義式蘑菇醬 商品規格:260g/ 罐 商品成分:水、蕃茄糊、糖、紅蘿蔔、洋菇片(洋菇、水、鹽、檸檬酸)芥花油、蘋果醋、玉米澱粉、無水奶油、鹽、酵母粉(酵母抽取物、鹽)羅望子、迷迭香末、乾海帶菜、俄力岡粉、甘草末、月桂葉末、香芹子末(香芹子、地瓜澱粉)、玉米糖膠(本產品含牛奶) 保存方式:請置於陰涼乾燥處、開封後請儘快食用完畢、未未食用完請密封冷藏.,無,https://s1.myqr.com.tw/newshop/177/TypeGoods?type2=5425&type1=5958&type0=5977&pageIndex=0&goodId=46321,無,https://pshop.myqr.com.tw/qrssimage/GoodsImage/126/126295.jpg?98
4710125410122,緣素XO醬/150g,常溫食品,調味/醬料/醬菜,沾/拌醬,無,150,0.0,20,明德,嚴選來自台灣優質栽培的蔬菜與健康菇類、搭配高品質的非基改大豆蛋白、融合五星級陳釀老醬、所調配而成的素 XO 醬、適合用來燙(炒)蔬菜、夾土司、饅頭及火鍋料等料理方式、香辣開胃的爽口滋味、是天然蔬食者的最愛. ★傳統的四道攪醬工序 攪:依順時鐘方向、沿著缸緣、用木棒將豆醬向中心攪動. 拌:順著攪醬的方向、再將豆醬前後左右混拌均勻. 翻:將缸底的豆醬翻至面上、充分吸收新鮮空氣. 揉:將豆醬像麵糰般反覆揉動、使之與天然調味料完全融合並富有彈性 【明德的由來】 空軍士官劉明德先生於 1948 年隨著軍隊撤退來台、就像大多數的外省移民一樣、在高雄縣岡山空軍眷村落腳、在離開部隊後、生計苦無著落、於是想起夫人在家鄉習俗得做豆瓣醬的手藝、便以身上僅存的數十元開始製作豆瓣醬. 起初僅是小量手工製作並用荷葉來包裹醬料、沿著眷村附近兜售做好的辣豆瓣醬、由於所製成的豆瓣醬真材實料風味絕佳、時常引起大家對家鄉味的懷念、於是名氣慢慢在眷村中就傳了開來、後來有不少來自外地的民眾、也紛紛來購買帶回家當伴手禮、「岡山明德豆瓣醬」開始傳遍全省各地. 「岡山鎮誌」於 1986 年納入「明德豆瓣醬」記載劉明德先生率先製作豆瓣醬、是岡山最老牌創始商號、儼然成為台灣第一名醬. 成份:水、大豆油、台產紅辣椒、乾香菇、杏鮑菇、糖、非基因改造黃豆、大豆蛋白、小麥蛋白、台產白蘿蔔、蠶豆、食鹽、麵粉、薑、香芹粉、酵母抽出物、小茴香粉、八角粉 淨重:150 公克 保存期限:二年(未開封) 原產地:台灣 注意事項:請存放於陰涼乾燥處、開罐後、請放冰箱中冷藏. ※本產品含有黃豆、蠶豆、小麥、如對該成分過敏、請注意 營養標示 每一份量 10 公克 本包裝含 15 份 項目 每份 每 100 公克 熱量 51.4 大卡 510.9 大卡 蛋白質 1 公克 10.1 公克 脂肪 4.6 公克 45.7 公克 飽和脂肪 0.7 公克 6.7 公克 反式脂肪 0 公克 0 公克 碳水化合物 1.5 公克 14.8 公克 糖 0.8 公克 8 公克 鈉 100 毫克 1000 毫克,無,https://s1.myqr.com.tw/newshop/177/TypeGoods?type2=5425&type1=5958&type0=5977&pageIndex=0&goodId=29731,無,https://pshop.myqr.com.tw/qrssimage/GoodsImage/71/71132.jpg?35
4710125010513,馥野炸醬/440g,常溫食品,調味/醬料/醬菜,沾/拌醬,無,268,0.0,0,明德,嚴選台灣無農藥培育的優質香菇、再添加台灣白蘿蔔、蠶豆與薑、以健康訴求的天然岩鹽調合而成、口感層次豐富、天然野味完美呈現. ■純素 ■無防腐劑 ■無味精 ■非基因改造黃豆 商品描述 成分:水、非基因改造黃豆、大豆油、非基因改造大豆蛋白、小麥蛋白、糖、香菇、食鹽、蠶豆、台產白蘿蔔、麵粉、薑、台產紅辣椒、芝麻油、酵母抽出物、鹿角菜膠、天然香辛料(香芹粉、八角粉). 過敏原:本產品含有黃豆、蠶豆、小麥、芝麻、不適合對其過敏者食用. 保存期限:2 年(未開封);開封後請冷藏. 辣度:不辣. 純素. 淨重:440g. 本產品無添加防腐劑、人工色素、味素. 使用方式:適合拌飯拌麵、炒青菜、佐餐、夾吐司或饅頭. 推薦食譜:炸醬皮蛋蔬菜鹹派 / 眷村風味鮮蔬薄餅 / 馥野輕食手卷,無,https://s1.myqr.com.tw/newshop/177/TypeGoods?type2=5425&type1=5958&type0=5977&pageIndex=0&goodId=46936,無,https://pshop.myqr.com.tw/qrssimage/GoodsImage/126/126653.jpeg?35
4719859746149,康健Vita牛蒡香鬆/220g,常溫食品,調味/醬料/醬菜,素鬆,無,180,0.0,32,有機園,★全素可食 ★採用義大利葡萄籽油 ★低溫焙炒製作非油炸品 ★純天然大豆製品、純素可用 ★無味精、香料、色素、防腐劑 成份:大豆纖維抽取物(非基因改造)、葡萄籽油、糖、牛蒡粉、釀造醬油、湖鹽 規格:220g/ 包 產地:台灣 保存期限:1 年 保存方式:請存於陰涼乾燥處、避免陽光直射、開封後請儘快食用完畢或放置冰箱 過敏源資訊:無 食用方式:可用於夾土司、饅頭、三明治、手捲、燒餅、壽絲、飯糰、春捲、粥品、麵品、佐餐(皮蛋豆腐、煎蛋、蛋花湯、蒸蛋) 【食品業者登錄字號】B-116264386-00000-5 【投保產品責任險公司與字號】【本產品已投保富邦產品責任險 2000 萬】投保金額不等同理賠金額 【製造廠商或國內負責廠商名稱】有幾園生物科技股份有限公司 【製造廠商或國內負責廠商電話】04-26399889 【製造廠商或國內負責廠商地址】435 台中市梧棲區港埠路一段 537 號 【食物過敏原標示】本品含大豆製品,無,https://s1.myqr.com.tw/newshop/177/TypeGoods?type2=5425&type1=5958&type0=5978&pageIndex=0&goodId=29203,無,https://pshop.myqr.com.tw/qrssimage/GoodsImage/68/68893.jpg?70
4719859746170,康健Vita素香鬆/300g,常溫食品,調味/醬料/醬菜,素鬆,無,180,0.0,30,有機園,★純天然大豆製品 ★採用義大利恬沛葡萄籽油 ★低溫焙炒製作非油炸品 ★無味精香料色素防腐劑 ★添加芝麻、海苔、營養豐口感佳 成份:大豆纖維抽取物(非基因改造)、穀粉、葡萄籽油、糖、湖鹽、釀造醬油、海苔、芝麻 規格:300g/ 包 產地:台灣 保存期限:1 年 保存方式:請存於陰涼乾燥處、避免陽光直射、開封後請儘快食用完畢或放置冰箱 過敏源資訊:無 食用方式:可用於夾土司、饅頭、三明治、手捲、燒餅、壽絲、飯糰、春捲、粥品、麵品、佐餐(皮蛋豆腐、煎蛋、蛋花湯、蒸蛋),無,https://s1.myqr.com.tw/newshop/177/TypeGoods?type2=5425&type1=5958&type0=5978&pageIndex=0&goodId=29202,無,https://pshop.myqr.com.tw/qrssimage/GoodsImage/68/68887.jpg?70
4796012091858,公平貿易白胡椒粉/30g,常溫食品,調味/醬料/醬菜,辛香料,無,200,0.0,16,馥聚,★白胡椒性溫熱、主要成分是胡椒鹼. ★白胡椒比黑胡椒味道上更加柔和、清香、且香味比較穩定、不易散失. ★如何料理:白胡椒不能高溫油炸、應在菜餚或湯羹即將起鍋時添加少許.魚、雞肉、白醬或湯這類淡色素材搭配絕佳. ★幫助小農、友善環境、友善地球 白胡椒性溫熱、主要成分是胡椒鹼、可去涼防寒、健胃、促進食慾、助消化. 來自香料大國「斯里蘭卡」的白胡椒 味道上更加柔和、清香、且香味比較穩定、不易散失 是家庭中不可或缺的營養美味好夥伴! 規格:30 公克╱瓶 成份:100% 白胡椒 產地:斯里蘭卡 PODIE 公司總部設在 Negombo、位於斯里蘭卡的首都&quot;可倫坡&quot;.是農民及生產者團體所屬的組織、也是斯里蘭卡從事公平貿易的先驅之一、更是世界公平貿易組織(WFTO)的成員. PODIE 是一個香料及有關製品的出口商、成立已超過 30 年.除了提供市場產品外、還提供小規模生產者援助、發展其基礎設施、以提高生產力和質量、以適應國際市場.PODIE 提供婦女大部分的工作機會、也提供他們最合宜的工作環境.這些有機種植產品的原材料均來自斯里蘭卡偏遠村落的農民手中.PODIE 實踐公平貿易和它的社會承諾、利益相關者、促進和堅持全球公認的公平貿易標準、無論是在生產和營銷的有機香料產品加工從而爭取消費者的滿意度.PODIE 還多次榮獲食品優秀獎及 BIMST-EC 國家獎的&quot;金獎&quot;. 【食品業者登錄字號】F-128031715-00000-0 【投保產品責任險公司與字號】0525-16AML0000809 【製造廠商或國內負責廠商名稱】馥聚有限公司 【製造廠商或國內負責廠商電話】02-2695-7358 【製造廠商或國內負責廠商地址】221 新北市汐止區康寧街 169 巷 21 號 6 樓之 1 【食物過敏原標示】無 【內容物成份】公平貿易白胡椒粉 【內容量(重量)】30G,無,https://s1.myqr.com.tw/newshop/177/TypeGoods?type2=5425&type1=5958&type0=5979&pageIndex=0&goodId=28708,馥聚 有機認證,https://pshop.myqr.com.tw/qrssimage/GoodsImage/67/67270.jpg?54
4796012091827,公平貿易肉桂粉/35g,常溫食品,調味/醬料/醬菜,辛香料,無,200,0.0,40,馥聚,喜歡較溫暖醇厚風味的肉桂的您 可以試試 PODIE 出品的肉桂粉唷∼ 不僅口感比一般的市售肉桂甜、還較不具辛辣感 喜歡做烘焙的您也不妨試試看唷、會有意想不到的風味唷! 肉桂又名玉桂、取自於肉桂樹的樹皮.肉桂粉是經乾燥後低溫研磨而成、溫暖渾厚略帶辛辣的味道、經常被用在餐點或甜點的製作上、如蘋果派、甜甜圈、肉桂捲、布丁、 麵包、蛋糕、餅乾和派、燉煮水果、咖喱菜肴、調味汁和蔬菜料理等、您也可以加在咖啡中增添其香氣;在日常生活中、則可利用它的香氣來防霉、防腐或驅蟲. 本肉桂粉不添加人工色素及防腐劑、完整保留肉桂濃郁的香氣及口感、驗證單位:ControlUnion、百分百有機原裝進口、四方罐設計保存性佳. 規格:35 公克 / 瓶 成份:100% 肉桂 產地:斯里蘭卡 總效期:18 個月 PODIE 公司總部設在 Negombo、位於斯里蘭卡的首都&quot;可倫坡&quot;.是農民及生產者團體所屬的組織、也是斯里蘭卡從事公平貿易的先驅之一、更是世界公平貿易組織(WFTO)的成員. PODIE 是一個香料及有關製品的出口商、成立已超過 30 年.除了提供市場產品外、還提供小規模生產者援助、發展其基礎設施、以提高生產力和質量、以適應國際市場.PODIE 提供婦女大部分的工作機會、也提供他們最合宜的工作環境.這些種植產品的原材料均來自斯里蘭卡偏遠村落的農民手中.PODIE 實踐公平貿易和它的社會承諾、利益相關者、促進和堅持全球公認的公平貿易標準、無論是在生產和營銷的香料產品加工從而爭取消費者的滿意度.PODIE 還多次榮獲食品優秀獎及 BIMST-EC 國家獎的&quot;金獎&quot;. 【食品業者登錄字號】F-128031715-00000-0 【投保產品責任險公司與字號】0525-16AML0000809 【製造廠商或國內負責廠商名稱】馥聚有限公司 【製造廠商或國內負責廠商電話】02-2695-7358 【製造廠商或國內負責廠商地址】221 新北市汐止區康寧街 169 巷 21 號 6 樓之 1 【食物過敏原標示】無 【內容物成份】公平貿易肉桂粉 【內容量(重量)】35G,無,https://s1.myqr.com.tw/newshop/177/TypeGoods?type2=5425&type1=5958&type0=5979&pageIndex=0&goodId=28709,馥聚 有機認證,https://pshop.myqr.com.tw/qrssimage/GoodsImage/67/67277.jpg?54
4796012091841,公平貿易黑胡椒粉/30g,常溫食品,調味/醬料/醬菜,辛香料,無,200,0.0,7,馥聚,★胡椒味辛辣芳香、可解油膩. ★黑胡椒的辣味比白胡椒強烈、香中帶辣、祛腥提味、用於烹調各類食物、或烘烤燉煮菜餚更加提味. ★如何料理:黑胡椒不能高溫油炸、應在菜餚或湯羹即將起鍋時添加少許;或是放在絞肉裡醃製增加香氣. ★幫助小農、友善環境、友善地球 完整黑胡椒粒、研磨罐能現吃現磨、體驗斯里蘭卡胡椒的最佳風味! 胡椒味可解油膩、促進食慾、還可助消化的作用. 黑胡椒的辣味比白胡椒強烈、香中帶辣、祛腥提味、用於烹調各類食物、或烘烤燉煮菜餚更加提味. 來自香料大國「斯里蘭卡」 100% 原裝進口給你純天然最純粹的胡椒滋味 辛辣芳香的口感是您陪伴美食不可或缺的良伴! 規格:30g╱瓶 成份:100% 黑胡椒 產地:斯里蘭卡 PODIE 公司總部設在 Negombo、位於斯里蘭卡的首都&quot;可倫坡&quot;.是農民及生產者團體所屬的組織、也是斯里蘭卡從事公平貿易的先驅之一、更是世界公平貿易組織(WFTO)的成員. PODIE 是一個香料及有關製品的出口商、成立已超過 30 年.除了提供市場產品外、還提供小規模生產者援助、發展其基礎設施、以提高生產力和質量、以適應國際市場.PODIE 提供婦女大部分的工作機會、也提供他們最合宜的工作環境.這些有機種植產品的原材料均來自斯里蘭卡偏遠村落的農民手中.PODIE 實踐公平貿易和它的社會承諾、利益相關者、促進和堅持全球公認的公平貿易標準、無論是在生產和營銷的有機香料產品加工從而爭取消費者的滿意度.PODIE 還多次榮獲食品優秀獎及 BIMST-EC 國家獎的&quot;金獎&quot;. 【食品業者登錄字號】F-128031715-00000-0 【投保產品責任險公司與字號】0525-16AML0000809 【製造廠商或國內負責廠商名稱】馥聚有限公司 【製造廠商或國內負責廠商電話】02-2695-7358 【製造廠商或國內負責廠商地址】221 新北市汐止區康寧街 169 巷 21 號 6 樓之 1 【食物過敏原標示】無 【內容物成份】公平貿易黑胡椒粉 【內容量(重量)】30G,無,https://s1.myqr.com.tw/newshop/177/TypeGoods?type2=5425&type1=5958&type0=5979&pageIndex=0&goodId=28707,馥聚 有機認證,https://pshop.myqr.com.tw/qrssimage/GoodsImage/67/67261.jpg?90
JC01,台灣鮮菇調味粉/150g/180元*30,常溫食品,調味/醬料/醬菜,辛香料,無,180,0.0,28,長樂農場,原料: 香菇、玉皇菇、鮑魚菇、鴻喜菇、白精靈菇、金針菇、柳松菇、巴西蘑菇、猴頭菇、酵母抽出物、副原料:乳糖、(全部菇類使用部位為子實體). 用途:烹飪食物運用調味、食用後不會口乾舌燥、代替調理味精. 用量:內附量匙、湯、煎、滷類&hellip;.1~2 匙.所需鹽量另加. 淨重:150 公克 保存方法:置於涼爽乾燥處、開封使用後請將蓋封緊. 保存期限:2 年 產地:台灣 營養標示每一份量 2 公克本包裝含 75 份 每份每 100 公克 熱量 7.6 大卡 378.5 大卡 蛋白質 0.2 公克 11.5 公克 脂肪 0 公克 0.1 公克 飽和脂肪 0 公克 0 公克 反式脂肪 0 公克 0 公克 碳水化合物 1.6 公克 82.9 公克 糖 1.4 公克 70.6 公克 鈉 20 毫克 1010 毫克 台灣菇類農場推廣處 南投市彰南路三段 1541 巷 168 號 049-2251715 食品業者登錄字號:B-145866507,無,https://s1.myqr.com.tw/newshop/177/TypeGoods?type2=5425&type1=5958&type0=5979&pageIndex=0&goodId=46345,無,https://pshop.myqr.com.tw/qrssimage/GoodsImage/128/128609.jpeg?90
4711175009465-3,有機白醋/150ml,常溫食品,調味/醬料/醬菜,辛香料,無,55,0.0,0,味榮,商品描述 灣有機米使用、100% 純釀造、手工陶缸釀造無防腐劑與無味精、無化學冰醋酸成分商品特色台灣有機米使用 100% 純釀造 手工陶缸釀造 無防腐劑與無味精 無化學冰醋酸成分 70 年傳統釀造工法 20 年有機生產技術酸味天然十足 味道香醇不嗆辣 沾拌醃料理均宜!均符合國家 CNS 釀造食醋與調理食醋標準采園生態驗證有限公司驗證、有機驗證字號:1-008-131106,無,https://s1.myqr.com.tw/newshop/177/TypeGoods?type2=5425&type1=5958&type0=5979&pageIndex=0&goodId=47721,味榮 有機認證,https://pshop.myqr.com.tw/qrssimage/GoodsImage/130/130028.jpeg?26
4711175007287,有機米醋/250ml,常溫食品,調味/醬料/醬菜,辛香料,無,120,0.0,7,味榮,主原料經有機認證、酸度 4.8%. 純釀造、無防腐劑、味精、冰醋酸等化學添加物,無,https://s1.myqr.com.tw/newshop/177/TypeGoods?type2=5425&type1=5958&type0=5979&pageIndex=0&goodId=47359,味榮 有機認證,https://pshop.myqr.com.tw/qrssimage/GoodsImage/128/128700.png?26
4711175009465,有機蘋果醋(無糖)/500ml,常溫食品,調味/醬料/醬菜,辛香料,無,295,0.0,130,味榮,商品特色: ◎台灣有機糙米純釀造醋 ◎5 倍濃縮 ◎手工陶缸釀造 ◎無防腐劑、無味精 ◎無化學冰醋酸成份 ◎古法陶缸釀造、熟成六個月 --------------------- 使用方式: ●以飲用水 5:1 方式稀釋後、即可直接飲用;添加蜂蜜或冰糖後、風味更佳. ●生菜沙拉醬、鍋物沾醬及料理醃製使用.,無,https://s1.myqr.com.tw/newshop/177/TypeGoods?type2=5425&type1=5958&type0=5979&pageIndex=0&goodId=47719,味榮 有機認證,https://pshop.myqr.com.tw/qrssimage/GoodsImage/130/130024.jpeg?10
4712304443167,千歲豆腐乳-香辣/220g,常溫食品,調味/醬料/醬菜,醬菜,無,140,0.0,6,桃米泉,嚴選素材、祖傳秘釀. 成份:水、非基因改造黃豆、砂糖、食鹽、糙米、辣椒、食品級硫酸鈣. 規格:220g 保存期限:2 年(未開封放置陰涼處、開封需冷藏) 產地:台灣 營養標示: (每一份量 20 公克本包裝含 11 份 / 每份) 熱量 40 大卡 蛋白質 1.4 公克 脂肪 1 公克 飽和脂肪酸 0.1 公克 反式脂肪酸 0 公克 碳水化合物 6.3 公克 糖 3.9 公克 鈉 413 毫克,無,https://s1.myqr.com.tw/newshop/177/TypeGoods?type2=5425&type1=5958&type0=6678&pageIndex=0&goodId=29701,無,https://pshop.myqr.com.tw/qrssimage/GoodsImage/71/71031.jpg?10
4712304443143,千歲豆腐乳-原味/220g,常溫食品,調味/醬料/醬菜,醬菜,無,140,0.0,13,桃米泉,品名:原味千歲腐乳(全素) 成份:黃豆(非基因改造)、糙米、食用硫酸鈣、食鹽、天然蔗糖、水. 內容量:220 公克 固形量:220 公克&plusmn;5% 保存期限:2 年 *開封後請務必冷藏保鮮 原產地:台灣南投 營養標示每一份量 20 公克本包裝含 11 份 每份每 100 公克 熱量 43 大卡 216 卡 蛋白質 1.6 公克 8.1 公克 脂肪 1.2 公克 5.8 公克 飽和脂肪 0.1 公克 0.6 公克 反式脂肪 0 公克 0 公克 碳水化合物 6.5 公克 32.7 公克 糖 4.9 公克 24.4 公克 鈉 421 毫克 2118 毫克,無,https://s1.myqr.com.tw/newshop/177/TypeGoods?type2=5425&type1=5958&type0=6678&pageIndex=0&goodId=29699,無,https://pshop.myqr.com.tw/qrssimage/GoodsImage/71/71025.jpg?45
4711175000745,古釀破布子/375g,常溫食品,調味/醬料/醬菜,醬菜,無,195,0.0,62,味榮,【味榮】古釀天然破布子(375g/ 罐) 破布子俗稱樹子仔 為多年生木本植物的種子 營養豐富 ●天然破布子可蒸、煮、炒皆適宜 ●可以炒山蘇、樹子蒸魚、或是直接配稀飯 ●味道甘美順口 回味無窮 ●不含防腐劑、不添加人工色素 規格: 原料:水、樹子、醬油、砂糖、鹽、檸檬酸、蘋果酸 內容量:375 公克 固形量:230 公克 保存期限:二年(未開封) 產地:台灣 本公司通過國際食品 ISO22000&amp;HACCP 安全驗證,無,https://s1.myqr.com.tw/newshop/177/TypeGoods?type2=5425&type1=5958&type0=6678&pageIndex=0&goodId=29766,無,https://pshop.myqr.com.tw/qrssimage/GoodsImage/71/71280.jpg?45
4710125311528,玉香筍/410g,常溫食品,調味/醬料/醬菜,醬菜,無,128,0.0,20,明德,精選台灣麻竹筍、經清洗、川燙、調味、口感香滑微辣、正港的台灣名產. ■純素 ■無防腐劑 ■無味精 ■非基因改造黃豆 商品描述 成分:台產麻竹筍、大豆油、甘蔗液糖(糖、水)、台產紅辣椒、水、食鹽、香油(大豆油、芝麻)、薑、調味劑(5&rsquo;次黃嘌呤核?磷酸二鈉、5&rsquo;鳥嘌呤核?磷酸二鈉)、甜味劑(甘草萃)、花椒. 過敏原:本產品含有大豆、芝麻、不適合對其過敏者食用. 保存期限:2 年(未開封);開封後請冷藏. 辣度:微辣. 純素. 淨重:410g. 本產品無添加防腐劑、人工色素、味素. 使用方式:開胃小菜、燒菜、煮湯. 推薦食譜:眷村風味鮮蔬薄餅,無,https://s1.myqr.com.tw/newshop/177/TypeGoods?type2=5425&type1=5958&type0=6678&pageIndex=0&goodId=46226,無,https://pshop.myqr.com.tw/qrssimage/GoodsImage/125/125983.jpeg?29
4711175000950,有機川辣豆腐乳/300g,常溫食品,調味/醬料/醬菜,醬菜,無,150,0.0,5,味榮,★味榮釀造美味豆腐乳三大關鍵★ 關鍵一:採天然製麴、保留大溪名產傳統之純手工方法製作. 釀造過程遵循古法、製作發麴後、與豆乳塊一同熟成. 關鍵二:精選台灣特級梅子、酸甜梅香搭配豆腐乳、 光聞唾液就止不住的分泌!大大滿足您挑剔的味蕾! 關鍵三:原料採用有機認證糙米、較市面上一般之加工米、 味道較香郁且甜 Q、經天然發酵過程、由大分子轉變成小分子、 營養成份更易吸收、吃起來特別香甜、健康美味絕對吃得出! ★由台灣農委會審核檢驗單位『采園生態驗證有限公司』之認證 、有機認證字號:EG-131106P1Z. 【品名】有機川辣豆腐乳(全素) 【淨重】300g 【內容物】有機黃豆(美國)、辣椒粉(台灣)、有機鹽、芝麻油(台灣) 【國際條碼】4711175000950 【製造廠商或國內負責廠商名稱】味榮食品工業股份有限公司 【電話】04-25320279 【地址】台中市豐原區西勢路 701 號 【原產地(國)】台灣 【裝箱數量】12 罐 / 箱 【保存期限】兩年 【保存方法】本系列產品不含防腐劑、不含人工化學添加劑.為天然發酵、不加防腐或抑菌劑、若有產氣狀況表示仍發酵中、為自然現象不影響風味、開封後請冷藏.,無,https://s1.myqr.com.tw/newshop/177/TypeGoods?type2=5425&type1=5958&type0=6678&pageIndex=0&goodId=28774,味榮 有機認證,https://pshop.myqr.com.tw/qrssimage/GoodsImage/71/71024.jpg?29
4710125211019,剝皮辣椒/460g,常溫食品,調味/醬料/醬菜,醬菜,無,160,0.0,50,明德,●獨家釀造技術、辣椒爽脆不軟爛. ●微辣口感、甘甜順口. ●剝皮辣椒雞湯、煎蛋炒蛋、佐餐、涼菜. ●純素.無添加防腐劑、人工色素、味素. 商品說明 精選青辣椒精製、滑脆的口感、辣度適中、無論是小菜或作菜皆宜. 食品過敏源資訊:本食品包含黃豆、小麥、如對該成份過敏、請注意! 容量 460g 保存期限:兩年(未開封) 內容物 青辣椒、水、蔗糖液糖、純釀造醬油、食鹽、調味劑(5&#39;次黃嘌呤核?磷酸二鈉、5&#39;鳥嘌呤核?磷酸二鈉)、甜味劑(甘草酸鈉)、乳酸. 是否冷藏:開封後須冷藏 料理應用:開胃小菜、燒菜、煮湯(剝皮辣椒雞)、青椒肉絲. 原產地:台灣 *純素嚴選精製、本產品無添加防腐劑及色素 明德食品工業股份有限公司 明德食品通過 ISO22000&amp;HACCP 食品安全管理系統驗證 保存期限:兩年(未開封),無,https://s1.myqr.com.tw/newshop/177/TypeGoods?type2=5425&type1=5958&type0=6678&pageIndex=0&goodId=29729,無,https://pshop.myqr.com.tw/qrssimage/GoodsImage/71/71123.jpg?65
4719859740208,康健純釀蔭油條瓜/170g,常溫食品,調味/醬料/醬菜,醬菜,無,50,0.0,23,無,★特選上等幼嫩條瓜 ★純釀造醬汁豆油原汁調味醃製 ★傳統工法 食用方法: 可直接配飯、稀飯或其他烹調料理使用. 成份:珍珠條瓜、糖、水、蔭油(醬油)&lt;水、黃豆、小麥、鹽、生油、甘草萃(甜味劑)、葡萄糖、甘草酸鈉(甜味劑)、甘草酸胺(甜味劑)&gt;、檸檬酸、蘋果酸、胺基乙酸、DL 胺基丙酸 規格:170g/ 罐 產地:台灣 保存期限:3 年 保存方式:避免陽光直射、請放置陰涼乾燥處、開封後請儘快食用完畢或放置冰箱. 過敏源資訊:無,無,https://s1.myqr.com.tw/newshop/177/TypeGoods?type2=5425&type1=5958&type0=6678&pageIndex=0&goodId=29209,無,https://pshop.myqr.com.tw/qrssimage/GoodsImage/69/69014.jpg?65
4713445623135,梅乾菜/65g,常溫食品,調味/醬料/醬菜,醬菜,無,47,0.0,54,大埤農會,成份:芥菜、醬油、鹽 規格:65g 保存期限:1 年 產地:台灣 營養標示: (每一份 5 公克本包裝含 13 份 / 每份) 熱量 9.0 大卡 蛋白質 0.4 公克 脂肪 0.1 公克 脂肪酸 0 公克 式脂肪酸 0 公克 碳水化合物 1.6 公克 糖 0 公克 鈉 892 毫克,無,https://s1.myqr.com.tw/newshop/177/TypeGoods?type2=5425&type1=5958&type0=6678&pageIndex=0&goodId=46333,無,https://pshop.myqr.com.tw/qrssimage/GoodsImage/128/128611.jpeg?65
4710918383077,野生甘樹子/180g,常溫食品,調味/醬料/醬菜,醬菜,無,115,0.0,51,喜樂之泉,產品特色 農藥檢驗合格 無調味料、酵母抽出物、防腐劑、色素 產品說明 內容物:高山野生樹子(台灣)、蔗糖、水、黑豆醬汁(水、黑豆、海鹽)、蘋果酸(日本大阪)、檸檬酸、乳酸.以上原料栽種過程皆不使用農藥及化學肥料(沉澱為樹子汁液). 適用族群:老少咸宜. 保存期限:3 年(未開封)、開封後請冷藏 規格:190g/ 瓶 品牌介紹 以「誠心、安心、服務」的精神為宗旨、成為傳統醬油製造業的指標品牌、超過一甲子的歲月釀存了臺灣人幸福的味蕾記憶.,無,https://s1.myqr.com.tw/newshop/177/TypeGoods?type2=5425&type1=5958&type0=6678&pageIndex=0&goodId=29706,無,https://pshop.myqr.com.tw/qrssimage/GoodsImage/71/71060.jpg?1
4713445623128,榨菜/250g,常溫食品,調味/醬料/醬菜,醬菜,無,47,0.0,10,大埤農會,商品詳情成份:榨菜、鹽、偏亞硫酸氫鈉 0.03g/kg 以下、苯甲酸(防腐劑)0.6g/kg 以下規格:250g 保存期限:1 年 產地:台灣 營養標示: (每一份 50 公克本包裝含 5 份 / 每份) 熱量 40 大卡蛋白質 0.4 公克 脂肪 0.1 公克 飽和脂肪酸 0 公克 反式脂肪酸 0 公克 碳水化合物 9.5 公克 糖 0 公克 鈉 326 毫克,無,https://s1.myqr.com.tw/newshop/177/TypeGoods?type2=5425&type1=5958&type0=6678&pageIndex=0&goodId=46332,無,https://pshop.myqr.com.tw/qrssimage/GoodsImage/128/128612.jpg?1
4710859511348,綠色生活山葵辣椒/醬菜/250g,常溫食品,調味/醬料/醬菜,醬菜,無,150,0.0,37,綠色生活,品名:山葵辣椒╱醬菜 健康五主張 採用生機蔬菜、冷壓芝麻油、陳年壺底醬油、竹鹽、健康調味料 榮獲全國農業金龍獎 精選阿里山野味食材、健康調味醃漬 手工古法製作而成、爽脆口感、 加上辣而不嗆的鮮明滋味、是養生開胃料理首選 ●原產地:台灣 ●容量:250 公克 / 瓶 ●特色:精選阿里山野味食材、手工製作而成、 爽脆口感加上辣而不嗆的鮮明滋味、是各式養生開胃料理首選. ●成分:阿里山山葵、生機辣椒、大豆、生機香椿、枸杞、冷壓芝麻油、 陳年壺底醬油(水、黑豆(非基因改造)、糖、鹽、米麴)、竹鹽. ●食用方法:直接食用或沾拌調味. ●保存期限:常溫 2 年(本產品開封後請置於冰箱冷藏保存),無,https://s1.myqr.com.tw/newshop/177/TypeGoods?type2=5425&type1=5958&type0=6678&pageIndex=0&goodId=29806,無,https://pshop.myqr.com.tw/qrssimage/GoodsImage/71/71415.jpg?1
4710097114318,3A超特上選苦茶油(食健同源)/450ml,常溫食品,食用油,植物油,無,1503,0.0,7,源順,品名:3A 超特上選苦茶油(食健同源) 產品容量:450ml/ 瓶 成份說明:(100% 特選苦茶油)嚴選當季最頂級最新鮮的苦茶籽原料 產品說明: 1.嚴選當季最頂級最新鮮苦茶籽原料裝瓶販售. 2.本產品是採 800 至 1000 公尺最適苦茶生長高度、深山野生栽培法收成. 3.產地水份檢驗、原料新鮮度酸價檢驗合格、且通過黃麴毒素檢驗通過. 4.最重要的是、本產品生飲口感甜美、絕無同類苦茶油之苦味 用過的客戶、一定會購買使用. 5.生飲、生食絕佳. 有效期限:24 個月,無,https://s1.myqr.com.tw/newshop/177/TypeGoods?type2=5425&type1=5959&type0=5980&pageIndex=0&goodId=29611,無,https://pshop.myqr.com.tw/qrssimage/GoodsImage/70/70690.jpg?84
4018462404027,Byodo施蒂利亞有機南瓜籽油/100ml,常溫食品,食用油,植物油,無,428,0.0,1,自然生活,★因應政府法規規定、凡歐盟有機認證皆不得標示於品名及瓶身、故產品不再提供有機農糧署字號、但產品品質不變、請放心選購★ Byodo 南瓜籽油(100ml) 天然濃郁的堅果香氣、是美食專家眼中的「綠色黃金」、西方俗稱「男人的油」 奧地利認證、歐盟認證、PGI 地理標示保護認證(德文 G.G.A.) 嚴選自世界知名南瓜籽油產區 - 施蒂利亞南瓜保護地:奧地利施帝莉亞 G.G.A.(PGI)區獨有的無殼南瓜籽品種 富含多元不飽和脂肪酸、維生素 E、B 群、鋅、鐵、鎂等礦物質及胺基酸等完整營養 奧地利百年傳承六代專業製油家族秉持傳統工法製作最優良的南瓜籽油 低溫壓榨、以完全阻隔紫外線直射、避免油品氧化的玻璃罐裝材質設計、保存最佳原味 成分:100% 南瓜籽油 產地:德國 容量:100ml 保存期限:12 個月 食用方法: 直接飲用(每日一匙約 10cc). 麵包或饅頭沾醬、淋在煮熟的菜餚、飯、麵或調製醬汁等. &bull;Byodo 翻譯自日文、意思是「志同道合」、正是 Byodo 與供應商、顧客以及內部團隊本身、共同深耕夥伴關係所秉持的主要概念. &bull;Byodo 創立於 1985 年、總部設在因河畔米爾多夫(M&uuml;hldorfamInn)、「提供最好的產品給顧客」是其 30 年來的經營理念、並且全心全意報效大自然、環境及社會倡議. &bull;Byodo 的整個團隊與品保人員、品嚐、測試、精進所有產品、直到能夠讓美食家怦然心動為止.定期拜訪供應商與嚴格的分析方案、確保產品維持一貫的高品質.,無,https://s1.myqr.com.tw/newshop/177/TypeGoods?type2=5425&type1=5959&type0=5980&pageIndex=0&goodId=46288,無,https://pshop.myqr.com.tw/qrssimage/GoodsImage/126/126213.jpeg?21
4018462400609,Byodo高燃點葵花油/750ml,常溫食品,食用油,植物油,無,456,0.0,19,自然生活,★因應政府法規規定、凡歐盟有機認證皆不得標示於品名及瓶身、故產品不再提供有機農糧署字號、但產品品質不變、請放心選購★ Byodo 高燃點橄欖油(750ml) ★100% 橄欖油 ★油酸(Omega-9)含量高、發煙點 200 度、適合煎、炒、炸、烘、烤等各種中、西料理 ★質純溫和、食物烹調後不油不膩、清爽美味 選自產量居世界第 4 位:突尼西亞 -「世界橄欖油園」 天然生機栽種橄欖第一道冷榨後經溫和蒸餾去除易氧化物質、並與特級初榨橄欖油 7:3 而成、油質穩定適合東方人的高溫烹調. 成分:100% 葵花油 產地:德國 容量:750ml 保存期限:13 個月 食用方法: 單元不飽和脂肪酸&omega;-9(omega-9)含量高、發煙點 200 度、適合煎、炒、炸、烘、烤等各種中、西料理之用 &bull;Byodo 翻譯自日文、意思是「志同道合」、正是 Byodo 與供應商、顧客以及內部團隊本身、共同深耕夥伴關係所秉持的主要概念. &bull;Byodo 創立於 1985 年、總部設在因河畔米爾多夫(M&uuml;hldorfamInn)、「提供最好的產品給顧客」是其 30 年來的經營理念、並且全心全意報效大自然、環境及社會倡議. &bull;Byodo 的整個團隊與品保人員、品嚐、測試、精進所有產品、直到能夠讓美食家怦然心動為止.定期拜訪供應商與嚴格的分析方案、確保產品維持一貫的高品質.,無,https://s1.myqr.com.tw/newshop/177/TypeGoods?type2=5425&type1=5959&type0=5980&pageIndex=0&goodId=46287,無,https://pshop.myqr.com.tw/qrssimage/GoodsImage/126/126209.jpeg?21
4710097111584,已催芽冷壓芝麻油/220ml,常溫食品,食用油,植物油,無,335,0.0,27,源順,產品容量:220ml╱瓶 成份說明:100% 特選黑芝麻 產品說明: 全素食、生機健康產品 為第二代的冷壓芝麻油、不僅保有原來冷壓芝麻油的清香、更添加未來趨勢的已催芽芝麻芽油的豐富營養、一舉數得. 有效期限:24 個月 台灣生機飲食用油領導品牌 通過黃菊毒素檢驗 芝麻壓榨製成食用油在中國已有久遠歷史、更由於具有獨特芳香味和高營養價值、而被冠為「食油之王」、我國國家將其標準名稱定為&rdquo;芝麻油&rdquo;、一般常俗稱為胡麻油、烏麻油及香麻油. 根據中外醫學古籍、對芝麻(胡麻)的讚賞有相當多的記載:例如:芝麻攝取時、應特別注意原料的新鮮度及烘培處理的時間及溫度. 第二代的冷壓芝麻油、不僅保有原來冷壓芝麻油的清香、更添加未豐富營養已催芽芝麻芽油、一舉數得. 冷壓法所生產的芝麻油品質好、這點消費者多有認知. 1996 年、新竹縣關西鎮華光智能發展中心主任吳富美帶領生機飲食界的先知李秋涼老師、特地為癌症生存者及慢性病患者請命、希望源順能開發一種可以替代進口橄欖油的良質油品.吳董事長所帶領的研發團隊遂根據多年來自家培植的豆、仁、芽菜的歷練、以及三十多年的專業製油經驗、終於在 2003 年將已催芽之芝麻萃取油脂、延伸發展出「已催芽冷壓芝麻芽油」. 令人敬佩的是、源順還特別將「已催芽冷壓芝麻芽油」消售的利潤、提撥固定比例捐給華光智能發展中心、以回饋當年李秋涼老師的請託. 已催芽的種子就像是一部蛋白質製造機、它能生產蛋白質、維他命、礦物質&hellip;等、以供生長之所需. 當你食用已催芽芝麻時、你是在吃一種營養價值正值高峰的植物、種子在此時釋放所有儲存的能量、以變成一株完整的植物 認識已催芽 - 從種子到營養食品 一、隨著催芽的過程 碳水化合物經由酵素作用轉變成簡單的醣類 蛋白質變成胺基酸 油脂類變成脂肪酸、而這些均是容易消化的可溶性化合物 已催芽時期也產生大量的維他命、尤其是維他命 C 二、將芝麻催芽、必須找到最適合的催芽程度、(因為催芽過程中、不新鮮的芝麻孵不出芽來;催芽過度、將氧化、口感不佳、對身體形成不必要的負擔). 三、催芽過程中、酵素活化的程度很大、尚未經催芽的種子放入水中數分鐘後、酵素就已開始把準備催芽種子變成很容易消化的食物. 四、從吃下新鮮已催芽芝麻開始、它的營養價值開始上升、直到咀嚼前、其養分均呈完整狀態. 雖然其他的有機食品如新鮮蔬菜、也有豐富,無,https://s1.myqr.com.tw/newshop/177/TypeGoods?type2=5425&type1=5959&type0=5980&pageIndex=0&goodId=29615,無,https://pshop.myqr.com.tw/qrssimage/GoodsImage/70/70701.jpg?56
4710097111249,已催芽冷壓芝麻油/570ml,常溫食品,食用油,植物油,無,603,0.0,22,源順,產品容量:570ml╱瓶 成份說明:100% 特選黑芝麻 產品說明: 全素食、生機健康產品 為第二代的冷壓芝麻油、不僅保有原來冷壓芝麻油的清香、更添加未來趨勢的已催芽芝麻芽油的豐富營養、一舉數得. 有效期限:24 個月 台灣生機飲食用油領導品牌 通過黃菊毒素檢驗 芝麻壓榨製成食用油在中國已有久遠歷史、更由於具有獨特芳香味和高營養價值、而被冠為「食油之王」、我國國家將其標準名稱定為&rdquo;芝麻油&rdquo;、一般常俗稱為胡麻油、烏麻油及香麻油. 根據中外醫學古籍、對芝麻(胡麻)的讚賞有相當多的記載:例如:芝麻攝取時、應特別注意原料的新鮮度及烘培處理的時間及溫度. 第二代的冷壓芝麻油、不僅保有原來冷壓芝麻油的清香、更添加未豐富營養已催芽芝麻芽油、一舉數得. 冷壓法所生產的芝麻油品質好、這點消費者多有認知. 1996 年、新竹縣關西鎮華光智能發展中心主任吳富美帶領生機飲食界的先知李秋涼老師、特地為癌症生存者及慢性病患者請命、希望源順能開發一種可以替代進口橄欖油的良質油品.吳董事長所帶領的研發團隊遂根據多年來自家培植的豆、仁、芽菜的歷練、以及三十多年的專業製油經驗、終於在 2003 年將已催芽之芝麻萃取油脂、延伸發展出「已催芽冷壓芝麻芽油」. 令人敬佩的是、源順還特別將「已催芽冷壓芝麻芽油」消售的利潤、提撥固定比例捐給華光智能發展中心、以回饋當年李秋涼老師的請託. 已催芽的種子就像是一部蛋白質製造機、它能生產蛋白質、維他命、礦物質&hellip;等、以供生長之所需. 當你食用已催芽芝麻時、你是在吃一種營養價值正值高峰的植物、種子在此時釋放所有儲存的能量、以變成一株完整的植物 認識已催芽 - 從種子到營養食品 一、隨著催芽的過程 碳水化合物經由酵素作用轉變成簡單的醣類 蛋白質變成胺基酸 油脂類變成脂肪酸、而這些均是容易消化的可溶性化合物 已催芽時期也產生大量的維他命、尤其是維他命 C 二、將芝麻催芽、必須找到最適合的催芽程度、(因為催芽過程中、不新鮮的芝麻孵不出芽來;催芽過度、將氧化、口感不佳、對身體形成不必要的負擔). 三、催芽過程中、酵素活化的程度很大、尚未經催芽的種子放入水中數分鐘後、酵素就已開始把準備催芽種子變成很容易消化的食物. 四、從吃下新鮮已催芽芝麻開始、它的營養價值開始上升、直到咀嚼前、其養分均呈完整狀態. 雖然其他的有機食品如新鮮蔬菜、也有豐富,無,https://s1.myqr.com.tw/newshop/177/TypeGoods?type2=5425&type1=5959&type0=5980&pageIndex=0&goodId=29616,無,https://pshop.myqr.com.tw/qrssimage/GoodsImage/70/70712.jpg?56
4711175002367,冷壓白芝麻油/260ml,常溫食品,食用油,植物油,無,250,0.0,30,展康,商品介紹 ■箱入數:12 入 ■保存期限:24 月 本產品採用新鮮上等白芝麻、品質嚴格把關、由製油世家擁有三十年製油經驗的第三代芝麻油達人 - 蔡德成先生、堅持傳統、採用冷壓工法、恆溫靜置沉澱、保留芝麻最多自然香醇氣味、穩定品質不變. ◎適合料理:拌餡(水餃、水煎包)、生菜沙拉、燙青菜.等料理. ◎本產品完全使用白芝麻、會在低溫的情況下產生植物性蛋白質結晶體、屬於自然現象、請使用前搖勻後、即可安心使用! ◎本產品含有芝麻成分,無,https://s1.myqr.com.tw/newshop/177/TypeGoods?type2=5425&type1=5959&type0=5980&pageIndex=0&goodId=47729,有機認證,https://pshop.myqr.com.tw/qrssimage/GoodsImage/130/130068.jpeg?40
4710097111607,冷壓芝麻油/220ml,常溫食品,食用油,植物油,無,270,0.0,28,源順,產品特色 第二代的冷壓芝麻油、不僅保有原來冷壓芝麻油的清香. 更添加未來趨勢的已催芽芝麻芽油的豐富營養、一舉數得. 內容物說明 100% 芝麻油 保存期限 2 年 品牌介紹 除了原料供應之外、源順食品廠更是大力引進先進研磨設備.各式食品原料及傳統中草藥材、可針對不同需求做專業研磨;對於即食商品的加工、源順更是提供了膨發、低溫烘焙、蒸煮、瞬間熟化等方式、滿足商品不同屬性的特色.無論是在商品研發、各式 OEM、ODM、皆能達成客製化的要求.,無,https://s1.myqr.com.tw/newshop/177/TypeGoods?type2=5425&type1=5959&type0=5980&pageIndex=0&goodId=29636,無,https://pshop.myqr.com.tw/qrssimage/GoodsImage/70/70748.jpg?40
4710097111591,冷壓芝麻油/570ml,常溫食品,食用油,植物油,無,475,0.0,45,源順,產品特色 第二代的冷壓芝麻油、不僅保有原來冷壓芝麻油的清香. 更添加未來趨勢的已催芽芝麻芽油的豐富營養、一舉數得. 內容物說明 100% 芝麻油 保存期限 2 年 品牌介紹 除了原料供應之外、源順食品廠更是大力引進先進研磨設備.各式食品原料及傳統中草藥材、可針對不同需求做專業研磨;對於即食商品的加工、源順更是提供了膨發、低溫烘焙、蒸煮、瞬間熟化等方式、滿足商品不同屬性的特色.無論是在商品研發、各式 OEM、ODM、皆能達成客製化的要求.,無,https://s1.myqr.com.tw/newshop/177/TypeGoods?type2=5425&type1=5959&type0=5980&pageIndex=0&goodId=29633,無,https://pshop.myqr.com.tw/qrssimage/GoodsImage/70/70744.jpg?75
4806533133019,冷壓純鮮椰子油/550ml,常溫食品,食用油,植物油,無,428,0.0,13,瑞雀,椰子油含有豐富中鏈脂肪及月桂酸、耐高溫、抗氧化是非常健康的油品 椰子油可以使用的地方非常多 ●生飲:每日三餐直接飲用 10-15cc ●烹調:椰子油耐高溫適合煎、煮、炒、炸(可去除海鮮和肉類德腥味) ●咖啡、牛奶、開水、果汁或精力湯中加入 1-2 湯匙椰子油. ●可當吐司抹醬或來拌生菜水果沙拉. ●美容、護膚、按摩:每日沐浴後可適量塗抹臉部或身體、按摩 1-2 分鐘. ●護髮:每日取適量椰子油按摩頭皮及髮梢 ●卸妝:椰子油有很好的清潔效果、用來卸妝不傷皮膚 ●口腔保健:刷完牙後再用椰子油漱口 15 分鐘牙齦保養效果更,無,https://s1.myqr.com.tw/newshop/177/TypeGoods?type2=5425&type1=5959&type0=5980&pageIndex=0&goodId=46342,無,https://pshop.myqr.com.tw/qrssimage/GoodsImage/126/126326.jpg?75
4711175002374,冷壓黑芝麻油/260ml,常溫食品,食用油,植物油,無,250,0.0,63,展康,商品介紹 ■箱入數:12 入 ■保存期限:24 月 本產品採用新鮮上等黑芝麻、品質嚴格把關、由製油世家擁有三十年製油經驗的第三代芝麻油達人 - 蔡德成先生、堅持傳統、採用冷壓工法、恆溫靜置沉澱、保留芝麻最多自然香醇氣味、穩定品質不變. ◎適合料理:三杯料理、油飯、溫熱食補.等料理. ◎本產品完全使用黑芝麻、會在低溫情況下產生植物性蛋白質結晶體、屬於自然現象、請使用前搖勻、即可安心使用! ◎本產品含有芝麻成分,無,https://s1.myqr.com.tw/newshop/177/TypeGoods?type2=5425&type1=5959&type0=5980&pageIndex=0&goodId=47730,無,https://pshop.myqr.com.tw/qrssimage/GoodsImage/130/130070.jpeg?59
4710097113687,特上嚴選純100%香油/260ml,常溫食品,食用油,植物油,無,220,0.0,41,源順,產品特色 市售少數 100% 頂級純香油 香醇拌湯拌菜皆宜 富含維生素 E F 有益人體健康 內容物說明 100% 芝麻油 保存期限 2 年 品牌介紹 除了原料供應之外、源順食品廠更是大力引進先進研磨設備.各式食品原料及傳統中草藥材、可針對不同需求做專業研磨;對於即食商品的加工、源順更是提供了膨發、低溫烘焙、蒸煮、瞬間熟化等方式、滿足商品不同屬性的特色.無論是在商品研發、各式 OEM、ODM、皆能達成客製化的要求.,無,https://s1.myqr.com.tw/newshop/177/TypeGoods?type2=5425&type1=5959&type0=5980&pageIndex=0&goodId=29638,無,https://pshop.myqr.com.tw/qrssimage/GoodsImage/70/70752.jpg?59
4715466100015,祥記100%茶仔油/500ml,常溫食品,食用油,植物油,無,1080,0.0,37,祥記,【商品內容】 祥記茶仔油 500ml 【產品規格】 內容物:天然苦茶籽 容 量:500 毫升 / 瓶 保存期限:3 年 本商品投保產物險:新光產險 / 產品責任險 2000 萬,無,https://s1.myqr.com.tw/newshop/177/TypeGoods?type2=5425&type1=5959&type0=5980&pageIndex=0&goodId=29651,無,https://pshop.myqr.com.tw/qrssimage/GoodsImage/70/70788.jpg?95
4715466100022,祥記100%黑麻油/500ml,常溫食品,食用油,植物油,無,494,0.0,28,祥記,【食品業者登錄字號】A123886760-00000-8 【投保產品責任險公司與字號】新光產險 130006AKP0000287 【製造廠商或國內負責廠商名稱】崇贏實業股份有限公司 【製造廠商或國內負責廠商電話】02-28276918 【製造廠商或國內負責廠商地址】台北市北投區尊賢街 218 巷 42 號 1 樓 【食物過敏原標示】無 【葷 / 純素 / 奶蛋素】純素 【內容物成份】黑芝麻 【內容量(重量)】500cc 【保存期限(總效期)】三年,無,https://s1.myqr.com.tw/newshop/177/TypeGoods?type2=5425&type1=5959&type0=5980&pageIndex=0&goodId=29652,無,https://pshop.myqr.com.tw/qrssimage/GoodsImage/70/70795.jpg?95
8420701509015,莎寶蘿葡萄籽油/1L,常溫食品,食用油,植物油,無,447,0.0,20,馥聚,品名:公平貿易西班牙 SABROSO 莎寶蘿天然葡萄籽油 ▲下標前、請先詢問.預購約 7~14 工作天、到貨後、開始依訂單順序出貨.若訂單中有其他商品、將隨預購商品一起出貨. 商品成份:天然葡萄籽油 商品規格:1000ml 保存期限:12 個月 生產國:西班牙 保存方式:請避免陽光直射、置於乾燥陰涼處;開封後請冷藏、並儘速食用完畢. ★最環保又健康的食用油 ★不飽和脂肪酸高、食用油中唯一含 OPC 成分的油 ★含豐富亞麻油酸、維他命 F、零膽固醇 ★消化係數高、發煙點可達 220&deg;C 【品牌故事】 Rafaelsalgado 成立於 1875 年、已長達五個世代的傳承、該家族生產一系列優質油品、並於 2005 年與 MIGASA 集團合資成立公司、並在西班牙 C&rsquo;ordoba 設立全新現代化工廠、全力生產高品質油品、以供應廣大需求、該公司除了擁有生產全年品質一致的橄欖油品專業能力外、更重要的是堅持只用新鮮收成的橄欖製作最新鮮的產品、其現代化工廠更有多項國際認證、如 ISO9002、BRC、回教 HALAL 和猶太 KOSHER 認證.,無,https://s1.myqr.com.tw/newshop/177/TypeGoods?type2=5425&type1=5959&type0=5980&pageIndex=0&goodId=29610,無,https://pshop.myqr.com.tw/qrssimage/GoodsImage/70/70685.jpg?31
4710097113618,超優級低溫鮮榨100%黑麻油/265ml,常溫食品,食用油,植物油,無,260,0.0,41,源順,容量:265ml 成分:特上選黑芝麻 已催芽冷壓芝麻油 超優級低溫鮮榨 100% 黑麻油: *環保:低溫製法環境 不造成空氣汙染 不排放廢水 符合環保概念 *溫和穩定不躁熱:低溫烘焙 較不易破壞原料 油性溫和穩定 較不易躁熱 *質純保養份:不因高溫破壞養份 保持芝麻原有的質純營養與風味 是現代飲食進階的選擇 *建康維持:特別添加已催芽冷壓芝麻油 達促進新陳代謝 營養補給之目標 *原料需經符合酸價國家標準 *原料需經黃麴毒素檢驗通過 保存期限:24 個月,無,https://s1.myqr.com.tw/newshop/177/TypeGoods?type2=5425&type1=5959&type0=5980&pageIndex=0&goodId=29641,無,https://pshop.myqr.com.tw/qrssimage/GoodsImage/70/70758.jpg?31
4710097110938,超優級苦茶油/570ml,常溫食品,食用油,植物油,無,1350,0.0,10,源順,品名:源順超優即級苦茶油 成份:100% 天然苦茶油 建議使用方式: 1.涼拌沙拉 2.拌飯、拌麵線. 3.本苦茶油亦可使用於煎、煮、炒、炸. 容量:570 毫升 保存期限:2 年 產地:台灣 營養標示每一份量 10 毫升本包裝含 57 份 每份每 100 毫升 熱量 83 大卡 828 大卡 蛋白質 0.0 公克 0.0 公克 脂肪 9.2 公克 92 公克 飽和脂肪 1.0 公克 9.6 公克 反式脂肪 0.0 公克 0.0 公克 碳水化合物 0.0 公克 0.0 公克 糖 0.0 公克 0.0 公克 鈉 0 毫克 0 毫克 營養標示數據若與包裝上略有差異時、以實際包裝上標示為準,無,https://s1.myqr.com.tw/newshop/177/TypeGoods?type2=5425&type1=5959&type0=5980&pageIndex=0&goodId=29613,無,https://pshop.myqr.com.tw/qrssimage/GoodsImage/70/70695.jpg?51
4710097113823,超優質低溫鮮榨黑麻油/570ml,常溫食品,食用油,植物油,無,432,0.0,87,源順,容量:570ml 成分:特上選黑芝麻 已催芽冷壓芝麻油 超優級低溫鮮榨 100% 黑麻油: *環保:低溫製法環境 不造成空氣汙染 不排放廢水 符合環保概念 *溫和穩定不躁熱:低溫烘焙 較不易破壞原料 油性溫和穩定 較不易躁熱 *質純保養份:不因高溫破壞養份 保持芝麻原有的質純營養與風味 是現代飲食進階的選擇 *建康維持:特別添加已催芽冷壓芝麻油 達促進新陳代謝 營養補給之目標 *原料需經符合酸價國家標準 *原料需經黃麴毒素檢驗通過 保存期限:24 個月,無,https://s1.myqr.com.tw/newshop/177/TypeGoods?type2=5425&type1=5959&type0=5980&pageIndex=0&goodId=29639,無,https://pshop.myqr.com.tw/qrssimage/GoodsImage/70/70760.jpg?86
4710097114202,優級100%純苦茶油/450ml,常溫食品,食用油,植物油,無,855,0.0,63,源順,產品容量:450 毫升╱瓶 成份說明:選用 100% 深山苦茶籽 產品說明: 非一般俗稱的〔茶仔油〕、或是攙雜沙拉油的調合油、本產品選用 100% 深山苦茶籽、中醫師推崇的純正 100% 苦茶油、適合大眾化選用. 有效期限:24 個月,無,https://s1.myqr.com.tw/newshop/177/TypeGoods?type2=5425&type1=5959&type0=5980&pageIndex=0&goodId=29614,無,https://pshop.myqr.com.tw/qrssimage/GoodsImage/70/70697.jpg?86
4714379954920,米森無加糖綜合莓果醬/290g,常溫食品,抹醬/果醬,抹醬/果醬,無,285,0.0,17,米森,商品特色 ★安心級 綜合莓果最受喜愛 堅持 0% 不添加砂糖 法國原裝進口 無添加防腐劑、無添加人工色素香料 適合搭配優格、餅乾、花果茶 銷售重點 【綜合莓果汁味!無加糖美味無負擔】 米森團隊為了研發單純原味的果醬、特地前往浪漫多彩的法國尋找來自西歐的法式美味、有 3 大堅持:堅持不添加砂糖、讓美味無負擔、更堅持法國原裝進口、蘊含豐富真果肉、讓果醬新鮮傳送、再堅持製成無添加防腐劑、人工香料及色素等、讓你從看到吃到聞到、都是真的!米森嚴選的果醬是果漿型果醬、不僅滋味單純、更讓美味加分!,無,https://s1.myqr.com.tw/newshop/177/TypeGoods?type2=5425&type1=5961&type0=5984&pageIndex=0&goodId=47750,青荷 有機認證,https://pshop.myqr.com.tw/qrssimage/GoodsImage/130/130092.jpg?86
4711202224038,五香胡椒餅/200g,常溫食品,休閒食品,餅乾/脆果,無,80,0.0,58,九福,●全球食品安全協會 GFSI 國際品保認證 ●本公司通過 HACCP 及 ISO22000 國際品保認證 ●全素 ●本產品含有小麥及芝麻製品. ●本產品同一生產線有生產大豆製品. ●產品開封後未食用完請密封保存.避免高溫、潮濕及陽光曝曬處. 五香胡椒餅:在 1840 年代歐洲、胡椒已經有「勇氣」「活力」之寓意、胡椒香氣搭配五香、脆脆鹹鹹、適合與朋友分享! 商品規格 商品名稱 九福五香胡椒餅 品牌 九福 商品種類 餅乾 保存方法 避免高?、潮濕及陽光曝曬處 內容物成份 小麥麵粉、棕櫚油、糖、鹽、胡椒粉、五香粉(茴香、八角、胡椒、糖、鹽)、碳酸氫鈉(小蘇打) 熱量 每一份量 25 公克 / 熱量 137 大卡 / 本包裝含 8 份 每份營養成份 熱量 /137 大卡、蛋白質 /2.0 公克、脂肪 /7.7 公克、飽和脂肪 /3.6 公克、反式脂肪 /0.0 公克、碳水化合物 /14.8 公克、糖 /1.4 公克、鈉 /137 毫克、營養標示數據若與包裝上略有差異時、以實際包裝上標示為準 內容量(g/ml) 200 公克(7OZ) 食品添加物名稱 無 產地 台灣 廠商名稱 鴻福食品工廠有限公司 廠商電話號碼 (02)2684-2099 廠商地址 新北市板橋區金門街 369 巷 65 號 保存期限 365 天 製造日期╱有效日期 標示於外包裝上 投保產品責任險字號 富邦產險 0500 字第 03ML000625 號 其他揭露事項 無,無,https://s1.myqr.com.tw/newshop/177/TypeGoods?type2=5425&type1=5962&type0=5985&pageIndex=0&goodId=34782,無,https://pshop.myqr.com.tw/qrssimage/GoodsImage/83/83985.jpg?70
4711202222652,五榖雜糧j沙奇瑪/227g,常溫食品,休閒食品,餅乾/脆果,無,70,0.0,48,九福,商品規格: 品名: 【九福】五穀雜糧沙琪瑪 227g 內容物名稱: 小麥麵粉、麥芽糖、棕櫚油、糖、蛋、葡萄乾、亞麻仁籽、黑芝麻、白芝麻、燕麥片、奶粉、碳酸氫鈉(小蘇打)、鹽 內容量: 227G 原產地(國): 台灣 保存期限: 270 天 廠商名稱: 鴻福食品工廠有限公司 廠商電話: 02-2684-2099 廠商地址: 新北市板橋區金門街 369 巷 65 號 投保產品責任險字號: 04ML000644 食品業者登錄字號: 99-606943-00 淨重、容量:227g 成份:小麥麵粉、麥芽糖、棕櫚油、糖、蛋、葡萄乾、亞麻仁籽、黑芝麻、白芝麻、燕麥片、奶粉、碳酸氫鈉(小蘇打)、鹽 保存期限:270 日 製造廠商或國內負責廠商名稱:鴻福食品工廠有限公司 電話號碼:02-2684-2099 地址:新北市板橋區金門街 369 巷 65 號 產地:台灣 營養標示: 熱量 463 大卡 蛋白質 6.7 公克 脂肪 19 公克 飽和脂肪 0 公克 碳水化合物 66.3 公克 糖 16.4 公克 鈉 107 毫克,無,https://s1.myqr.com.tw/newshop/177/TypeGoods?type2=5425&type1=5962&type0=5985&pageIndex=0&goodId=29393,無,https://pshop.myqr.com.tw/qrssimage/GoodsImage/69/69935.jpg?6
4710894070817,五穀鹹酥鍋粑/200g,常溫食品,休閒食品,餅乾/脆果,無,95,0.0,100,漢軒,健康的泉源 純素 美味速食不含防腐劑 1.商品組合 / 規格:200g/ 包 2.商品品名:漢正軒鹹酥鍋粑 3.商品重(容)量:200g 4.內容物名稱(成分):米 5.食品添加物名稱:棕櫚油.鹽 - 產地:台灣 - 保存期限:240 天 - 食品業者登錄字號:F-122748282-00000-8 - 國內負責廠商名稱:漢軒食品廠股份有限公司 - 國內負責廠商電話:02-22188822 - 國內負責廠商地址:新北市新店區民權路 90 巷 35 號 - 產品責任險:120506PLON000001 - 有效日期:因為商品每次進貨不同、因此實際有效期限以包裝上為準、出貨至少距離有效期限 30 天,無,https://s1.myqr.com.tw/newshop/177/TypeGoods?type2=5425&type1=5962&type0=5985&pageIndex=0&goodId=29410,無,https://pshop.myqr.com.tw/qrssimage/GoodsImage/69/69978.jpg?6
4710425201505,天然洋芋卷/50g,常溫食品,休閒食品,餅乾/脆果,無,45,0.0,766,歐崗綠,天然洋芋卷 /50g,無,https://s1.myqr.com.tw/newshop/177/TypeGoods?type2=5425&type1=5962&type0=5985&pageIndex=0&goodId=46256,無,https://pshop.myqr.com.tw/qrssimage/GoodsImage/126/126061.jpeg?89
4711202224557,吉福小餅(原味)/100g,常溫食品,休閒食品,餅乾/脆果,無,30,0.0,14,九福,吉福小餅 100g ?奶素 ?成分:小麥麵粉、糖、植物油(椰子油.棕櫚油)、葡萄糖、乳清粉、乾酪粉(牛乳、鹽、乳酸菌、凝乳酵素)、蛋白分解酵素、碳酸氫鈉(小蘇打)、岩鹽 ?過敏原資訊:本產品含小麥、椰子、牛奶及亞硫酸鹽製品、同一產線有生產大豆及芝麻製品.,無,https://s1.myqr.com.tw/newshop/177/TypeGoods?type2=5425&type1=5962&type0=5985&pageIndex=0&goodId=34784,無,https://pshop.myqr.com.tw/qrssimage/GoodsImage/83/83992.jpg?89
4714379956306,米森有機黑芝麻餅/20g*5包,常溫食品,休閒食品,餅乾/脆果,無,145,0.0,15,米森,商品特色 ★有機級 無添加防腐劑、無添加人工色素香料 低溫烘焙、保留完整原麥的味道 嚴選有機牛奶 X 有機黑芝麻、絕妙搭配 適合全家人的好餅乾 ※1 歲以上孩童可食用 銷售重點 米森團隊為了作出美味與營養同時具備的有機餅乾、特地研發新烘焙製成、堅持不油炸、改採低溫烘焙、完整呈現原麥的味道、並以真實的紐西蘭有機牛奶取代奶精及人工香料、最後加上來自安地斯山契作的有機黑芝麻提升豐富口感、成為適合全家人的好餅乾. 商品規格: 成份:有機黑芝麻餅(有機中筋麵粉(芬蘭)、有機不飽和葵花油(義大利)、有機砂糖(巴西)、有機黑芝麻粒(台灣)、有機全脂奶粉(紐西蘭)、蛋白分解酵素(小麥粉、蛋白分解酵素)(台灣)、海鹽(澳洲)、碳酸氫鈉(食品級小蘇打粉)(美國)) 淨重:20gx5 包、100 公克╱袋 保存期限:11 個月(未開封) 有效日期:標示於外包裝上(西元年╱月╱日) 保存方式:避免日光直射、置於陰涼乾燥處、開封後請儘速食用完畢. 驗證單位:慈心有機驗證股份有限公司 有機農產品驗證證書字號:1-009-210002 委託工廠:簡單生活開發有限公司(通過國際 ISO22000 及 HACCP 食品驗證) 原產地:台灣 過敏原資訊:本產品含有芝麻、牛奶、麩質的類及其製品、不適合對其過敏體質者使用. 備註產品資訊若與包裝上略有差異時、以實際包裝上標示為準,無,https://s1.myqr.com.tw/newshop/177/TypeGoods?type2=5425&type1=5962&type0=5985&pageIndex=0&goodId=28597,青荷 慈心驗證 慈心認證 慈心有機驗證,https://pshop.myqr.com.tw/qrssimage/GoodsImage/66/66647.jpg?26
4714379953299,米森乳酸菌咬咬蔓越莓優格(恐龍)/10g*5包,常溫食品,休閒食品,餅乾/脆果,無,285,0.0,21,米森,商品特色 童趣恐龍造型 每袋 50 億乳酸菌 固態優格新吃法 5 倍濃縮、豐富鈣質 冷凍乾燥蔓越莓優格塊 無添加防腐劑、人工香料及色素 【咬一口優格!滿滿乳酸菌】 米森與國際大廠合作、採用超低溫急速冷凍技術、搭配純淨無添加配方、製作出濃縮五倍、並可常溫保存的咬咬優格、完整保留優格營養、幫助維持消化道機能、改變細菌叢生態、讓全家人都可以安心享受入口即化的微酸果香. 原料 冷凍乾燥優格塊 - 蔓越莓(優格(?脂奶粉、保加利亞乳桿菌、嗜熱鏈球菌)、砂糖、冷凍蔓越莓) 淨重 10 公克 X5 包、50 公克╱盒 保存期限 12 個月(未開封) 有效日期標示於外包裝上(西元年╱月╱日) 保存方式避免日光直射、置於陰涼乾燥處、開封後請盡快食用完畢. 原產地泰國 過敏原資訊本產品含有牛奶及其製品、不適合對其過敏體質者食用. 備註產品資訊若與包裝上略有差異時、以實際包裝上標示為準,無,https://s1.myqr.com.tw/newshop/177/TypeGoods?type2=5425&type1=5962&type0=5985&pageIndex=0&goodId=46088,無,https://pshop.myqr.com.tw/qrssimage/GoodsImage/125/125343.jpg?26
4714379953749,米森芝麻藜麥一口酥/20g*5包,常溫食品,休閒食品,餅乾/脆果,無,145,0.0,-178,米森,品名:芝麻藜麥一口酥 成份: 紅藜麥棒(小麥麵粉、小麥澱粉、椰子油、蔗糖、帕瑪森起司粉(帕瑪森起司低溫殺菌低脂乳、鹽、乳酸菌、酵素(微生物蛋白?、真菌凝乳?))、纖維素粉(樺樹皮)、鹽)、燕麥纖維、紅藜米、鹽、黑芝麻、混合濃縮生育醇(抗氧化劑)). 容量:20 公克&times;5 包、100 公克 / 袋 保存期限:12 個月(未開封) 保存方式: 避免日光直射、置於陰涼乾燥處、開封後請儘速食用完畢. 原產地:台灣 營養標示每一份量 20 公克本包裝含 5 份 每份每 100 公克 熱量 97 大卡 484 大卡 蛋白質 1.4 公克 7.2 公克 脂肪 4.2 公克 20.8 公克 飽和脂肪 2.3 公克 11.6 公克 反式脂肪 0.0 公克 0.0 公克 碳水化合物 14 公克 70.2 公克 糖 3.0 公克 15.2 公克 膳食纖維 1.3 公克 6.5 公克 鈉 39 毫克 195 毫克 青荷國際有限公司 033594557 桃園市龜山區振興路 1165-1 號,無,https://s1.myqr.com.tw/newshop/177/TypeGoods?type2=5425&type1=5962&type0=5985&pageIndex=0&goodId=35162,無,https://pshop.myqr.com.tw/qrssimage/GoodsImage/85/85200.jpg?61
4714379958034,米森厚奶油楓糖派/8g*12包,常溫食品,休閒食品,餅乾/脆果,無,185,0.0,39,米森,品名厚奶油楓糖派 成份天然楓糖派(麵粉、天然奶油、蔗糖、雞蛋、甜扁桃仁、白芝麻、楓糖漿、食鹽) 淨重 8gx12 包、96 公克╱袋 保存期限 10 個月(未開封) 有效日期標示於外包裝上(西元年╱月╱日) 保存方式避免日光直射、置於陰涼乾燥處、開封後請儘速食用完畢 原產地台灣 過敏原資訊產品含有蛋、牛奶、芝麻、麩質穀物、堅果及其製品、本產品與蕎麥、大豆的產品存放於同一倉庫並在同一工廠生產、食物過敏者請留意 備註產品資訊若與包裝上略有差異時、以實際包裝上標示為準 安心食材純奶油 X 清甜可口楓糖漿 X 反覆堆疊香酥脆 堅持食材無添加香料、色素、防腐劑、運用高比例的天然奶油搭配清甜可口楓糖漿揉入麵糰、反覆堆疊出 768 層的酥脆派皮、最後灑上洽到好處的細糖顆粒、經慢火烘烤出香甜酥脆、層次豐富的楓糖派、搭配便利隨手包、輕鬆享受一場無與倫比的美味盛宴.,無,https://s1.myqr.com.tw/newshop/177/TypeGoods?type2=5425&type1=5962&type0=5985&pageIndex=0&goodId=46100,無,https://pshop.myqr.com.tw/qrssimage/GoodsImage/125/125432.jpg?61
4714379953763,米森香濃起司一口酥/20g*5包,常溫食品,休閒食品,餅乾/脆果,無,145,0.0,-186,米森,品名:香濃起司一口酥 成份: 起司棒(小麥麵粉、小麥澱粉、椰子油、蔗糖、帕瑪森起司粉(帕瑪森起司低溫殺菌低脂乳、鹽、乳酸菌、酵素(微生物蛋白?、真菌凝乳?))、纖維素粉(樺樹皮)、鹽)、燕麥纖維、鹽、混合濃縮生育醇(抗氧化劑)). 容量:20 公克&times;5 包、100 公克 / 袋 保存期限:12 個月(未開封) 保存方式: 避免日光直射、置於陰涼乾燥處、開封後請儘速食用完畢. 原產地:台灣 營養標示每一份量 20 公克本包裝含 5 份 每份每 100 公克 熱量 99 大卡 496 大卡 蛋白質 1.9 公克 9.7 公克 脂肪 4.7 公克 23.6 公克 飽和脂肪 2.7 公克 13.5 公克 反式脂肪 0.0 公克 0.0 公克 碳水化合物 12.9 公克 64.4 公克 糖 2.4 公克 12.1 公克 膳食纖維 1.3 公克 6.4 公克 鈉 60 毫克 298 毫克 鈣 23 毫克 116 毫克 青荷國際有限公司 033594557 桃園市龜山區振興路 1165-1 號 食品業者登錄字號:B-145866507,無,https://s1.myqr.com.tw/newshop/177/TypeGoods?type2=5425&type1=5962&type0=5985&pageIndex=0&goodId=35163,無,https://pshop.myqr.com.tw/qrssimage/GoodsImage/85/85210.jpg?45
4714379953169,米森純黑可可一口酥/20g*5包,常溫食品,休閒食品,餅乾/脆果,無,145,0.0,-54,米森,成份(小麥麵粉、小麥澱粉、蔗糖、椰子油、可可粉、混合濃縮生育醇(抗氧化劑)) 淨重 20gx5 包、100 公克╱袋 保存期限 12 個月(未開封) 有效日期標示於外包裝上(西元年╱月╱日) 保存方式避免日光直射、置於陰涼乾燥處、開封後請儘速食用完畢. 原產地台灣 過敏原資訊本產品含有麩質穀物、堅果及其製品.本產品與牛奶、芝麻、蕎麥、大豆的產品存放於同一倉庫並在同一工廠生產、食物過敏者請留意. 備註產品資訊若與包裝上略有差異時、以實際包裝上標示為準,無,https://s1.myqr.com.tw/newshop/177/TypeGoods?type2=5425&type1=5962&type0=5985&pageIndex=0&goodId=46086,無,https://pshop.myqr.com.tw/qrssimage/GoodsImage/125/125335.jpg?45
4714379950427,米森無加糖龍眼脆果/7g*5入,常溫食品,休閒食品,餅乾/脆果,無,285,0.0,4,米森,品名無加糖龍眼脆果 成份冷凍乾燥無加糖龍眼果 淨重 7 公克 x5 包、35 公克╱盒 保存期限 12 個月(未開封前) 有效日期標示於外包裝上(西元年╱月╱日) 保存方式避免日光直射、開封後請密封冷藏 原產地泰國 備註產品資訊若與包裝上略有差異時、以實際包裝上標示為準,無,https://s1.myqr.com.tw/newshop/177/TypeGoods?type2=5425&type1=5962&type0=5985&pageIndex=0&goodId=46083,無,https://pshop.myqr.com.tw/qrssimage/GoodsImage/125/125320.jpg?45
4714379953145,米森無加糖藍莓脆果/8g*5入,常溫食品,休閒食品,餅乾/脆果,無,385,0.0,12,米森,品名無加糖藍莓脆果 成份冷凍乾燥無加糖藍莓果 淨重 8 公克 x5 包、40 公克╱盒 保存期限 12 個月(未開封前) 有效日期標示於外包裝上(西元年╱月╱日) 保存方式避免日光直射、開封後請密封冷藏 原產地加拿大 備註產品資訊若與包裝上略有差異時、以實際包裝上標示為準,無,https://s1.myqr.com.tw/newshop/177/TypeGoods?type2=5425&type1=5962&type0=5985&pageIndex=0&goodId=46085,無,https://pshop.myqr.com.tw/qrssimage/GoodsImage/125/125331.jpg?81
4711202225356,豆脆片-日式醬燒/25g*8入,常溫食品,休閒食品,餅乾/脆果,無,80,0.0,32,九福,商品成分: 小麥麵粉、黃豆(非基因改造)、芝麻、棕櫚油、砂糖、麥芽糖、醬油、奶粉、鹽、酵母. ★商品規格 200G ★保存期限 9 個月 ★生產國 台灣 ★營養標示 每一份量 100 公克 熱量 489 大卡 蛋白質 7 公克 脂肪 21 公克 飽和脂肪 9 公克 反式脂肪 0 公克 碳水化合物 68 公克 糖 10 公克 鈉 463 毫克 營養標示數據若與包裝上略有差異時、以實際包裝上標示為準 廠商:雷比特有限公司 電話:0963-622678 地址:桃園市八德區仁德路 87 號 8 樓,無,https://s1.myqr.com.tw/newshop/177/TypeGoods?type2=5425&type1=5962&type0=5985&pageIndex=0&goodId=33128,無,https://pshop.myqr.com.tw/qrssimage/GoodsImage/79/79789.jpg?81
4710445343087,乳清蛋白威化餅-原味/30g*6入,常溫食品,休閒食品,餅乾/脆果,無,250,0.0,29,源昶,乳清蛋白威化餅 - 原味(30gx6 入 / 盒),無,https://s1.myqr.com.tw/newshop/177/TypeGoods?type2=5425&type1=5962&type0=5985&pageIndex=0&goodId=34785,無,https://pshop.myqr.com.tw/qrssimage/GoodsImage/84/84703.jpg?81
4710445343094,乳清蛋白威化餅-黑芝麻風味/30g*6入,常溫食品,休閒食品,餅乾/脆果,無,250,0.0,36,源昶,乳清蛋白威化餅 - 黑芝麻(30gx6 入 / 盒),無,https://s1.myqr.com.tw/newshop/177/TypeGoods?type2=5425&type1=5962&type0=5985&pageIndex=0&goodId=34786,無,https://pshop.myqr.com.tw/qrssimage/GoodsImage/84/84704.jpg?17
4710425203271,乳酪星星魚/140g,常溫食品,休閒食品,餅乾/脆果,無,100,0.0,172,歐崗綠,商品介紹 1.選用台灣在地種植的小麥、無使用化學肥料、農藥及除草劑 2.不用氨粉作為膨鬆劑 規格說明 【食品業者登錄字號】A-200115431-000004 【投保產品責任險公司與字號】第一產物保險股份有限公司 11PR000272 【製造廠商或國內負責廠商名稱】鴻福食品工廠有限公司 【製造廠商或國內負責廠商電話】03-496-5799 【製造廠商或國內負責廠商地址】桃園市楊梅區電研路 190 巷 268 號 【食物過敏原標示】過敏原資訊:本產品含麩質穀物、椰子及奶類製品、同一產線有處理芝麻類、花生類、堅果類、種子類、大豆類及亞硫酸鹽類製品. 【內容物成份】喜願麵粉、糖、乾酪粉(牛乳、鹽、乳酸菌、凝乳酵素(植物性))、椰子油、四方鮮奶油、乳清粉、葡萄糖、澱粉分解酵素(小麥粉、玉米澱粉、澱粉分解酵素)、蛋白分解酵素(小麥粉、蛋白分解酵素)、小蘇打、鹽 【內容量(重量)】140G/ 包 【保存期限(總效期)】270 天,無,https://s1.myqr.com.tw/newshop/177/TypeGoods?type2=5425&type1=5962&type0=5985&pageIndex=0&goodId=46258,無,https://pshop.myqr.com.tw/qrssimage/GoodsImage/126/126067.jpeg?17
4713837025950,亞麻仁海鹽蘇打餅-蕎麥青蔥/168g,常溫食品,休閒食品,餅乾/脆果,無,99,0.0,58,統一生機,素食分類:五辛奶素選用新鮮台灣青蔥•道地好味道使用台灣在地新鮮青蔥、整株洗淨切片後加入麵糰、青蔥的原汁原味全都在�媕 Y;融合蕎麥香氣及亞麻仁籽的顆粒口感、豐富的營養元素加上青蔥、是您不容錯過的好味道.使用進口無水奶油以生乳提煉取得、乳脂含量高達 99.8%、無人工反式脂肪、是點心烘焙的好選擇.使用澳洲南極海日曬海鹽自然日曬、美味加分選自澳洲南端無污染的南極環流海域海水、僅經陽光日曬、風乾結晶而成、保留海水中微量元素.不添加抗凝結劑、健康加分製鹽過程中不添加任何人工輔助劑提高海鹽產量、完全憑藉自然生態系統取得、沒有重金屬汙染、不添加抗凝結劑及人工添加物.,無,https://s1.myqr.com.tw/newshop/177/TypeGoods?type2=5425&type1=5962&type0=5985&pageIndex=0&goodId=47737,無,https://pshop.myqr.com.tw/qrssimage/GoodsImage/130/130080.jpg?1
4713837025943,亞麻仁海鹽蘇打餅-蕎麥原味/168g,常溫食品,休閒食品,餅乾/脆果,無,99,0.0,53,統一生機,素食分類:奶素簡單烘烤散發亞麻仁籽淡淡香脆精心調製添加小麥胚芽、大豆卵磷脂、啤酒酵母、為重視養生、生機飲食族群重要的營養補充來源、真材實料的滿足感、簡單烘烤、口感紮實、統一生機堅持給您最優質的自然風味.使用進口無水奶油以生乳提煉取得、乳脂含量高達 99.8%、無人工反式脂肪、是點心烘焙的好選擇.使用澳洲南極海日曬海鹽自然日曬、美味加分選自澳洲南端無污染的南極環流海域海水、僅經陽光日曬、風乾結晶而成、保留海水中微量元素.不添加抗凝結劑、健康加分製鹽過程中不添加任何人工輔助劑提高海鹽產量、完全憑藉自然生態系統取得、沒有重金屬汙染、不添加抗凝結劑及人工添加物.,無,https://s1.myqr.com.tw/newshop/177/TypeGoods?type2=5425&type1=5962&type0=5985&pageIndex=0&goodId=47736,無,https://pshop.myqr.com.tw/qrssimage/GoodsImage/130/130079.jpg?1
4713837025967,亞麻仁海鹽蘇打餅-蕎麥椒鹽/168g,常溫食品,休閒食品,餅乾/脆果,無,99,0.0,62,統一生機,素食分類:奶素添加黑胡椒、白胡椒及花椒麻辣帶勁使用健康的養生三寶(小麥胚芽、大豆卵磷脂、啤酒酵母)、低溫發酵、多重延壓、以爐火烘焙創造出多層酥脆口感、並融合蕎麥香氣及亞麻仁籽的顆粒口感、最後加入特選黑、白胡椒與花椒、麻辣帶勁的滋味、絕對讓您想一嚐再嚐!使用進口無水奶油以生乳提煉取得、乳脂含量高達 99.8%、無人工反式脂肪、是點心烘焙的好選擇.使用澳洲南極海日曬海鹽自然日曬、美味加分選自澳洲南端無污染的南極環流海域海水、僅經陽光日曬、風乾結晶而成、保留海水中微量元素.不添加抗凝結劑、健康加分製鹽過程中不添加任何人工輔助劑提高海鹽產量、完全憑藉自然生態系統取得、沒有重金屬汙染、不添加抗凝結劑及人工添加物.,無,https://s1.myqr.com.tw/newshop/177/TypeGoods?type2=5425&type1=5962&type0=5985&pageIndex=0&goodId=47738,無,https://pshop.myqr.com.tw/qrssimage/GoodsImage/130/130081.jpg?36
4711202224045,岩燒海苔餅/200g,常溫食品,休閒食品,餅乾/脆果,無,80,0.0,-5,九福,●全球食品安全協會 GFSI 國際品保認證 ●通過 HACCP 和 ISO22000 國際品保認證 香濃海苔 酥脆胡椒味道 小包裝 方便攜帶 不含人工色素 防腐劑 全素食 香香的胡椒麻、酥脆帶勁 小時候的回憶餅乾 獨立小包裝 岩燒海苔餅:九福職人將美味岩燒至小小餅、透過海苔釋放海洋的鼓浪、小小一片、冥想無限. 商品規格: 商品名稱 九福岩燒海苔餅 品牌 77 宏亞 種類 餅乾 包裝方式 一般包裝 品牌國別 台灣 保存方法 避免高?、潮濕及陽光曝曬處 內容物成份 小麥麵粉、棕櫚油、糖、鹽、胡椒粉、海苔、碳酸氫鈉(小蘇打) 熱量 每一份量 25 公克 / 熱量 124 大卡 / 本包裝含 8 份 每份營養成份 熱量 /124 大卡、蛋白質 /2.3 公克、脂肪 /5.6 公克、飽和脂肪 /4.4 公克、反式脂肪 /0.0 公克、碳水化合物 /16.1 公克、糖 /0.9 公克、鈉 /179 毫克 營養標示數據若與包裝上略有差異時、以實際包裝上標示為準 內容量 25gX8 包 食品添加物名稱 無 產地 台灣 廠商名稱 鴻福食品工廠有限公司 廠商電話號碼 (02)2684-2099 廠商地址 新北市板橋區金門街 369 巷 65 號 保存期限 365 天 製造日期╱有效日期 依商品包裝顯示 投保產品責任險字號 富邦產險 0500 字第 03ML000625 號 其他揭露,無,https://s1.myqr.com.tw/newshop/177/TypeGoods?type2=5425&type1=5962&type0=5985&pageIndex=0&goodId=34781,無,https://pshop.myqr.com.tw/qrssimage/GoodsImage/83/83978.jpg?36
4713837032316,玫瑰鹽薄切洋芋片/59.5g,常溫食品,休閒食品,餅乾/脆果,無,49,0.0,242,統一生機,整顆馬鈴薯鮮切 X 喜馬拉雅山玫瑰鹽整顆馬鈴薯鮮切 X 喜馬拉雅山玫瑰鹽嚴選整顆馬鈴薯鮮切、輕灑細緻玫瑰鹽、風味再升級!色澤金黃、明亮誘人、口感酥脆、越嚼越甘甜不死鹹、抵擋不住的酥脆香氣、輕薄脆的口感讓人忍不住一口接一口!不添加防腐劑、人工香料、人工色素、保留馬鈴薯真實的風味.★使用喜馬拉雅山玫瑰鹽?不添加味精?不添加防腐劑?不添加人工香料?不添加人工色素素食分類:全素,無,https://s1.myqr.com.tw/newshop/177/TypeGoods?type2=5425&type1=5962&type0=5985&pageIndex=0&goodId=47748,無,https://pshop.myqr.com.tw/qrssimage/GoodsImage/130/130091.jpg?36
4711202224298,芝麻小元煎/25g*8入,常溫食品,休閒食品,餅乾/脆果,無,85,0.0,31,九福,溫和芝麻香氣的小元煎 內有 8 小包 成份:小麥麵粉、糖、芝麻、雞蛋、植物性酥油(棕櫚油、黃豆油)、乳清粉、馬鈴薯澱粉、鹽、碳酸氫鈉(小蘇打). 規格:200g/ 袋(8 小包) 保存期限:270 日 產地:台灣 營養標示: (每一份 25 公克本包裝含 8 份 / 每份) 熱量 104 大卡 蛋白質 2.0 公克 脂肪 1.6 公克 飽和脂肪酸 0.6 公克 反式脂肪酸 0 公克 碳水化合物 20.3 公克 糖 8.6 公克,無,https://s1.myqr.com.tw/newshop/177/TypeGoods?type2=5425&type1=5962&type0=5985&pageIndex=0&goodId=34426,無,https://pshop.myqr.com.tw/qrssimage/GoodsImage/82/82801.jpg?20
4713837027992,星米果-牛奶風味/50g,常溫食品,休閒食品,餅乾/脆果,無,39,0.0,174,統一生機,嚴選台灣花蓮富麗米、純米膨發、添加乳脂含量 99.8% 進口無水奶油、不添加味精、人工香料、自然奶香、酥脆爽口好健康.台灣縱谷秘境的農情味(可設計稻穗的插圖)花蓮富里、位於台灣東部海岸山脈的農村聚落、擁有得天獨厚的地理環境、蘊育與培育出的稻米、品質黏韌適中、米香濃郁、米色晶瑩、堪稱『米之珍品』.素食分類:奶素,無,https://s1.myqr.com.tw/newshop/177/TypeGoods?type2=5425&type1=5962&type0=5985&pageIndex=0&goodId=47740,無,https://pshop.myqr.com.tw/qrssimage/GoodsImage/130/130083.jpg?20
4713837028005,星米果-蒜香海苔/50g,常溫食品,休閒食品,餅乾/脆果,無,39,0.0,183,統一生機,嚴選台灣花連富麗米、純米膨發、獨特蒜香搭配清爽海苔粉、佐以日曬海鹽提味、不添加味精、人工香料、自然米香、營養美味好健康.素食分類:五辛素,無,https://s1.myqr.com.tw/newshop/177/TypeGoods?type2=5425&type1=5962&type0=5985&pageIndex=0&goodId=47741,無,https://pshop.myqr.com.tw/qrssimage/GoodsImage/130/130084.jpg?56
4710894000579,紅麴鹹酥鍋粑/200g,常溫食品,休閒食品,餅乾/脆果,無,95,0.0,44,漢軒,品牌:漢軒鍋粑 - 規格 / 內容物:200 公克 - 成分:米、棕櫚油、紅麴粉、鹽 - 營養標示:每一份量 40 公克 本包裝含 5 份 熱量 179.2 大卡 蛋白質 2.6 公克 脂肪 8.2 公克 飽和脂肪 3.8 公克 反式脂肪 0 公克 碳水化合物 27.8 公克 糖 0 公克 鈉 183 毫克 - 產地:台灣 - 保存期限:240 天 - 食品業者登錄字號:F-122748282-00000-8 - 國內負責廠商名稱:漢軒食品廠股份有限公司 - 國內負責廠商電話:02-22188822 - 國內負責廠商地址:新北市新店區民權路 90 巷 35 號 - 產品責任險:120506PLON000001 - 有效日期:因為商品每次進貨不同、因此實際有效期限以包裝上為準、出貨至少距離有效期限 30 天,無,https://s1.myqr.com.tw/newshop/177/TypeGoods?type2=5425&type1=5962&type0=5985&pageIndex=0&goodId=29409,無,https://pshop.myqr.com.tw/qrssimage/GoodsImage/69/69976.jpg?91
4713837031029,紅藜紫菜蘇打餅/108g,常溫食品,休閒食品,餅乾/脆果,無,79,0.0,341,統一生機,嚴選國民養生聖品的超級食物『紅藜麥』、以酵母發酵、酥脆的餅體、搭配清脆爽口的紫菜、選用來自喜馬拉雅山脈的玫瑰鹽、不添加味精、防腐劑、人工香料、人工色素、給您原味酥脆的美味.嚴選國民養生聖品的超級食物『紅藜麥』、以酵母發酵、酥脆的餅體、搭配清脆爽口的紫菜、選用來自喜馬拉雅山脈的玫瑰鹽、不添加味精、防腐劑、人工香料、人工色素、給您原味酥脆的美味.台灣紅藜麥清脆紫菜酥使用玫瑰鹽穀物之后─台灣紅藜台灣紅藜營養豐富、有「超級食物」及「穀物之后」的美稱、營養價值比精緻穀類高、保留了食物中的完整營養、適合全家大小一起食用的優質穀物!海洋珍寶 - 香酥脆紫菜高營養價值的海洋岩礁珍寶、味道鮮美、堪稱『海洋中的蔬菜』新鮮乾燥、口感酥脆、自然美味!,無,https://s1.myqr.com.tw/newshop/177/TypeGoods?type2=5425&type1=5962&type0=5985&pageIndex=0&goodId=47744,無,https://pshop.myqr.com.tw/qrssimage/GoodsImage/130/130087.jpg?91
4711202224144,胡椒菜脯餅/200g,常溫食品,休閒食品,餅乾/脆果,無,80,0.0,35,九福,本公司通過 HACCP 及 ISO22000 國際品保認證 香香辣辣 酥脆帶勁 小包裝 方便攜帶 不含人工色素 防腐劑 全素食 香香的胡椒麻、酥脆帶勁 小時候的回憶餅乾 獨立小包裝 胡椒菜脯餅:奶奶曬過的菜脯、是老味道.一口吃盡菜脯餅、吃進了回憶與美好. 商品規格 商品名稱 九福胡椒菜脯餅(25gx8 包) 品牌 其他品牌 種類 餅乾 包裝方式 一般包裝 品牌國別 台灣 保存方法 避免高?、潮濕及陽光曝曬處 內容物成份 小麥麵粉 蘿蔔粉 棕櫚油 糖 胡椒粉 鹽 芝麻 熱量 每一份量 25 公克 / 熱量 125 大卡 / 本包裝含 8 份 每份營養成份 熱量 /125 大卡、蛋白質 /2.5 公克、脂肪 /5.8 公克、飽和脂肪 /2.5 公克、反式脂肪 /0.0 公克、碳水化合物 /15.8 公克、糖 /2.5 公克、鈉 /36 毫克 營養標示數據若與包裝上略有差異時、以實際包裝上標示為準 內容量 200 公克(25GX8 包) 食品添加物名稱 小蘇打(碳酸氫鈉) 產地 台灣 廠商名稱 鴻福食品工廠有限公司 廠商電話號碼 (02)2684-2099 廠商地址 新北市板橋區金門街 369 巷 65 號 保存期限 365 天 製造日期╱有效日期 依商品包裝顯示 投保產品責任險字號 富邦產險 0500 字第 03ML000625 號 其他揭露事項 本產品含,無,https://s1.myqr.com.tw/newshop/177/TypeGoods?type2=5425&type1=5962&type0=5985&pageIndex=0&goodId=34778,無,https://pshop.myqr.com.tw/qrssimage/GoodsImage/83/83981.jpg?75
4712688792479,迪哈妮無蔗糖南瓜子餅乾/120g,常溫食品,休閒食品,餅乾/脆果,無,130,0.0,16,餐御宴,商品簡介 *不含蔗糖、無香料色素和防腐劑 *無蔗糖添加、使用麥芽糖醇 *真實手感製作天然奶油真實口感 *熱量只有蔗糖的一半、不造成負擔 *中山醫學大學產學合作研發而成 烘焙客 -DiHaNi 無加糖餅乾系列為女性消費者量身訂做低熱量點心產品、共有四款口味: (藍莓燕麥、檸檬杏桃、南瓜子、蔓越莓)此系列一樣無蔗糖添加、採用口感與甜味和蔗糖很像的麥芽糖醇.麥芽糖醇的甜度是蔗糖的 0.8-0.9 倍、但熱量不到蔗糖的一半、同時不易被口腔細菌分解成酸造成蛀牙.使用麥芽糖醇代替蔗糖、成本較一般糖貴 10 倍、一片餅乾成本比一般餅乾貴 5 倍、極受到女性及特殊無糖需求者的歡迎.最重要的、美味沒有隨著熱量打折、無糖餅乾與糖果香甜細緻的口感、不輸五星級西式甜點. 南瓜子: 南瓜子所含有的植物固醇、是十分推崇的養生食材作為餅乾更能添加迷人香氣口感、適合老人家、大小朋友作為下午茶點心食用. 商品規格 產品重量:120g/ 盒 營養標示: 每一份量 15 公克本包裝含 8 份 南瓜子餅乾:熱量 76 大卡、蛋白質 1.4g、脂肪 3.5g(飽和脂肪 1.9g、反式脂肪酸 0.1g)、碳水化合物 9.8g、鈉 31 毫克(mg)、糖 0g、糖醇(SugarAlcohols)1.6 公克(g) 產品產地:台灣 保存期限:一年 保存方式:請避免熱源和日光直射、開啟後請盡早食用 注意事項:此商品不含蔗糖 製造商: 餐御宴食品有限公司(04)26820802 台灣台中市大甲區工七路 26 號 投保產品責任險字號:23-103-06028209-00011-PDL 食品業者登錄字號:B-113027299-00000-2 產品內容物與規格說明 / 保固資訊 產品重量:120g/ 盒 產品成份: 南瓜子:小燕粉、無水奶油、麥芽糖醇(甜味劑)、蛋、南瓜子、奶粉、天然海鹽 產品產地:台灣 保存期限:一年 保存方式:請避免熱源和日光直射、開啟後請盡早食用 注意事項:此商品不含蔗糖. 製造商: 餐御宴食品有限公司(04)26820802 台灣台中市大甲區工七路 26 號 產地:台灣 【食品業者登錄字號】B-113027299-00000-2 【投保產品責任險公司與字號】23-103-06028209-00011-PDL 【製造廠商或國內負責廠商名稱】餐御宴食品有限公司 【製造廠商或國內負責廠商電話】(04)26820802 【製造廠商或國,無,https://s1.myqr.com.tw/newshop/177/TypeGoods?type2=5425&type1=5962&type0=5985&pageIndex=0&goodId=29539,無,https://pshop.myqr.com.tw/qrssimage/GoodsImage/70/70366.jpg?75
4712688792462,迪哈妮無蔗糖蔓越莓餅乾/120g,常溫食品,休閒食品,餅乾/脆果,無,130,0.0,20,餐御宴,商品簡介 *不含蔗糖、無香料色素和防腐劑 *無蔗糖添加、使用麥芽糖醇 *真實手感製作天然奶油真實口感 *熱量只有蔗糖的一半、不造成負擔 *中山醫學大學產學合作研發而成 烘焙客 -DiHaNi 無加糖餅乾系列為女性消費者量身訂做低熱量點心產品、共有四款口味: (藍莓燕麥、檸檬杏桃、南瓜子、蔓越莓)此系列一樣無蔗糖添加、採用口感與甜味和蔗糖很像的麥芽糖醇.麥芽糖醇的甜度是蔗糖的 0.8-0.9 倍、但熱量不到蔗糖的一半、同時不易被口腔細菌分解成酸造成蛀牙.使用麥芽糖醇代替蔗糖、成本較一般糖貴 10 倍、一片餅乾成本比一般餅乾貴 5 倍、極受到女性及特殊無糖需求者的歡迎.最重要的、美味沒有隨著熱量打折、無糖餅乾與糖果香甜細緻的口感、不輸五星級西式甜點. 蔓越莓 -「北美的紅寶石」、含有高量的生物黃銅、是女性十分喜愛的健康果莓、十分適合作為餅乾、口感清爽帶有莓果香氣. 商品規格 產品重量:120g/ 盒 營養標示: 每一份量 15 公克本包裝含 8 份 蔓越莓餅乾:熱量 73 大卡、蛋白質 0.8g、脂肪 3.0g(飽和脂肪 2.2g、反式脂肪酸 0.1g)、碳水化合物 10.6g、鈉 31 毫克(mg)、糖 0g、糖醇(SugarAlcohols)1.5 公克(g) 產品產地:台灣 保存期限:一年 保存方式:請避免熱源和日光直射、開啟後請盡早食用 注意事項:此商品不含蔗糖 製造商: 餐御宴食品有限公司(04)26820802 台灣台中市大甲區工七路 26 號 投保產品責任險字號:23-103-06028209-00011-PDL 食品業者登錄字號:B-113027299-00000-2 產品內容物與規格說明 / 保固資訊 產品重量:120g/ 盒 產品成份: 蔓越莓餅乾: 小麥粉、麥芽糖醇(甜味劑)、無水奶油、蛋、椰子油、蔓越莓、水、鹽、碳酸氫鈉(膨脹劑) 產品產地:台灣 保存期限:一年 保存方式:請避免熱源和日光直射、開啟後請盡早食用 注意事項:此商品不含蔗糖. 製造商: 餐御宴食品有限公司(04)26820802 台灣台中市大甲區工七路 26 號 產地:台灣 【食品業者登錄字號】B-113027299-00000-2 【投保產品責任險公司與字號】23-103-06028209-00011-PDL 【製造廠商或國內負責廠商名稱】餐御宴食品有限公司 【製造廠商或國內負責廠商電,無,https://s1.myqr.com.tw/newshop/177/TypeGoods?type2=5425&type1=5962&type0=5985&pageIndex=0&goodId=29519,無,https://pshop.myqr.com.tw/qrssimage/GoodsImage/70/70299.jpg?12
4712688792486,迪哈妮無蔗糖檸檬杏桃餅乾/120g,常溫食品,休閒食品,餅乾/脆果,無,130,0.0,16,餐御宴,商品簡介 *不含蔗糖、無香料色素和防腐劑 *無蔗糖添加、使用麥芽糖醇 *真實手感製作天然奶油真實口感 *熱量只有蔗糖的一半、不造成負擔 *中山醫學大學產學合作研發而成 烘焙客 -DiHaNi 無加糖餅乾系列為女性消費者量身訂做低熱量點心產品、共有四款口味: (藍莓燕麥、檸檬杏桃、南瓜子、蔓越莓)此系列一樣無蔗糖添加、採用口感與甜味和蔗糖很像的麥芽糖醇.麥芽糖醇的甜度是蔗糖的 0.8-0.9 倍、但熱量不到蔗糖的一半、同時不易被口腔細菌分解成酸造成蛀牙.使用麥芽糖醇代替蔗糖、成本較一般糖貴 10 倍、一片餅乾成本比一般餅乾貴 5 倍、極受到女性及特殊無糖需求者的歡迎.最重要的、美味沒有隨著熱量打折、無糖餅乾與糖果香甜細緻的口感、不輸五星級西式甜點. 檸檬杏桃: 充滿熱帶氣息的香甜杏桃、含有胡蘿蔔素 B 及人體所需的鉀和鐵、更有豐富的果膠和纖維、而個性鮮明的天然檸檬酸香、添增了風味口感、也為健康加分.濃濃果香與餅香一齊奔放湧現、忍不住要一嚐再嚐. 商品規格 產品重量:120g/ 盒 營養標示: 每一份量 15 公克本包裝含 8 份 檸檬杏桃餅乾:熱量 73 大卡、蛋白質 0.9g、脂肪 3.2g(飽和脂肪 2.2g、反式脂肪酸 0.1g)、碳水化合物 10.3g、鈉 37 毫克(mg)、糖 0g、糖醇(SugarAlcohols)1.6 公克(g) 產品產地:台灣 保存期限:一年 保存方式:請避免熱源和日光直射、開啟後請盡早食用 注意事項:此商品不含蔗糖 製造商: 餐御宴食品有限公司(04)26820802 台灣台中市大甲區工七路 26 號 投保產品責任險字號:23-103-06028209-00011-PDL 食品業者登錄字號:B-113027299-00000-2 產品內容物與規格說明 / 保固資訊 產品重量:120g/ 盒 產品成份: 檸檬杏桃:小燕粉、無水奶油、麥芽糖醇(甜味劑)、蛋、杏桃乾、檸檬汁、天然海鹽 保存期限:一年 保存方式:請避免熱源和日光直射、開啟後請盡早食用 注意事項:此商品不含蔗糖. 製造商: 餐御宴食品有限公司(04)26820802 台灣台中市大甲區工七路 26 號 產地:台灣 【食品業者登錄字號】B-113027299-00000-2 【投保產品責任險公司與字號】23-103-06028209-00011-PDL 【製造廠商或國內負責廠商名稱】餐御宴食品有限公司 【製造廠商或國,無,https://s1.myqr.com.tw/newshop/177/TypeGoods?type2=5425&type1=5962&type0=5985&pageIndex=0&goodId=29540,無,https://pshop.myqr.com.tw/qrssimage/GoodsImage/70/70372.jpg?12
4712688792455,迪哈妮無蔗糖藍莓燕麥餅乾/120g,常溫食品,休閒食品,餅乾/脆果,無,130,0.0,21,餐御宴,商品簡介 *不含蔗糖、無香料色素和防腐劑 *無蔗糖添加、使用麥芽糖醇 *真實手感製作天然奶油真實口感 *熱量只有蔗糖的一半、不造成負擔 *中山醫學大學產學合作研發而成 烘焙客 -DiHaNi 無加糖餅乾系列為女性消費者量身訂做低熱量點心產品、共有四款口味: (藍莓燕麥、檸檬杏桃、南瓜子、蔓越莓)此系列一樣無蔗糖添加、採用口感與甜味和蔗糖很像的麥芽糖醇.麥芽糖醇的甜度是蔗糖的 0.8-0.9 倍、但熱量不到蔗糖的一半、同時不易被口腔細菌分解成酸造成蛀牙.使用麥芽糖醇代替蔗糖、成本較一般糖貴 10 倍、一片餅乾成本比一般餅乾貴 5 倍、極受到女性及特殊無糖需求者的歡迎.最重要的、美味沒有隨著熱量打折、無糖餅乾與糖果香甜細緻的口感、不輸五星級西式甜點. 藍莓燕麥餅乾: 藍莓含氧基酸、鋅、鐵、銅及維生素、是良好營養保健果品、其營養價值遠高於蘋果、葡萄、橘子等、被國際糧農組織列為五大保健食品之一. 商品規格 產品重量:120g/ 盒 營養標示: 每一份量 15 公克本包裝含 8 份 藍莓燕麥餅乾:熱量 74 大卡、蛋白質 1.0g、脂肪 3.2g(飽和脂肪 2.2g、反式脂肪酸 0.1g)、碳水化合物 10.3g、鈉 30 毫克(mg)、糖 0g、糖醇(SugarAlcohols)1.5 公克(g) 產品產地:台灣 保存期限:一年 保存方式:請避免熱源和日光直射、開啟後請盡早食用 注意事項:此商品不含蔗糖 製造商: 餐御宴食品有限公司(04)26820802 台灣台中市大甲區工七路 26 號 投保產品責任險字號:23-103-06028209-00011-PDL 食品業者登錄字號:B-113027299-00000-2 產品內容物與規格說明 / 保固資訊 產品重量:120g/ 盒 產品成份: 藍莓燕麥:小燕粉、燕麥片、無水奶油、麥芽糖醇(甜味劑)、藍莓、蛋、奶粉、天然海鹽 產品產地:台灣 保存期限:一年 保存方式:請避免熱源和日光直射、開啟後請盡早食用 注意事項:此商品不含蔗糖. 製造商: 餐御宴食品有限公司(04)26820802 台灣台中市大甲區工七路 26 號 產地:台灣 【食品業者登錄字號】B-113027299-00000-2 【投保產品責任險公司與字號】23-103-06028209-00011-PDL 【製造廠商或國內負責廠商名稱】餐御宴食品有限公司 【製造廠商或國內負責廠商電話】(04)268,無,https://s1.myqr.com.tw/newshop/177/TypeGoods?type2=5425&type1=5962&type0=5985&pageIndex=0&goodId=29517,無,https://pshop.myqr.com.tw/qrssimage/GoodsImage/70/70287.jpg?47
4711202224137,香脆傘餅/200g,常溫食品,休閒食品,餅乾/脆果,無,80,0.0,72,九福,本公司通過 HACCP 及 ISO22000 國際品保認證 ●全素 ●本產品含有小麥及芝麻製品. ●本產品同一生產線有生產大豆製品. ●產品開封後未食用完請密封保存.避免高溫、潮濕及陽光曝曬處. 香脆傘餅: 豬耳朵?貓耳朵?傘餅? 有好多的稱謂、但是一吃就知道是自己懷念的味.小小圓圓、脆脆的好吃一口又一口. 商品規格 商品名稱 九福香脆傘餅 品牌 其他品牌 種類 餅乾 包裝方式 一般包裝 品牌國別 台灣 保存方法 避免高溫、潮濕及陽光曝曬處 內容物成份 小麥麵粉 棕櫚油 糖 黑芝麻 五香粉(肉桂.八角.小茴.丁香.花椒) 鹽 熱量 每一份量 25 公克 / 熱量 121 大卡 / 本包裝含 8 份 每份營養成份 熱量 /121 大卡、蛋白質 /3.3 公克、脂肪 /5.0 公克、飽和脂肪 /2.5 公克、反式脂肪 /0.0 公克、碳水化合物 /15.8 公克、糖 /1.7 公克、鈉 /187 毫克 營養標示數據若與包裝上略有差異時、以實際包裝上標示為準 內容量 200 公克(25GX8 包) 食品添加物名稱 無 產地 台灣 廠商名稱 鴻福食品工廠有限公司 廠商電話號碼 (02)2684-2099 廠商地址 新北市板橋區金門街 369 巷 65 號 保存期限 365 天 製造日期╱有效日期 依商品包裝顯示 投保產品責任險字號 富邦產險 0500 字第 03ML000625 號,無,https://s1.myqr.com.tw/newshop/177/TypeGoods?type2=5425&type1=5962&type0=5985&pageIndex=0&goodId=34776,無,https://pshop.myqr.com.tw/qrssimage/GoodsImage/83/83977.jpg?47
4711202222676,原味地瓜酥/227g,常溫食品,休閒食品,餅乾/脆果,無,70,0.0,52,九福,台灣新正點 成份:小麥麵粉、棕櫚油、糖、地瓜、麥芽糖、鹽、酵母、碳酸氫鈉(小蘇打) 規格:227g/ 包 保存期限:9 個月 產地:台灣 營養標示: (每一份量 18.9 公克本包裝含 12 份 / 每份) 熱量 98 大卡 蛋白質 1.4 公克 脂肪 5.1 公克 飽和脂肪 2.4 公克 反式脂肪 0 公克 碳水化合物 11.6 公克 糖 3.5 公克 鈉 32 毫克,無,https://s1.myqr.com.tw/newshop/177/TypeGoods?type2=5425&type1=5962&type0=5985&pageIndex=0&goodId=33127,無,https://pshop.myqr.com.tw/qrssimage/GoodsImage/79/79787.jpg?47
4710425201796,原味洋芋片/50g,常溫食品,休閒食品,餅乾/脆果,無,55,0.0,193,歐崗綠,天然無添加、無氫化油脂、無化學香料 成份:洋芋片(脫水馬鈴薯、馬鈴薯澱粉、鹽、脫水調味料(辣椒粉、薑黃粉))、非氫化棕櫚油. 規格:50g/ 包 保存期限:10 個月(未開封) 原產地:台灣 營養標示: (每一份量 25 公克本包裝含 2 份 / 每份) 熱量 122 大卡 蛋白質 0.9 公克 脂肪 7.5 公克 飽和脂肪 3.7 公克 反式脂肪 0 公克 碳水化合物 12.8 公克 糖 0.1 公克 鈉 134 毫克,無,https://s1.myqr.com.tw/newshop/177/TypeGoods?type2=5425&type1=5962&type0=5985&pageIndex=0&goodId=46257,無,https://pshop.myqr.com.tw/qrssimage/GoodsImage/126/126064.jpg?31
4711202224304,海苔燒果子/25g*8入,常溫食品,休閒食品,餅乾/脆果,無,85,0.0,45,九福,★商品成分 小麥麵粉、糖、雞蛋、無水奶油、植物性酥油(棕櫚油、黃豆油)、海苔、鹽、碳酸氫鈉(小蘇打)、香料、抗氧化劑[混合濃縮生育醇(維生素 E)] ★商品規格 200G ★保存期限 9 個月 ★生產國 台灣 ★營養標示 每一份量 100 公克 熱量 426 大卡 蛋白質 7.0 公克 脂肪 8.3 公克 飽和脂肪 4.7 公克 反式脂肪 0 公克 碳水化合物 80.8 公克 糖 35.7 公克 鈉 388 毫克 營養標示數據若與包裝上略有差異時、以實際包裝上標示為準 【食品業者登錄字號】H-169515046-00000-1 【投保產品責任險公司與字號】055 字第 04ML000644 號 【製造廠商或國內負責廠商名稱】雷比特有限公司 【製造廠商或國內負責廠商電話】0963-622678 【製造廠商或國內負責廠商地址】桃園市八德區仁德路 87 號 8 樓 【食物過敏原標示】過敏原資訊: 本產品含有麩質穀物、雞蛋、奶類及大豆類製品. 同一產線有處理芝麻類、種子類、花生類及堅果類製品,無,https://s1.myqr.com.tw/newshop/177/TypeGoods?type2=5425&type1=5962&type0=5985&pageIndex=0&goodId=34427,無,https://pshop.myqr.com.tw/qrssimage/GoodsImage/82/82802.jpg?31
4713837029484,海鹽洋芋片-岩燒海苔風味/50g,常溫食品,休閒食品,餅乾/脆果,無,49,0.0,249,統一生機,來自大海的鮮味更能襯托馬鈴薯的香甜、選用歐洲進口馬鈴薯所製成的洋芋片、輕輕灑上日曬海鹽、厚切大波浪的酥脆口感、搭配清爽的海苔香氣、令人吮指難忘、無法抗拒的完美調配、不添加防腐劑、人工香料、人工色素、保留馬鈴薯簡單、自然真實的風味.,無,https://s1.myqr.com.tw/newshop/177/TypeGoods?type2=5425&type1=5962&type0=5985&pageIndex=0&goodId=47742,無,https://pshop.myqr.com.tw/qrssimage/GoodsImage/130/130085.jpg?66
4713837030497,海鹽洋芋片-香辣口味/50g,常溫食品,休閒食品,餅乾/脆果,無,49,0.0,152,統一生機,&quot;秘製辣粉特調風味&quot;厚切大波浪洋芋片&quot;使用歐洲進口馬鈴薯&quot;使用澳洲日曬海鹽香與辣交織帶出馬鈴薯的香甜、厚切大波浪洋芋片、搭配秘製辣粉特調風味、口感酥脆、層次豐富、越吃越涮嘴、欲罷不能的香辣滋味、不添加防腐劑、人工香料、人工色素、不論喜愛大辣還小辣的你、保證一口就上癮!,無,https://s1.myqr.com.tw/newshop/177/TypeGoods?type2=5425&type1=5962&type0=5985&pageIndex=0&goodId=47743,無,https://pshop.myqr.com.tw/qrssimage/GoodsImage/130/130086.jpg?66
4713837026537,海鹽洋芋片-原味/50g,常溫食品,休閒食品,餅乾/脆果,無,49,0.0,247,統一生機,選用歐洲馬鈴薯所製成的洋芋片、輕輕灑上來自澳洲南極海日曬海鹽、喀滋喀滋厚實口感下、散發出淡淡的海鹽清香與馬鈴薯的香甜原味、鹹甜交替的經典風味呈現、爽口不油膩、完美比例搭配、不添加防腐劑、人工香料、人工色素、保留馬鈴薯簡單、自然真實的風味.選用馬鈴薯所製成的洋芋片、輕輕灑上來自澳洲南極海日曬海鹽、喀滋喀滋厚實口感下、散發出淡淡的海鹽清香與馬鈴薯的香甜原味、鹹甜交替的經典風味呈現、爽口不油膩、完美比例搭配、不添加防腐劑、人工香料、人工色素、保留馬鈴薯簡單、自然真實的風味.日曬海鹽:*自然日曬、美味加分選自澳洲南端無污染的南極環流海域海水、僅經陽光日曬、風乾結晶而成、保留海水中微量元素.*不添加抗結劑、健康加分製鹽過程中不添加任何人工輔助劑提高海鹽產量、完全憑藉自然生態系統取得、沒有重金屬汙染、不添加抗結劑及人工添加物.,無,https://s1.myqr.com.tw/newshop/177/TypeGoods?type2=5425&type1=5962&type0=5985&pageIndex=0&goodId=47739,無,https://pshop.myqr.com.tw/qrssimage/GoodsImage/130/130082.jpg?50
4714248314435,烘培窯烤手作餅-奇亞籽咖哩/270g,常溫食品,休閒食品,餅乾/脆果,無,130,0.0,1,膳體家,★不含防腐劑、乳化劑及人工色素 ★生機素材 ★不添加氨粉、奶粉 ★無人工色素香料 ★非氫化油 絕妙的手作餅的口感令人覺得酥香、薄脆到幾乎碰撞即碎及齒頰留香、瞬間產生滿足的幸福感. 層層濃郁、層層滿足、充滿著說不出的濃郁好滋味、營養好吃、百吃不厭. 商品成分:奇亞籽、麵粉、咖哩粉、酵母、紅糖、芝麻、糙米胚芽、岩鹽、棕櫚油(非氫化油)、小蘇打、大豆卵磷脂 商品規格:270g&plusmn;5% 保存期限:1 年 產地:台灣 營養標示: 每一份量 100 公克 ̇熱量 -------------------420 大卡 ̇蛋白質 -----------------8 公克 ̇脂肪 -------------------12 公克 ̇飽和脂肪 ---------------8 公克 ̇反式脂肪 ---------------0 公克 ̇碳水化合物 -------------70 公克 ̇糖 ---------------------34 公克 ̇鈉 ---------------------210 毫克 ̇鈣 ---------------------250 毫克 ̇維生素 E----------------1.2 毫克 ̇膳食纖維 ---------------2.1 毫克 ★精選池上米糠麩 ★糙米胚芽 ★天然酵母益生菌發酵 ★不添加氨粉、奶粉 ★無人工色素香料 ★無防腐劑、乳化劑 ★非氫化油 @ 膳體家香菇黑胡椒手作餅乾精選優質天然麵粉、池上米糠麩、糙米胚芽、柔和天然酵母益生菌發酵後、在每一片手作餅調味加上亞麻籽、經過窯烤直燒、烘培至金黃色的酥脆餅乾、最後撒上黑胡椒、即大功告成. 絕妙的手作餅的口感令人覺得酥香、薄脆到幾乎碰撞即碎及齒頰留香、瞬間產生滿足的幸福感. 層層濃郁、層層滿足、充滿著說不出的濃郁好滋味、營養好吃、百吃不厭. 商品成分:麵粉、非氫化棕櫚油、紅糖、黑胡椒、岩鹽、亞麻籽粉、酵母、小蘇打、池上米糠麩、糙米胚芽 商品規格:270g&plusmn;5% 保存期限:1 年 產地:台灣 營養標示: 每一份量 100 公克 熱量 -------------------494 大卡 蛋白質 -----------------9.2 公克 脂肪 -------------------21.5 公克 飽和脂肪 ---------------9.7 公克 反式脂肪 ---------------0 公克 碳,無,https://s1.myqr.com.tw/newshop/177/TypeGoods?type2=5425&type1=5962&type0=5985&pageIndex=0&goodId=46336,無,https://pshop.myqr.com.tw/qrssimage/GoodsImage/128/128614.jpg?50
4714248314312,烘培窯烤手作餅-紫菜米胚芽/270g,常溫食品,休閒食品,餅乾/脆果,無,130,0.0,39,膳體家,★精選池上米糠麩 ★糙米胚芽 ★天然酵母益生菌發酵 ★膳食纖維 ★Omega-3(ALA) ★蛋白質 ★不含防腐劑、乳化劑及人工色素 ★生機素材 ★不添加氨粉、奶粉 ★無人工色素香料 ★非氫化油 膳體家紫菜米胚芽手作餅精選優質天然麵粉、池上米糠麩、糙米胚芽、揉合天然酵母益生菌發酵後、在每一片手作餅調味加上香菇野菜、經過窯烤直燒、炭火烘焙至金黃色的酥脆餅乾、最後撒上黑胡椒、即大功告成. 絕妙的手作餅的口感令人覺得穌香、脆薄到幾乎碰撞即碎及齒頰留香、瞬間產生滿足的幸福感.層層濃郁、層層滿足、充滿著說不出的濃郁好滋味、營養好吃、百吃不厭.是闔家閒喫的最佳選擇點心. 窯烤直燒炭火烘焙 ◎不添加氨粉、奶粉 ◎無防腐劑、乳化劑 ◎無人工色素香料 ◎非氫化油 成份:麵粉、糙米胚芽、酵母、紫菜、紅糖、紫菜、池上米康麩、岩鹽、黑胡椒、小蘇打、非氫化棕櫚油 容量:270g 營養標示: 每 100 公克 熱量 491 大卡 蛋白質 9.5 公克 脂肪 21.5 公克 飽和脂肪 9 公克 反式脂肪 0 公克 碳水化合物 66 公克 鈉 250 毫克 維生素 E1.2 毫克 膳食纖維 2.1 毫克,無,https://s1.myqr.com.tw/newshop/177/TypeGoods?type2=5425&type1=5962&type0=5985&pageIndex=0&goodId=29404,無,https://pshop.myqr.com.tw/qrssimage/GoodsImage/69/69959.jpg?50
4714248314305,烘培窯烤手作餅-黑胡椒亞麻籽/270g,常溫食品,休閒食品,餅乾/脆果,無,130,0.0,45,膳體家,★精選池上米糠麩 ★糙米胚芽 ★天然酵母益生菌發酵 ★不添加氨粉、奶粉 ★無人工色素香料 ★無防腐劑、乳化劑 ★非氫化油 膳體家香菇黑胡椒手作餅乾精選優質天然麵粉、池上米糠麩、糙米胚芽、柔和天然酵母益生菌發酵後、在每一片手作餅調味加上亞麻籽、經過窯烤直燒、烘培至金黃色的酥脆餅乾、最後撒上黑胡椒、即大功告成. 絕妙的手作餅的口感令人覺得酥香、薄脆到幾乎碰撞即碎及齒頰留香、瞬間產生滿足的幸福感. 層層濃郁、層層滿足、充滿著說不出的濃郁好滋味、營養好吃、百吃不厭. 商品成分:麵粉、非氫化棕櫚油、紅糖、黑胡椒、岩鹽、亞麻籽粉、酵母、小蘇打、池上米糠麩、糙米胚芽 商品規格:270g&plusmn;5% 保存期限:1 年 產地:台灣 營養標示: 每一份量 100 公克 熱量 -------------------494 大卡 蛋白質 -----------------9.2 公克 脂肪 -------------------21.5 公克 飽和脂肪 ---------------9.7 公克 反式脂肪 ---------------0 公克 碳水化合物 -------------85.9 公克 糖 ---------------------34 公克 鈉 ---------------------250 毫克 維生素 E---------------1.2 毫克 膳食纖維 --------------2.1 毫克,無,https://s1.myqr.com.tw/newshop/177/TypeGoods?type2=5425&type1=5962&type0=5985&pageIndex=0&goodId=29406,無,https://pshop.myqr.com.tw/qrssimage/GoodsImage/69/69965.jpg?86
4714248314329,烘培窯烤手作餅-穀維素黑芝麻/270g,常溫食品,休閒食品,餅乾/脆果,無,130,0.0,49,膳體家,★膳食纖維 ★Omega-3(ALA) ★蛋白質 ★不含防腐劑、乳化劑及人工色素 ★生機素材 ★不添加氨粉、奶粉 ★無人工色素香料 ★非氫化油 為天然低脂食品、經特殊技術後保留百分百營養成份、性質溫和不燥熱、不添家糊精、適合男女老幼各年齡層的膳食營養補充、可增加飽足感、幫助消化道機能. 膳食纖維:可改變細菌叢生態、促進腸道蠕動、使排便順暢. 維生素 E:可減少細胞膜上多元不飽和脂肪酸的氧化、維持細胞膜的完整、具有抗氧化作用、維持皮膚及血球細胞的健康. 膳體家堅持傳統自然的品質與精神、傳承給現代人養生元素、與您分享健康與活力. 採用池上米糠麩、糙米胚芽及台灣研磨大廠麵粉精心培製而成、保留天然米糠麩與稻穗的營養成份、清脆可口不油膩、值得您細細品嚐再三回味∼ 成份:麵粉、池上米糠麩、黑芝麻、糙米胚芽、岩鹽、酵母、小蘇打、大豆卵磷脂、紅糖、非氫化棕櫚油 容量:270g 營養標示: 每 100 公克 熱量 420 大卡 蛋白質 8 公克 脂肪 12 公克 飽和脂肪 8 公克 反式脂肪 0 公克 碳水化合物 70 公克 鈉 210 毫克 維生素 E1.2 毫克 膳食纖維 2.1 毫克,無,https://s1.myqr.com.tw/newshop/177/TypeGoods?type2=5425&type1=5962&type0=5985&pageIndex=0&goodId=29405,無,https://pshop.myqr.com.tw/qrssimage/GoodsImage/69/69968.jpg?86
4712688799546,烘焙客杏仁餅/22g*12入,常溫食品,休閒食品,餅乾/脆果,無,265,0.0,75,餐御宴,淨重:264 公克 片數:12 入 / 盒 保存期限:10 個月 保存方式:置於乾燥陰涼處、避免陽光直射;開封後請盡速食用、享用最佳風味 有效日期:標示於外盒 原產地:台灣,無,https://s1.myqr.com.tw/newshop/177/TypeGoods?type2=5425&type1=5962&type0=5985&pageIndex=0&goodId=35642,無,https://pshop.myqr.com.tw/qrssimage/GoodsImage/86/86816.jpg?22
4718018351705,烘焙客無糖五穀餅乾/120g,常溫食品,休閒食品,餅乾/脆果,無,130,0.0,6,餐御宴,成分:小麥粉(小麥麵粉、小麥澱粉)、棕櫚油、麥芽糖醇(甜味劑)、水、蕎麥、燕麥、鹽、黑糯米片、糙米粉、椰子油、碳酸氫鈉、混合濃縮生育醇(抗氧化劑) 淨重:120 公克 片數:12 入 / 盒 箱入數:30 盒 / 箱 保存期限:12 個月 保存方式:置於乾燥陰涼處、避免陽光直射;開封後請盡速食用、享用最佳風味 有效日期:標示於外盒 原產地:台灣 每一份量 10 公克 本包裝含 12 份 每份 每 100 公克 熱量 53.1 大卡 530.5 大卡 蛋白質 0.6 公克 5.8 公克 脂肪 2.7 公克 27.3 公克 飽和脂肪 1.6 公克 15.8 公克 反式脂肪 0.0 公克 0.0 公克 碳水化合物 6.5 公克 65.4 公克 糖 0.0 公克 0.0 公克 鈉 28.5 毫克 284.9 毫克 廠商名稱 餐御宴食品有限公司 廠商電話號碼 (04)26820802 廠商地址 台灣台中市大甲區工七路 26 號 保存期限 一年 製造日期╱有效日期 依商品包裝顯示 投保產品責任險字號 23-103-06028209-0001 食品業者登錄字號 B-113027299-00000-2 其他揭露事項 此商品不含蔗糖、但含有何麩質成分穀類、若有過敏體質請注意.,無,https://s1.myqr.com.tw/newshop/177/TypeGoods?type2=5425&type1=5962&type0=5985&pageIndex=0&goodId=34813,無,https://pshop.myqr.com.tw/qrssimage/GoodsImage/84/84068.jpg?22
4718018351743,烘焙客無糖乳酪餅乾/120g,常溫食品,休閒食品,餅乾/脆果,無,130,0.0,6,餐御宴,成分:小麥粉、素酥油(棕櫚油)、麥芽糖醇(甜味劑)、蛋、無水奶油、水、乳酪粉(乳酪、乳化鹽(磷酸氫二鈉))、碳酸鈣、鹽、牛奶鈣、碳酸氫鈉(膨脹劑) 淨重:120 公克 片數:12 入 / 盒 箱入數:30 盒 / 箱 保存期限:12 個月 保存方式:置於乾燥陰涼處、避免陽光直射;開封後請盡速食用、享用最佳風味 有效日期:標示於外盒 原產地:台灣 每一份量 10 公克 本包裝含 12 份 每份 每 100 公克 熱量 52 大卡 524 大卡 蛋白質 0.8 公克 7.8 公克 脂肪 2.9 公克 28.5 公克 飽和脂肪 1.5 公克 14.5 公克 反式脂肪 0.04 公克 0.4 公克 碳水化合物 5.9 公克 59.0 公克 糖 0 公克 0 公克 鈉 21 毫克 205 毫克 鈣 39.4 毫克 394 毫克 糖醇 1.0 公克 9.5 公克 廠商名稱 餐御宴食品有限公司 廠商電話號碼 (04)26820802 廠商地址 台灣台中市大甲區工七路 26 號 保存期限 一年 製造日期╱有效日期 依商品包裝顯示 投保產品責任險字號 23-103-06028209-0001 食品業者登錄字號 B-113027299-00000-2 其他揭露事項 此商品不含蔗糖、但含有何麩質成分穀類、若有過敏體質請注意.,無,https://s1.myqr.com.tw/newshop/177/TypeGoods?type2=5425&type1=5962&type0=5985&pageIndex=0&goodId=34816,無,https://pshop.myqr.com.tw/qrssimage/GoodsImage/84/84077.jpg?6
4718018351729,烘焙客無糖芝麻餅乾/120g,常溫食品,休閒食品,餅乾/脆果,無,130,0.0,8,餐御宴,成分:小麥粉、素酥油(棕櫚油)、麥芽糖醇(甜味劑)、黑芝麻、水、無水奶油、鹽、碳酸氫鈉(膨脹劑)、蔗糖素(甜味劑) 淨重:120 公克 片數:12 入 / 盒 箱入數:30 盒 / 箱 保存期限:12 個月 保存方式:置於乾燥陰涼處、避免陽光直射;開封後請盡速食用、享用最佳風味 有效日期:標示於外盒 原產地:台灣 每一份量 10 公克 本包裝含 12 份 每份 每 100 公克 熱量 53 大卡 530 大卡 蛋白質 0.7 公克 7.1 公克 脂肪 2.8 公克 27.9 公克 飽和脂肪 1.2 公克 11.7 公克 反式脂肪 0 公克 0 公克 碳水化合物 6.3 公克 62.6 公克 糖 0 公克 0 公克 鈉 15 毫克 152 毫克 糖醇 0.9 公克 9.4 公克 廠商名稱 餐御宴食品有限公司 廠商電話號碼 (04)26820802 廠商地址 台灣台中市大甲區工七路 26 號 保存期限 一年 製造日期╱有效日期 依商品包裝顯示 投保產品責任險字號 23-103-06028209-0001 食品業者登錄字號 B-113027299-00000-2 其他揭露事項 此商品不含蔗糖、但含有何麩質成分穀類、若有過敏體質請注意.,無,https://s1.myqr.com.tw/newshop/177/TypeGoods?type2=5425&type1=5962&type0=5985&pageIndex=0&goodId=34814,無,https://pshop.myqr.com.tw/qrssimage/GoodsImage/84/84074.jpg?6
4718018351712,烘焙客無糖海苔餅乾/120g,常溫食品,休閒食品,餅乾/脆果,無,130,0.0,5,餐御宴,成分:小麥粉(小麥麵粉、小麥澱粉)、棕櫚油、麥芽糖醇(甜味劑)、青海苔粉、三分即食米(白米、脂肪酸甘油酯、檸檬酸)、鹽、碳酸氫鈉(膨脹劑) 淨重:120 公克 片數:12 入 / 盒 箱入數:30 盒 / 箱 保存期限:12 個月 保存方式:置於乾燥陰涼處、避免陽光直射;開封後請盡速食用、享用最佳風味 有效日期:標示於外盒 原產地:台灣 每一份量 10 公克 本包裝含 12 份 每份 每 100 公克 熱量 51 大卡 512 大卡 蛋白質 0.6 公克 5.8 公克 脂肪 2.4 公克 24.5 公克 飽和脂肪 1.3 公克 12.6 公克 反式脂肪 0 公克 0 公克 碳水化合物 6.7 公克 67.1 公克 糖 0 公克 0 公克 鈉 13 毫克 131 毫克 糖醇 0.9 公克 9.4 公克 廠商名稱 餐御宴食品有限公司 廠商電話號碼 (04)26820802 廠商地址 台灣台中市大甲區工七路 26 號 保存期限 一年 製造日期╱有效日期 依商品包裝顯示 投保產品責任險字號 23-103-06028209-0001 食品業者登錄字號 B-113027299-00000-2 其他揭露事項 此商品不含蔗糖、但含有何麩質成分穀類、若有過敏體質請注意.,無,https://s1.myqr.com.tw/newshop/177/TypeGoods?type2=5425&type1=5962&type0=5985&pageIndex=0&goodId=34812,無,https://pshop.myqr.com.tw/qrssimage/GoodsImage/84/84064.jpg?42
4710445343247,神脆脆 藜麥椒鹽脆餅/11g*15入,常溫食品,休閒食品,餅乾/脆果,無,120,0.0,40,源昶,藜麥椒鹽脆餅 -15 入 / 包,無,https://s1.myqr.com.tw/newshop/177/TypeGoods?type2=5425&type1=5962&type0=5985&pageIndex=0&goodId=46295,無,https://pshop.myqr.com.tw/qrssimage/GoodsImage/126/126231.jpg?77
4714248314343,起司燒生機蘇打餅-海苔岩鹽/250g,常溫食品,休閒食品,餅乾/脆果,無,130,0.0,39,膳體家,?商品成分 小麥麵粉、非氫化棕櫚油、海苔、紅糖、乳酪粉、酵母粉、天然岩鹽、小蘇打. ?商品規格 250g&plusmn;5% ?保存期限 1 年 ?產地 台灣 ?營養標示 每一份量 100 公克 ̇熱量 -------------------481 大卡 ̇蛋白質 -----------------9.2 公克 ̇脂肪 -------------------25.2 公克 ̇飽和脂肪 ---------------12.5 公克 ̇反式脂肪 ---------------0 公克 ̇碳水化合物 -------------53 公克 ̇糖 ---------------------34 公克 ̇鈉 ---------------------260 毫克 營養標示略有差異時、以實際包裝上標示為準. ?特選澳洲天然優質小麥、酵母菌自然發酵? 保存期限:1 年 廠商名稱:翔宥生物科技有限公司 廠商電話:(02)2755-7986 廠商地址:新北市八里區中華路一段 5 之 18 號 投保產品責任險字號:17000 字第 07ML000201 號 食品業者登錄字號:A-200029151-00001-8,無,https://s1.myqr.com.tw/newshop/177/TypeGoods?type2=5425&type1=5962&type0=5985&pageIndex=0&goodId=29407,無,https://pshop.myqr.com.tw/qrssimage/GoodsImage/69/69973.jpg?77
4714248314336,起司燒生機蘇打餅-黑椒岩鹽/250g,常溫食品,休閒食品,餅乾/脆果,無,130,0.0,85,膳體家,?膳食纖維 ?Omega-3(ALA) ?蛋白質 不含防腐劑及人工色素 生機素材 無添加氨粉 ?商品成分 小麥麵粉、非氫化棕櫚油、黑胡椒、乳酪粉、紅糖、天然岩鹽、酵母粉、小蘇打. ?商品規格 250g&plusmn;5% ?保存期限 1 年 ?產地 台灣 ?營養標示 每一份量 100 公克 ̇熱量 -------------------484 大卡 ̇蛋白質 -----------------9 公克 ̇脂肪 -------------------26 公克 ̇飽和脂肪 ---------------13 公克 ̇反式脂肪 ---------------0 公克 ̇碳水化合物 -------------56 公克 ̇糖 ---------------------34 公克 ̇鈉 ---------------------250 毫克 營養標示略有差異時、以實際包裝上標示為準. ?特選澳洲天然優質小麥、酵母菌自然發酵? 保存期限:1 年 廠商名稱:翔宥生物科技有限公司 廠商電話:(02)2755-7986 廠商地址:新北市八里區中華路一段 5 之 18 號 投保產品責任險字號:17000 字第 07ML000201 號 食品業者登錄字號:A-200029151-00001-8,無,https://s1.myqr.com.tw/newshop/177/TypeGoods?type2=5425&type1=5962&type0=5985&pageIndex=0&goodId=29408,無,https://pshop.myqr.com.tw/qrssimage/GoodsImage/69/69974.jpg?77
4719859744053,康健生機松露蘇打餅/16g*12入,常溫食品,休閒食品,餅乾/脆果,無,130,0.0,111,有機園,松露蘇打餅特色 我們採用的是『夏松露』、香味一般較淡、沒有冬季松露那般濃厚的焦油味、聞起來更淡雅似香草味. 選用優質的「新鮮夏季松露」、不但不比冬季黑松露遜色、味道反而更獨特. 特別添加:『黑種草籽粉』、不僅增加香氣、更以健康為訴求,無,https://s1.myqr.com.tw/newshop/177/TypeGoods?type2=5425&type1=5962&type0=5985&pageIndex=0&goodId=46231,無,https://pshop.myqr.com.tw/qrssimage/GoodsImage/126/126001.jpeg?61
4713302360883,粗味 玉米水果酥/13g*10包,常溫食品,休閒食品,餅乾/脆果,無,210,0.0,10,粗味,非油炸、純素食、零添加 完全的天然食材及原味 台灣在地原生種玉米(無進口玉米基改疑慮) 花蓮卓溪鄉原生種草莓 本產品已通過 SGS 檢測 ?產品成份:核桃、蔓越莓(蔓越莓乾、砂糖、葵花油)、硬質玉米、麥芽糖(樹薯澱粉、水)、紫米、初榨橄欖油、低溫乾燥蘋果乾、低溫乾燥草莓乾 ?產品規格:13 公克*10 包 ?保存期限:9 個月 ?保存方式:請避免陽光直接照射、高溫潮濕、開封後建議請儘快食用、能獲得最佳賞味,無,https://s1.myqr.com.tw/newshop/177/TypeGoods?type2=5425&type1=5962&type0=5985&pageIndex=0&goodId=46240,無,https://pshop.myqr.com.tw/qrssimage/GoodsImage/126/126029.jpg?96
4713302361293,粗味 糙米堅果酥-杏仁海苔/16g*8包,常溫食品,休閒食品,餅乾/脆果,無,180,0.0,41,粗味,獲選為星宇航空機上點心 使用安心契作鴨間稻糙米為主原料 搭配海苔、並特別添加杏仁 適量攝取補充身體所需的鐵質及膳食纖維、 全素食且無麩質配方 適合任何年齡及過敏體質 本產品已通過 SGS 檢測 ?產品成份:杏仁條、麥芽糖(樹薯澱粉、水)、契作糙米、紫米、芥花油、白芝麻、海苔、純白胡椒粉、海鹽 ?產品規格:16 公克*8 包 ?保存期限:9 個月 ?保存方式:請避免陽光直接照射、高溫潮濕、開封後建議請儘快食用、能獲得最佳賞味,無,https://s1.myqr.com.tw/newshop/177/TypeGoods?type2=5425&type1=5962&type0=5985&pageIndex=0&goodId=46244,無,https://pshop.myqr.com.tw/qrssimage/GoodsImage/126/126041.jpg?96
4713302361101,粗味 糙米堅果酥-南瓜子蔓越莓/20g*8包,常溫食品,休閒食品,餅乾/脆果,無,180,0.0,9,粗味,由高考專業營養師特別調配 ?使用安心契作鴨間稻糙米為主原料 ?搭配整顆優質未抽果汁之蔓越莓乾 ?特別添加南瓜子 ?適量攝取補充身體所需的鐵質及膳食纖維 ?全素食且無麩質配方 ?適合任何年齡及過敏體質 ?貼心單包裝好方便 本產品已通過 SGS 檢測 ?產品成份:糙米、麥芽糖(樹薯澱粉、水)、蔓越莓乾(蔓越莓、砂糖、葵花油)、南瓜子、紫米、水、棕櫚油、白芝麻、海藻糖、海鹽 ?產品規格:20 公克*8 包 ?保存期限:9 個月 ?保存方式:請避免陽光直接照射、高溫潮濕、開封後建議請儘快食用、能獲得最佳賞味,無,https://s1.myqr.com.tw/newshop/177/TypeGoods?type2=5425&type1=5962&type0=5985&pageIndex=0&goodId=46243,無,https://pshop.myqr.com.tw/qrssimage/GoodsImage/126/126038.jpg?80
4713302360906,粗味 藜麥夏威夷豆米果/18g*7包,常溫食品,休閒食品,餅乾/脆果,無,195,0.0,88,粗味,使用珍貴紅蔾、黑米 及台灣無毒種栽種之原料 堅果含維生素 E、不飽和脂肪酸 果乾含維生素 C 及纖維 糙米含維生素 B 群及纖維素 本產品已通過 SGS 檢測 ?產品成份:麥芽糖、夏威夷豆、糙米、棕櫚油、黑米、紅藜麥、水、黑糖、海鹽 ?產品規格:18g*7 包 ?保存期限:9 個月 ?保存方式:開封後請置於陰涼處,無,https://s1.myqr.com.tw/newshop/177/TypeGoods?type2=5425&type1=5962&type0=5985&pageIndex=0&goodId=46241,無,https://pshop.myqr.com.tw/qrssimage/GoodsImage/126/126032.jpg?17
4713302360913,粗味 藜麥核桃米果/18g*7包,常溫食品,休閒食品,餅乾/脆果,無,195,0.0,105,粗味,使用珍貴紅蔾、黑米 及台灣無毒種栽種之原料 堅果含維生素 E、不飽和脂肪酸 果乾含維生素 C 及纖維 糙米含維生素 B 群及纖維素 本產品已通過 SGS 檢測 ?產品成份:麥芽糖(樹薯澱粉、水、液化酵素、糖化酵素)、核桃、棕櫚油、糙米、黑米、水、紅藜麥、黑糖、海鹽 ?產品規格:18 公克*7 包 ?保存期限:9 個月 ?保存方式:請避免陽光直接照射、高溫潮濕、開封後建議儘快食用、能獲得最佳賞味,無,https://s1.myqr.com.tw/newshop/177/TypeGoods?type2=5425&type1=5962&type0=5985&pageIndex=0&goodId=46242,無,https://pshop.myqr.com.tw/qrssimage/GoodsImage/126/126035.jpg?17
4711202224410,麻花(芝麻口味)/115g,常溫食品,休閒食品,餅乾/脆果,無,55,0.0,30,九福,純素 香酥脆 品名:九福麻花(芝麻口味) 成份:小麥麵粉、糖、棕櫚油、芝麻、膨脹劑(碳酸氫銨)、鹽 營養標示: (每一份 23 公克本包裝含 5 份 / 每份) 熱量 115 大卡 蛋白質 1.8 公克 脂肪 5.4 公克 飽和脂肪酸 2.4 公克 反式脂肪酸 0 公克 碳水化合物 14.9 公克 糖 5.8 公克 鈉 36 毫克,無,https://s1.myqr.com.tw/newshop/177/TypeGoods?type2=5425&type1=5962&type0=5985&pageIndex=0&goodId=34424,無,https://pshop.myqr.com.tw/qrssimage/GoodsImage/82/82791.jpg?52
4711202224403,麻花(海苔口味)/115g,常溫食品,休閒食品,餅乾/脆果,無,55,0.0,26,九福,品名:九福麻花(海苔口味) 成份:小麥麵粉、糖、棕櫚油、芝麻、海苔、膨脹劑(碳酸氫銨)、鹽 營養標示: (每一份 23 公克本包裝含 5 份 / 每份) 熱量 115 大卡 蛋白質 1.8 公克 脂肪 5.4 公克 飽和脂肪酸 2.4 公克 反式脂肪酸 0 公克 碳水化合物 14.9 公克 糖 5.8 公克 鈉 36 毫克 規格:115g 保存期限:270 日 產地:台灣,無,https://s1.myqr.com.tw/newshop/177/TypeGoods?type2=5425&type1=5962&type0=5985&pageIndex=0&goodId=34425,無,https://pshop.myqr.com.tw/qrssimage/GoodsImage/82/82794.jpg?36
4710894070818,黑米鹹酥鍋粑/200g,常溫食品,休閒食品,餅乾/脆果,無,95,0.0,102,漢軒,您還在操心小朋友吃過多零食而不吃飯嗎?本公司特別推薦《漢正軒》鍋粑系列商品、再忙碌生活的您!偶爾也要放鬆心情、寵愛自己一下、來份營養補給品!《漢正軒》鍋粑不但是中華美食之食材也是當今熱門零食話題、是您最佳選擇.《漢正軒》鍋粑一口咬下真是擋不了的誘惑、讓人忍不住一口接一口!好吃到那一口咬下酥碎到幾乎碰撞即碎的口感、齒頰留香、瞬間產生的幸福感、充滿著說不出的甜蜜好滋味、營養好吃、百吃不厭.《漢正軒》鍋粑為世界知名品牌之一、也是我們台灣人的驕傲、在全球風行近 60 餘年及出口多達 20 餘個國家及城市.是世界性知名品牌、您怎能錯過.不論男女、老少均可食用、更是早餐、點心、下午茶最佳的良伴. ◆鍋粑典故: 數千年來華人以米為主食;使用鍋子煮飯時、鍋底會留有一層焦黃的飯皮、俗稱『鍋粑』.中國人發現其焦香味和嚼食感與米飯大不相同、調味或加料可做成點心、乾燥後可當乾糧保存、油炸便成『鍋粑』這種獨特的香味不僅僅是種食材、當休閒零食也逐漸成為主流廣受大眾喜愛. 【鹹酥鍋粑食用方式】 漢正軒鍋粑是中國傳統的米製點心、口感酥脆擺吃不厭、適合素食人士食用.加入香菇、蝦仁羹、玉米濃湯或速食濃湯、有代替米飯、具填飽踏實作用.搭配豆漿、飲料、牛奶、等同時食用、滋味更佳! 【商品成份】 米、鹽、棕櫚油. ★營養標示 每一份量 3 片 40 公克 本包裝含 5 份 200 公克 ------------------------------------- 每 100 公克提供 ̇熱量 -------------480 大卡 ̇蛋白質 --------------6.6 公克 ̇脂肪 ---------------18 公克 飽和脂肪 -----------8.3 公克 反式脂肪 -------------0 公克 ̇碳水化合物 --------72.9 公克 ̇鈉 ------------------431 毫克 ̇糖 ------------------0 毫克 營養標示數據若與包裝上略有差異時、以實際包裝上標示為準 品名: 《漢正軒》鹹酥鍋粑(200g) 內容物名稱:依商品包裝 內容量:200g 原產地(國):台灣 保存期限:240 日 廠商名稱:依商品包裝 廠商電話:依商品包裝 廠商地址:依商品包裝 投保產品責任險字號:依商品包裝 食品業者登錄字號:依商品包裝 效期說明:以消費者收受日起算、至少距有效日期前 60 日以上. 消費者收受商品之有效日期若,無,https://s1.myqr.com.tw/newshop/177/TypeGoods?type2=5425&type1=5962&type0=5985&pageIndex=0&goodId=29412,無,https://pshop.myqr.com.tw/qrssimage/GoodsImage/69/69989.jpg?36
4711202221693,黑糖沙琪瑪(奶蛋素)/227g,常溫食品,休閒食品,餅乾/脆果,無,70,0.0,41,九福,九福黑糖沙琪瑪 227g 1、勿放置在陽光直射與潮濕處、包裝拆封後、請儘速使用完畢、以防變質. 2、商品成份、營養標示如有錯誤、以商品背面標示為主.,無,https://s1.myqr.com.tw/newshop/177/TypeGoods?type2=5425&type1=5962&type0=5985&pageIndex=0&goodId=46311,無,https://pshop.myqr.com.tw/qrssimage/GoodsImage/126/126278.jpeg?36
4713837031999,義式椒鹽蘇打餅/108g,常溫食品,休閒食品,餅乾/脆果,無,79,0.0,74,統一生機,融合多種義式香辛料粉與黑、白胡椒、黃金比例配方、風味獨特、香氣十足、佐以喜馬拉雅山脈的玫瑰鹽、增添風味層次;採用酵母發酵烘烤技術、創造酥脆的口感、不添加味精、防腐劑、人工香料、人工色素、給您濃厚義式香草的美味.融合多種義式香辛料粉與黑、白胡椒、黃金比例配方、風味獨特、香氣十足、佐以喜馬拉雅山脈的玫瑰鹽、增添風味層次;採用酵母發酵烘烤技術、創造酥脆的口感、不添加味精、防腐劑、人工香料、人工色素、給您濃厚義式香草的美味.?濃厚義式香草風味?黑白胡椒黃金比例?使用玫瑰鹽義式香草小百科:羅勒、百里香、迷迭香、丁香、奧勒岡葉等香草、為傳統義大利料理中不可或缺的重要配角、義大利是隨處可見香草的國度、香草與辛香料被廣泛應用在所有料理中、精選多種香辛料、以黃金比例調配、濃郁芳香.素食分類:全素,無,https://s1.myqr.com.tw/newshop/177/TypeGoods?type2=5425&type1=5962&type0=5985&pageIndex=0&goodId=47746,無,https://pshop.myqr.com.tw/qrssimage/GoodsImage/130/130089.jpg?72
4713837032002,醇厚黑芝麻餅/124g,常溫食品,休閒食品,餅乾/脆果,無,79,0.0,365,統一生機,高達 15% 濃郁芝麻醬與發酵麵糰融合、餅體撒上飽滿黑芝麻顆粒、散發出醇厚的芝麻香氣、完美呈現色、香、味俱全的黑芝麻餅;精心添加喜馬拉雅山脈玫瑰鹽、鹹甜不膩、不添加味精、防腐劑、人工香料、給您營養的美味!高達 15% 濃郁芝麻醬與發酵麵糰融合、餅體撒上飽滿黑芝麻顆粒、散發出醇厚的芝麻香氣、完美呈現色、香、味俱全的黑芝麻餅;精心添加喜馬拉雅山脈玫瑰鹽、鹹甜不膩、不添加味精、防腐劑、人工香料、給您營養的美味!?濃郁黑芝麻 x 黑芝麻含量 15%?添加海藻鈣 x 美味更營養?使用喜馬拉雅山玫瑰鹽黑芝麻小百科:芝麻是胡麻科植物胡麻的種籽、呈圓形或橢圓形、芝麻可生吃、也可熟吃、經適當烘焙後、營養釋出更多;可以製點心或菜餚烹調、芝麻小小一顆卻有著超級豐富的營養、具有獨特芳香味和高營養價值,無,https://s1.myqr.com.tw/newshop/177/TypeGoods?type2=5425&type1=5962&type0=5985&pageIndex=0&goodId=47747,無,https://pshop.myqr.com.tw/qrssimage/GoodsImage/130/130090.jpg?72
4713837031043,燕麥起司蘇打餅/108g,常溫食品,休閒食品,餅乾/脆果,無,79,0.0,196,統一生機,嚴選來自歐洲起司之王~帕瑪森起司、以酵母發酵、酥脆的餅體、結合濃厚的起司味、添加燕麥粉的穀物香氣、選用來自喜馬拉雅山脈的玫瑰鹽、不添加味精、防腐劑、人工香料、人工色素、給您原味酥脆的美味.嚴選來自歐洲起司之王~帕瑪森起司、以酵母發酵、酥脆的餅體、結合濃厚的起司味、添加燕麥粉的穀物香氣、選用來自喜馬拉雅山脈的玫瑰鹽、不添加味精、防腐劑、人工香料、人工色素、給您原味酥脆的美味帕瑪森起司優質燕麥粉使用玫瑰鹽起司之王 - 帕瑪森起司訴有起司界之王的帕瑪森起司、為優質的乳製品、具有豐富的起司風味、經常廣泛被使用在各式料理中、提昇食物的美味層次、增添濃郁香氣、給您味蕾上最極致的享受!優質燕麥粉嚴選優質燕麥粉、成分自然簡單、保留原始的穀物香氣、燕麥的營養成分豐富、為補充能量的優質來源.,無,https://s1.myqr.com.tw/newshop/177/TypeGoods?type2=5425&type1=5962&type0=5985&pageIndex=0&goodId=47745,無,https://pshop.myqr.com.tw/qrssimage/GoodsImage/130/130088.jpg?8
4710425200201,糙米薏仁酥/175g,常溫食品,休閒食品,餅乾/脆果,無,95,0.0,85,歐崗綠,產品成份:麵粉、砂糖、無鹽奶油、薏仁粉、乳清蛋白、花生粉、糙米粉、食鹽 糙米原料不使用農藥、化學肥料 重量:175 公克 保存期限:9 個月(未開封) 產地:台灣 過敏原資訊:本產品含有小麥、牛奶、花生及其製品. 本產品與其它含有雞蛋、大豆、腰果、杏仁、椰子、芝麻、蕎麥的產品於同一工廠生產、食物過敏者請留意.,無,https://s1.myqr.com.tw/newshop/177/TypeGoods?type2=5425&type1=5962&type0=5985&pageIndex=0&goodId=46255,無,https://pshop.myqr.com.tw/qrssimage/GoodsImage/126/126066.jpg?8
4710445342318,藜麥好棒--芝麻/150g,常溫食品,休閒食品,餅乾/脆果,無,120,0.0,35,源昶,品名:藜麥好棒 - 黑芝麻風味 成分:麵粉、植物性油脂(棕櫚油、抗氧化劑(維生素 E))、糖、水、黑芝麻、紅藜麥、鹽 內容量:15 公克*10 入&plusmn;5% 產品特色: ☉添加超級食物 - 紅藜麥 ☉非油炸 / 烘焙配方 ☉無防腐劑 / 無添加人工色素 ☉純素 保存期限:12 個月(鋁箔) 有效日期:標示於包裝上(西元年 / 月 / 日) 原產地:台灣 保存方式:請勿置於陽光直射或高溫潮濕處 過敏原資訊:本產品含有芝麻、小麥、不適合對其過敏體質者食用,無,https://s1.myqr.com.tw/newshop/177/TypeGoods?type2=5425&type1=5962&type0=5985&pageIndex=0&goodId=29549,無,https://pshop.myqr.com.tw/qrssimage/GoodsImage/70/70420.jpg?91
4710445342028,藜麥好棒--原味/150g,常溫食品,休閒食品,餅乾/脆果,無,120,0.0,33,源昶,品名:藜麥好棒(原味) 成份: 麵粉、植物性棕櫚油脂、抗氧化劑(維生素 C、維生素 E)、&beta;- 胡蘿蔔素、糖、水、紅藜麥、芝士粉、鹽. 容量:150 公克&plusmn;5% 保存期限:12 個月(保存良好未開封) 保存方式:請勿置於陽光直射或高溫潮濕處. 產地:台灣 營養標示每一份量 15 公克本包裝含 10 份 每份每 100 公克 熱量 78 大卡 520 大卡 蛋白質 1.1 公克 7.6 公克 脂肪 3.8 公克 25.6 公克 飽和脂肪 2 公克 13.6 公克 反式脂肪 0 公克 0 公克 碳水化合物 9.7 公克 64.8 公克 糖 2.8 公克 18.9 公克 鈉 27 毫克 177 毫克,無,https://s1.myqr.com.tw/newshop/177/TypeGoods?type2=5425&type1=5962&type0=5985&pageIndex=0&goodId=29541,無,https://pshop.myqr.com.tw/qrssimage/GoodsImage/70/70390.jpg?91
4710445342035,藜麥好棒--薑黃/150g,常溫食品,休閒食品,餅乾/脆果,無,120,0.0,1,源昶,商品描述 每支單包裝、攜帶方便! ☉添加超級食物 - 紅藜麥 ☉非油炸 / 烘焙配方 ☉無防腐劑 / 無添加人工色素 ☉純素 品名:藜麥好棒(薑黃) 成分:麵粉、植物性油脂(棕櫚油、抗氧化劑(維生素 E))、糖、水、紅藜麥、薑黃粉、黑胡椒、鹽 產地:台灣 內容量:15 公克*10 入&plusmn;5% 保存方式:請置陰涼處、避免陽光直射、開封後請冷藏 保存期限:12 個月(係指未開封狀態且正常保存條件下) 有效日期:標示於袋上(西元年 / 月 / 日) 過敏原資訊:本產品含有麩質、不適合對其過敏體質者食用,無,https://s1.myqr.com.tw/newshop/177/TypeGoods?type2=5425&type1=5962&type0=5985&pageIndex=0&goodId=29542,無,https://pshop.myqr.com.tw/qrssimage/GoodsImage/70/70387.jpg?27
4710445342301,藜麥好棒--鹹蛋黃/150g,常溫食品,休閒食品,餅乾/脆果,無,120,0.0,15,源昶,商品描述 品名:藜麥好棒 - 鹹蛋黃風味 成分:麵粉、植物性油脂(棕櫚油、抗氧化劑(維生素 E))、糖、水、蛋黃粉(雞蛋黃)、紅藜麥、鹽 內容量:15 公克*10 入&plusmn;5% 產品特色: ☉添加超級食物 - 紅藜麥 ☉非油炸 / 烘焙配方 ☉無防腐劑 / 無添加人工色素 ☉蛋素 保存期限:12 個月(鋁箔) 有效日期:標示於包裝上(西元年 / 月 / 日) 原產地:台灣 保存方式:請勿置於陽光直射或高溫潮濕處 過敏原資訊:本產品含有蛋品、小麥、不適合對其過敏體質者食用,無,https://s1.myqr.com.tw/newshop/177/TypeGoods?type2=5425&type1=5962&type0=5985&pageIndex=0&goodId=29545,無,https://pshop.myqr.com.tw/qrssimage/GoodsImage/70/70407.jpg?27
4710445341908,藜麥豆奶方餅/15g*10入,常溫食品,休閒食品,餅乾/脆果,無,120,0.0,41,源昶,☉添加超級食物 - 紅藜麥 ☉非油炸 / 烘焙配方 ☉無防腐劑 / 無添加人工色素 ☉純素 品名:藜麥豆奶方餅 原料:小麥粉、非氫化棕櫚油、椰糖、豆漿粉(非基因改造)、紅藜麥、黑芝麻、白芝麻、酵母、小蘇打、海鹽 淨重:150 公克(15 公克 x10 入) 產品特色:超級全營養食物 - 藜麥、健康豐富滿滿、採用 100% 純、非基因改造豆漿粉 無香料 / 無防腐劑 / 無人工色素 / 純素 保存期限:12 個月 有效日期:標示於包裝上(西元年 / 月 / 日) 原產地:台灣 保存方法:請勿置於陽光直射或高溫潮濕處 過敏原資訊:*本產品含有小麥、大豆製品、對其過敏者、請謹慎食用 營養標示 (每一份 15 公克本包裝含 10 份) 熱量 73.2 大卡 蛋白質 1.8 公克 脂肪 3.0 公克 飽和脂肪酸 1.2 公克 反式脂肪酸 0.0 公克 碳水化合物 9.6 公克 糖 0.9 公克 鈉 31 毫克,無,https://s1.myqr.com.tw/newshop/177/TypeGoods?type2=5425&type1=5962&type0=5985&pageIndex=0&goodId=29555,無,https://pshop.myqr.com.tw/qrssimage/GoodsImage/70/70454.jpg?11
4710445341861,藜麥豆奶酥-堅果原味/20g*8入,常溫食品,休閒食品,餅乾/脆果,無,120,0.0,221,源昶,☉添加超級食物 - 紅藜麥 ☉非油炸 / 烘焙配方 ☉無防腐劑 / 無添加人工色素 ☉純素 品名:Smile99 藜麥豆奶酥 - 堅果原味 原料:小麥麵粉、棕櫚油、椰子油、豆漿粉(非基因改造)、砂糖、藜麥粉、杏仁粉、南瓜籽粉、大豆卵磷脂、小蘇打、食鹽 淨重:160 公克(20 公克 x8 入) 保存期限:12 個月 有效日期:標示於包裝上(西元年 / 月 / 日) 原產地:台灣 保存方法:請勿置於陽光直射或高溫潮濕處 過敏原資訊:*本產品含有小麥、大豆、杏仁等製品、對其過敏者、請謹慎食用,無,https://s1.myqr.com.tw/newshop/177/TypeGoods?type2=5425&type1=5962&type0=5985&pageIndex=0&goodId=29551,無,https://pshop.myqr.com.tw/qrssimage/GoodsImage/70/70436.jpg?11
4710445343216,藜麥豆奶酥-堅果黑芝麻/20g*8入,常溫食品,休閒食品,餅乾/脆果,無,120,0.0,123,源昶,*非油炸 *無香料 *無防腐劑 *無人工色素 *採用 100% 非基因改造豆漿粉,無,https://s1.myqr.com.tw/newshop/177/TypeGoods?type2=5425&type1=5962&type0=5985&pageIndex=0&goodId=46293,無,https://pshop.myqr.com.tw/qrssimage/GoodsImage/126/126224.jpg?11
4710445342820,藜麥豆奶酥-堅果鹹味/20g*8入,常溫食品,休閒食品,餅乾/脆果,無,120,0.0,141,源昶,☉添加超級食物 - 紅藜麥 ☉非油炸 / 烘焙配方 ☉無防腐劑 / 無添加人工色素 ☉純素 品名:Smile99 藜麥豆奶酥 - 堅果鹹味 成分:小麥麵粉、棕櫚油、椰子油、葡萄糖、腰果鹹醬(腰果粉、白芝麻粉、黑胡椒、蘿勒葉、洋香菜葉)、砂糖、藜麥粉、豆漿粉、白芝麻醬、豆奶、巧克力醬、鹽、大豆卵磷脂、小蘇打. 淨重:160 公克(20 公克 x8 入) 保存期限:12 個月 有效日期:標示於包裝上(西元年 / 月 / 日) 原產地:台灣 保存方法:請勿置於陽光直射或高溫潮濕處 ※本產品無添加色素或其他添加物、在烘烤過程中可能會造成色澤不均、屬正常現象、請安心食用 過敏原資訊:本產品含有麩質(小麥)、大豆、芝麻、堅果及其製品、不適合對其過敏體質者食用.本產品製造廠房、其設備有處理花生及其製品,無,https://s1.myqr.com.tw/newshop/177/TypeGoods?type2=5425&type1=5962&type0=5985&pageIndex=0&goodId=29550,無,https://pshop.myqr.com.tw/qrssimage/GoodsImage/70/70428.jpg?47
4710445341892,藜麥蕃茄圓餅/15g*10入,常溫食品,休閒食品,餅乾/脆果,無,120,0.0,14,源昶,☉添加超級食物 - 紅藜麥 ☉非油炸 / 烘焙配方 ☉無防腐劑 / 無添加人工色素 ☉純素 品名:藜麥蕃茄圓餅 原料:小麥粉、非氫化棕櫚油、蕃茄粉、紅藜麥、黑胡椒、胡椒粉、椰糖、酵母、小蘇打、海鹽 淨重:150 公克(15 公克 x10 入) 產品特色: ̇超級全營養食物 - 藜麥、健康豐富滿滿 ̇無香料 / 無防腐劑 / 無人工色素 ̇純素 保存期限:12 個月 有效日期:標示於包裝上(西元年 / 月 / 日) 原產地:台灣 保存方法:請勿置於陽光直射或高溫潮濕處 過敏原資訊:本產品含有小麥製品、對其過敏者、請謹慎食用 營養標示 (每一份 15 公克本包裝含 10 份) 熱量 68.4 大卡 蛋白質 2.0 公克 脂肪 2.4 公克 飽和脂肪酸 1.0 公克 反式脂肪酸 0.0 公克 碳水化合物 9.7 公克 糖 0.3 公克 鈉 51 毫克,無,https://s1.myqr.com.tw/newshop/177/TypeGoods?type2=5425&type1=5962&type0=5985&pageIndex=0&goodId=29553,無,https://pshop.myqr.com.tw/qrssimage/GoodsImage/70/70447.png?47
4710894900916,鹹酥鍋粑/200g,常溫食品,休閒食品,餅乾/脆果,無,90,0.0,53,漢軒,您還在操心小朋友吃過多零食而不吃飯嗎?本公司特別推薦《漢正軒》鍋粑系列商品、再忙碌生活的您!偶爾也要放鬆心情、寵愛自己一下、來份營養補給品!《漢正軒》鍋粑不但是中華美食之食材也是當今熱門零食話題、是您最佳選擇.《漢正軒》鍋粑一口咬下真是擋不了的誘惑、讓人忍不住一口接一口!好吃到那一口咬下酥碎到幾乎碰撞即碎的口感、齒頰留香、瞬間產生的幸福感、充滿著說不出的甜蜜好滋味、營養好吃、百吃不厭.《漢正軒》鍋粑為世界知名品牌之一、也是我們台灣人的驕傲、在全球風行近 60 餘年及出口多達 20 餘個國家及城市.是世界性知名品牌、您怎能錯過.不論男女、老少均可食用、更是早餐、點心、下午茶最佳的良伴. ◆鍋粑典故: 數千年來華人以米為主食;使用鍋子煮飯時、鍋底會留有一層焦黃的飯皮、俗稱『鍋粑』.中國人發現其焦香味和嚼食感與米飯大不相同、調味或加料可做成點心、乾燥後可當乾糧保存、油炸便成『鍋粑』這種獨特的香味不僅僅是種食材、當休閒零食也逐漸成為主流廣受大眾喜愛. 【鹹酥鍋粑食用方式】 漢正軒鍋粑是中國傳統的米製點心、口感酥脆擺吃不厭、適合素食人士食用.加入香菇、蝦仁羹、玉米濃湯或速食濃湯、有代替米飯、具填飽踏實作用.搭配豆漿、飲料、牛奶、等同時食用、滋味更佳! 【商品成份】 米、鹽、棕櫚油. ★營養標示 每一份量 3 片 40 公克 本包裝含 5 份 200 公克 ------------------------------------- 每 100 公克提供 ̇熱量 -------------480 大卡 ̇蛋白質 --------------6.6 公克 ̇脂肪 ---------------18 公克 飽和脂肪 -----------8.3 公克 反式脂肪 -------------0 公克 ̇碳水化合物 --------72.9 公克 ̇鈉 ------------------431 毫克 ̇糖 ------------------0 毫克 營養標示數據若與包裝上略有差異時、以實際包裝上標示為準 品名:《漢正軒》鹹酥鍋粑(200g) 內容物名稱:依商品包裝 內容量:200g 原產地(國):台灣 保存期限:240 日 廠商名稱:依商品包裝 廠商電話:依商品包裝 廠商地址:依商品包裝 投保產品責任險字號:依商品包裝 食品業者登錄字號:依商品包裝 效期說明:以消費者收受日起算、至少距有效日期前 60 日以上. 消費者收受商品之有效日期若,無,https://s1.myqr.com.tw/newshop/177/TypeGoods?type2=5425&type1=5962&type0=5985&pageIndex=0&goodId=29411,無,https://pshop.myqr.com.tw/qrssimage/GoodsImage/69/69984.jpg?82
4710097111898,已催芽黑芝麻(粉)軟糖/224g,常溫食品,休閒食品,糖果/果凍/豆乾,無,170,0.0,63,源順,品名: 已催芽黑芝麻(粉)軟糖 規格: 224g/ 包 成分: 已催芽黑麻粉、麥芽糖、燕麥粉、葵花油、鹽 特色: ■無添加防腐劑、人工色素、膨鬆劑. ■黃麴毒素檢驗謹製. 產地: 雲林土庫 保存期限: 6 個月(未開封) 保存方式: 請置於陰涼處、避免高溫或陽光直射. 營養標示 每份 16 公克 此包裝含 14 份 每份 熱量 69.6 大卡 蛋白質 1.6 公克 脂肪 2.56 公克 飽和脂肪 0.4 公克 反式脂肪 0 公克 碳水化合物 9.92 公克 糖 3.38 公克 鈉 4.16 毫克,無,https://s1.myqr.com.tw/newshop/177/TypeGoods?type2=5425&type1=5962&type0=5986&pageIndex=0&goodId=29646,無,https://pshop.myqr.com.tw/qrssimage/GoodsImage/70/70771.jpg?66
4711845280644,禾一發梅蒟蒻果凍/1200g,常溫食品,休閒食品,糖果/果凍/豆乾,無,300,0.0,7,禾一發,產品內容 成份:天然梅汁、蒟蒻、海藻抽出物、果糖、逆滲透純水 重量:1200 公克(約 47 顆) 保存期限:12 個月 有效日期:標於包裝上 保存方式:開封後請盡快吃完或放置陰涼處. 產地:台灣 營養標示 (每一份 100 公克本包裝含 12 份) 熱量 128 大卡 蛋白質 0 公克 脂肪 0 公克 飽和脂肪酸 0 公克 反式脂肪酸 0 公克 碳水化合物 32 公克 糖 28 公克 鈉 98 毫克,無,https://s1.myqr.com.tw/newshop/177/TypeGoods?type2=5425&type1=5962&type0=5986&pageIndex=0&goodId=29779,無,https://pshop.myqr.com.tw/qrssimage/GoodsImage/71/71319.jpg?66
4710940005589,吃果籽白葡萄果汁蒟蒻/20g*12入,常溫食品,休閒食品,糖果/果凍/豆乾,無,69,0.0,25,豐喜食品,品名:白葡萄果汁蒟蒻 成分:水、砂糖、白葡萄濃縮汁、蒟蒻粉、調味劑(檸檬酸鉀、檸檬酸)、粘稠劑(鹿角菜膠、玉米糖膠)、天然香料、乳酸鈣. 淨重:240 公克(20 公克 / 袋)&times;12 袋 製造及有效日期:標示於外包裝袋上 保存期限:12 個月 葷素類別:全素 保存條件:可常溫保存、請放置於陰涼處、勿直射陽光! 食用警語:老人及兒童食用時、請大人陪伴分段進食! 原產地:台灣 過敏原資訊:本產品製造廠房及設備有處理過牛奶、芒果、椰子、蛋及其製品.,無,https://s1.myqr.com.tw/newshop/177/TypeGoods?type2=5425&type1=5962&type0=5986&pageIndex=0&goodId=46140,無,https://pshop.myqr.com.tw/qrssimage/GoodsImage/125/125579.jpg?3
4710940005541,吃果籽百香果果汁蒟蒻/20g*12入,常溫食品,休閒食品,糖果/果凍/豆乾,無,69,0.0,28,豐喜食品,品名:吃果籽百香果果汁蒟蒻 成分:水、砂糖、百香果原汁、百香果濃縮汁、蒟蒻粉、調味劑(檸檬 酸鉀、檸檬酸)、粘稠劑(鹿角菜膠、玉米糖膠)、乳酸鈣、香料. 淨重:240 公克(20 公克 / 袋)&times;12 袋 製造及有效日期:標示於外包裝袋上 保存期限:12 個月 葷素類別:全素 保存條件:可常溫保存、請放置於陰涼處、勿直射陽光! 食用警語:老人及兒童食用時、請大人陪伴分段進食! 原產地:台灣 過敏原資訊:本產品製造廠房及設備有處理過牛奶、芒果、椰子、蛋及其製品.,無,https://s1.myqr.com.tw/newshop/177/TypeGoods?type2=5425&type1=5962&type0=5986&pageIndex=0&goodId=46136,無,https://pshop.myqr.com.tw/qrssimage/GoodsImage/125/125595.jpg?3
4710940005237,吃果籽百香果愛玉吸凍飲/220g,常溫食品,休閒食品,糖果/果凍/豆乾,無,39,0.0,71,豐喜食品,品名:吃果籽百香果愛玉吸凍飲 成分:水、愛玉凍(水、愛玉子)、砂糖、百香果原汁、粘稠劑(鹿角菜膠、刺槐豆膠)、香料、調味劑(檸檬酸鉀、檸檬酸鈉)、蒟蒻粉. 淨重:(220 公克 / 杯)*3 杯 製造及有效日期:標示於杯上 保存期限:12 個月 葷素類別:全素 保存條件:可常溫保存、請放置於陰涼處、勿直射陽光! 食用警語:老人及兒童食用時、請大人陪伴分段進食! 原產地:台灣 過敏原資訊:本產品製造廠房及設備有處理過牛奶、芒果、椰子、蛋、魚膠原蛋白製品、大豆及其製品.,無,https://s1.myqr.com.tw/newshop/177/TypeGoods?type2=5425&type1=5962&type0=5986&pageIndex=0&goodId=46132,無,https://pshop.myqr.com.tw/qrssimage/GoodsImage/125/125574.jpg?38
4710940006289,吃果籽百香烏龍吸凍飲/220g,常溫食品,休閒食品,糖果/果凍/豆乾,無,39,0.0,24,豐喜食品,品名:吃果籽百香烏龍吸凍飲 成分:水、砂糖、百香果汁、冰糖、烏龍茶濃縮液、調味劑(檸檬酸鉀、檸檬酸鈉、DL- 蘋果酸、檸檬酸)、粘稠劑(鹿角菜膠、刺槐豆膠)、香料、蒟蒻粉、維生素 C(抗氧化劑). 淨重:220 公克&times;3 杯 原產地:台灣 有效日期:標示於盒上(西元年 / 月 / 日) 葷素類別:全素 保存期限:12 個月(未開封) 保存條件:可常溫保存、請放置於陰涼處、勿直射陽光! 食用方法:直接插入吸管即可食用;冷藏食用風味更佳. 注意事項:因無添加保色劑、顏色可能會隨時日產生變化、屬正常現象、請安心食用. 食用警語:老人及兒童食用時、請大人陪伴分段進食! 過敏原資訊:本產品製造廠房及設備有處理過牛奶、芒果、椰子、蛋、魚膠原蛋白、大豆及其製品.,無,https://s1.myqr.com.tw/newshop/177/TypeGoods?type2=5425&type1=5962&type0=5986&pageIndex=0&goodId=46145,無,https://pshop.myqr.com.tw/qrssimage/GoodsImage/125/125540.jpg?38
4710940005527,吃果籽芒果果汁蒟蒻/20g*12入,常溫食品,休閒食品,糖果/果凍/豆乾,無,69,0.0,17,豐喜食品,品名:吃果籽芒果果汁蒟蒻 成分:水、砂糖、芒果原汁、調味劑(檸檬酸、檸檬酸鉀)、香料、蒟蒻粉、粘稠劑(鹿角菜膠、玉米糖膠)、乳酸鈣. 淨重:240 公克(20 公克 / 袋)&times;12 袋 製造及有效日期:標示於外包裝袋上 保存期限:12 個月 葷素類別:全素 保存條件:可常溫保存、請放置於陰涼處、勿直射陽光! 食用警語:老人及兒童食用時、請大人陪伴分段進食! 原產地:台灣 過敏原資訊:本產品含有芒果及其製品對特殊過敏體質者可能導致過敏. 本產品製造廠房及設備有處理過牛奶、芒果、椰子、蛋及其製品.,無,https://s1.myqr.com.tw/newshop/177/TypeGoods?type2=5425&type1=5962&type0=5986&pageIndex=0&goodId=46134,無,https://pshop.myqr.com.tw/qrssimage/GoodsImage/125/125603.jpg?22
4710940005572,吃果籽芭樂果汁蒟蒻/20g*12入,常溫食品,休閒食品,糖果/果凍/豆乾,無,69,0.0,46,豐喜食品,品名:吃果籽芭樂果汁蒟蒻 成分:水、砂糖、芭樂汁(芭樂汁、檸檬酸)、調味劑(檸檬酸、檸檬酸 鉀)、蒟蒻粉、香料、粘稠劑(鹿角菜膠、玉米糖膠)、乳酸鈣. 淨重:240 公克(20 公克 / 袋)&times;12 袋 製造及有效日期:標示於外包裝袋上 保存期限:12 個月 葷素類別:全素 保存條件:可常溫保存、請放置於陰涼處、勿直射陽光! 食用警語:老人及兒童食用時、請大人陪伴分段進食! 原產地:台灣 過敏原資訊:本產品製造廠房及設備有處理過牛奶、芒果、椰子、蛋及其製品.,無,https://s1.myqr.com.tw/newshop/177/TypeGoods?type2=5425&type1=5962&type0=5986&pageIndex=0&goodId=46139,無,https://pshop.myqr.com.tw/qrssimage/GoodsImage/125/125583.jpg?22
4710940006708,吃果籽芭樂檸檬吸凍飲/220g,常溫食品,休閒食品,糖果/果凍/豆乾,無,39,0.0,96,豐喜食品,品名: 大苑子 X 吃果籽手搖風味吸凍飲 - 芭樂檸檬 成份: 水、芭樂原汁、砂糖、檸檬果汁(檸檬原汁、糖、DL- 蘋果酸、鹽)、粘稠劑(鹿角菜膠、刺槐豆膠)、調味劑(檸檬酸鉀、檸檬酸鈉、檸檬酸)、蒟蒻粉. 過敏原資訊:本產品製造廠房及設備有處理過牛奶、芒果、椰子、蛋、魚膠原蛋白、大豆及其製品. 內容量: 220 公克 x24 杯 保存期限: 12 個月(未開封) 有效日期: 標示於盒上(西元年 / 月 / 日) 出品人: 大苑子開發股份有限公司 地址: 彰化縣大村鄉黃厝村美港路 412 號 製造廠商 豐喜食品股份有限公司 地址: 雲林縣斗六市工業路 118 號 消費者專線: 0800-393998 注意事項: 1.因無添加保色劑、顏色可能會隨時日產生變化、屬正常現象、請安心食用. 2.可常溫保存、請放置於陰涼處、物直射陽光. 食用警語:老人及兒童食用時、請大人陪伴分段進食,無,https://s1.myqr.com.tw/newshop/177/TypeGoods?type2=5425&type1=5962&type0=5986&pageIndex=0&goodId=47726,無,https://pshop.myqr.com.tw/qrssimage/GoodsImage/130/130057.jpeg?22
4710940006715,吃果籽柳丁翡翠吸凍飲/220g,常溫食品,休閒食品,糖果/果凍/豆乾,無,39,0.0,96,豐喜食品,品名: 大苑子 X 吃果籽手搖風味吸凍飲 - 柳丁翡翠 成份: 水、砂糖、柳丁汁、綠茶濃縮液、調味劑(檸檬酸、檸檬酸鉀、檸檬酸鈉)、粘稠劑(鹿角菜膠、刺槐豆膠)、天然香料、蒟蒻粉. 過敏原資訊:本產品製造廠房及設備有處理過牛奶、芒果、椰子、蛋、魚膠原蛋白、大豆及其製品. 內容量: 220 公克 x24 杯 保存期限: 12 個月(未開封) 有效日期: 標示於盒上(西元年 / 月 / 日) 出品人: 大苑子開發股份有限公司 地址: 彰化縣大村鄉黃厝村美港路 412 號 製造廠商 豐喜食品股份有限公司 地址: 雲林縣斗六市工業路 118 號 消費者專線: 0800-393998 注意事項: 1.因無添加保色劑、顏色可能會隨時日產生變化、屬正常現象、請安心食用. 2.可常溫保存、請放置於陰涼處、物直射陽光. 食用警語:老人及兒童食用時、請大人陪伴分段進食,無,https://s1.myqr.com.tw/newshop/177/TypeGoods?type2=5425&type1=5962&type0=5986&pageIndex=0&goodId=47727,無,https://pshop.myqr.com.tw/qrssimage/GoodsImage/130/130059.jpeg?57
4710940005534,吃果籽荔枝果汁蒟蒻/20g*12入,常溫食品,休閒食品,糖果/果凍/豆乾,無,69,0.0,26,豐喜食品,品名:吃果籽荔枝果汁蒟蒻 成分:水、砂糖、荔枝原汁、調味劑(檸檬酸、檸檬酸鉀)、蒟蒻粉、 粘稠劑(鹿角菜膠、玉米糖膠)、乳酸鈣、香料. 淨重:240 公克(20 公克 / 袋)&times;12 袋 製造及有效日期:標示於外包裝袋上 保存期限:12 個月 葷素類別:全素 保存條件:可常溫保存、請放置於陰涼處、勿直射陽光! 食用警語:老人及兒童食用時、請大人陪伴分段進食! 原產地:台灣 過敏原資訊:本產品製造廠房及設備有處理過牛奶、芒果、椰子、蛋及其製品.,無,https://s1.myqr.com.tw/newshop/177/TypeGoods?type2=5425&type1=5962&type0=5986&pageIndex=0&goodId=46135,無,https://pshop.myqr.com.tw/qrssimage/GoodsImage/125/125599.jpg?57
4710940005657,吃果籽荔枝果愛玉吸凍飲/220g,常溫食品,休閒食品,糖果/果凍/豆乾,無,39,0.0,134,豐喜食品,&bull;吃果籽荔枝愛玉吸凍飲 成分:水、愛玉凍(水、愛玉子)、砂糖、荔枝原汁(荔枝原汁、檸檬酸)、調味劑(DL- 蘋果酸、檸檬酸鉀、檸檬酸鈉)、粘稠劑(鹿角菜膠、刺槐豆膠)、天然香料、蒟蒻粉. 淨重:(220 公克 / 杯)X9 杯 製造及有效日期:標示於杯身 保存期限:12 個月 葷素類別:全素 保存條件:可常溫保存、請放置於陰涼處、勿直射陽光! 食用警語:老人及兒童食用時、請大人陪伴分段進食! 原產地:台灣 過敏原資訊:本產品製造廠房及設備有處理過牛奶、芒果、椰子、蛋、魚膠原蛋白、大豆及其製品.,無,https://s1.myqr.com.tw/newshop/177/TypeGoods?type2=5425&type1=5962&type0=5986&pageIndex=0&goodId=46141,無,https://pshop.myqr.com.tw/qrssimage/GoodsImage/125/125562.jpeg?41
4710940006272,吃果籽荔枝烏龍吸凍飲/220g,常溫食品,休閒食品,糖果/果凍/豆乾,無,39,0.0,41,豐喜食品,品名:吃果籽荔枝烏龍吸凍飲 成分:水、砂糖、荔枝汁(荔枝原汁、檸檬酸)、冰糖、烏龍茶濃縮液、調味劑(檸檬酸、檸檬酸鉀、檸檬酸鈉)、粘稠劑(鹿角菜膠、刺槐豆膠)、香料、蒟蒻粉、維生素 C(抗氧化劑). 淨重:220 公克&times;3 杯 原產地:台灣 有效日期:標示於盒上(月 / 日 / 西元年) 葷素類別:全素 保存期限:12 個月(未開封) 保存條件:可常溫保存、請放置於陰涼處、勿直射陽光! 食用方法:直接插入吸管即可食用;冷藏食用風味更佳. 注意事項:因無添加保色劑、顏色可能會隨時日產生變化、屬正常現象、請安心食用. 食用警語:老人及兒童食用時、請大人陪伴分段進食! 過敏原資訊:本產品製造廠房及設備有處理過牛奶、芒果、椰子、蛋、魚膠原蛋白、大豆及其製品.,無,https://s1.myqr.com.tw/newshop/177/TypeGoods?type2=5425&type1=5962&type0=5986&pageIndex=0&goodId=46144,無,https://pshop.myqr.com.tw/qrssimage/GoodsImage/125/125545.jpg?41
4710940005558,吃果籽草莓果汁蒟蒻/20g*12入,常溫食品,休閒食品,糖果/果凍/豆乾,無,69,0.0,25,豐喜食品,品名:吃果籽草莓果汁蒟蒻 成分:水、砂糖、草莓濃縮汁、香料、調味劑(檸檬酸、檸檬酸鉀、 DL- 蘋果酸)、蒟蒻粉、粘稠劑(鹿角菜膠、玉米糖膠)、乳酸鈣. 淨重:240 公克(20 公克 / 袋)&times;12 袋 製造及有效日期:標示於外包裝袋上 保存期限:12 個月 葷素類別:全素 保存條件:可常溫保存、請放置於陰涼處、勿直射陽光! 食用警語:老人及兒童食用時、請大人陪伴分段進食! 原產地:台灣 過敏原資訊:本產品製造廠房及設備有處理過牛奶、芒果、椰子、蛋及其製品.,無,https://s1.myqr.com.tw/newshop/177/TypeGoods?type2=5425&type1=5962&type0=5986&pageIndex=0&goodId=46137,無,https://pshop.myqr.com.tw/qrssimage/GoodsImage/125/125591.jpg?77
4710940006722,吃果籽愛文翡翠吸凍飲/220g,常溫食品,休閒食品,糖果/果凍/豆乾,無,39,0.0,96,豐喜食品,品名: 大苑子 X 吃果籽手搖風味吸凍飲 - 愛文翡翠 成份: 水、砂糖、愛文芒果原汁、綠茶濃縮液、調味劑(檸檬酸、檸檬酸鉀、檸檬酸鈉)、粘稠劑(鹿角菜膠、刺槐豆膠)、天然香料、蒟蒻粉. 過敏原資訊:本產品含芒果及其製品對其過敏體質者可能導致過敏症狀. 本產品製造廠房及設備有處理過牛奶、椰子、蛋、魚膠原蛋白、大豆及其製品. 內容量: 220 公克 x24 杯 保存期限: 12 個月(未開封) 有效日期: 標示於盒上(西元年 / 月 / 日) 出品人: 大苑子開發股份有限公司 地址: 彰化縣大村鄉黃厝村美港路 412 號 製造廠商 豐喜食品股份有限公司 地址: 雲林縣斗六市工業路 118 號 消費者專線: 0800-393998 注意事項: 1.因無添加保色劑、顏色可能會隨時日產生變化、屬正常現象、請安心食用. 2.可常溫保存、請放置於陰涼處、物直射陽光. 食用警語:老人及兒童食用時、請大人陪伴分段進食,無,https://s1.myqr.com.tw/newshop/177/TypeGoods?type2=5425&type1=5962&type0=5986&pageIndex=0&goodId=47728,無,https://pshop.myqr.com.tw/qrssimage/GoodsImage/130/130063.jpeg?77
4710940005671,吃果籽葡萄果愛玉吸凍飲/220g,常溫食品,休閒食品,糖果/果凍/豆乾,無,39,0.0,82,豐喜食品,品名:果籽葡萄愛玉吸凍飲 成分:水、愛玉凍(水、愛玉子)、砂糖、紅葡萄濃縮汁、調味劑(DL- 蘋果酸、檸檬酸鉀、檸檬酸鈉)、粘稠劑(鹿角菜膠、刺槐豆膠)、天然香料、蒟蒻粉. 淨重:(220 公克 / 杯)&times;3 杯 製造及有效日期:標示於杯身 保存期限:12 個月 葷素類別:全素 保存條件:可常溫保存、請放置於陰涼處、勿直射陽光! 食用警語:老人及兒童食用時、請大人陪伴分段進食! 原產地:台灣 過敏原資訊:本產品製造廠房及設備有處理過牛奶、芒果、椰子、蛋、魚膠原蛋白、大豆及其製品.,無,https://s1.myqr.com.tw/newshop/177/TypeGoods?type2=5425&type1=5962&type0=5986&pageIndex=0&goodId=46142,無,https://pshop.myqr.com.tw/qrssimage/GoodsImage/125/125555.jpg?77
4710940006265,吃果籽蜜桃烏龍吸凍飲/220g,常溫食品,休閒食品,糖果/果凍/豆乾,無,39,0.0,108,豐喜食品,品名:吃果籽蜜桃烏龍吸凍飲 成分:水、砂糖、冰糖、水蜜桃濃縮汁、烏龍茶濃縮液、調味劑(檸檬酸、檸檬酸鉀、檸檬酸鈉)、香料、粘稠劑(鹿角菜膠、刺槐豆膠)、蒟蒻粉、維生素 C(抗氧化劑). 淨重:220 公克&times;3 杯 原產地:台灣 有效日期:標示於盒上(西元年 / 月 / 日) 葷素類別:全素 保存期限:12 個月(未開封) 保存條件:可常溫保存、請放置於陰涼處、勿直射陽光! 食用方法:直接插入吸管即可食用;冷藏食用風味更佳. 注意事項:因無添加保色劑、顏色可能會隨時日產生變化、屬正常現象、請安心食用. 食用警語:老人及兒童食用時、請大人陪伴分段進食! 過敏原資訊:本產品製造廠房及設備有處理過牛奶、芒果、椰子、蛋、魚膠原蛋白、大豆及其製品.,無,https://s1.myqr.com.tw/newshop/177/TypeGoods?type2=5425&type1=5962&type0=5986&pageIndex=0&goodId=46143,無,https://pshop.myqr.com.tw/qrssimage/GoodsImage/125/125550.jpg?13
4710940005565,吃果籽檸檬果汁蒟蒻/20g*12入,常溫食品,休閒食品,糖果/果凍/豆乾,無,69,0.0,21,豐喜食品,品名:吃果籽檸檬果汁蒟蒻 成分:水、砂糖、檸檬汁(檸檬汁、DL- 蘋果酸)、檸檬酸鉀、 粘稠劑(鹿角菜膠、玉米糖膠)、蒟蒻粉、天然香料、乳酸鈣. 淨重:240 公克(20 公克 / 袋)&times;12 袋 製造及有效日期:標示於外包裝袋上 保存期限:12 個月 葷素類別:全素 保存條件:可常溫保存、請放置於陰涼處、勿直射陽光! 食用警語:老人及兒童食用時、請大人陪伴分段進食! 原產地:台灣 過敏原資訊:本產品製造廠房及設備有處理過牛奶、芒果、椰子、蛋及其製品.,無,https://s1.myqr.com.tw/newshop/177/TypeGoods?type2=5425&type1=5962&type0=5986&pageIndex=0&goodId=46138,無,https://pshop.myqr.com.tw/qrssimage/GoodsImage/125/125587.jpg?96
4710940005244,吃果籽檸檬愛玉吸凍飲/220g,常溫食品,休閒食品,糖果/果凍/豆乾,無,39,0.0,90,豐喜食品,品名:吃果籽檸檬愛玉吸凍飲 成分:水、愛玉凍(水、愛玉子)、砂糖、檸檬果汁(檸檬原汁、糖、DL- 蘋果酸、鹽)、粘稠劑(鹿角菜膠、刺槐豆膠)、天然香料、調味劑(檸檬酸鉀、檸檬酸鈉)、蒟蒻粉. 淨重:(220 公克 / 杯)*3 杯 製造及有效日期:標示於杯上 保存期限:12 個月 葷素類別:全素 保存條件:可常溫保存、請放置於陰涼處、勿直射陽光! 食用警語:老人及兒童食用時、請大人陪伴分段進食! 原產地:台灣 過敏原資訊:本產品製造廠房及設備有處理過牛奶、芒果、椰子、蛋、魚膠原蛋白、大豆及其製品.,無,https://s1.myqr.com.tw/newshop/177/TypeGoods?type2=5425&type1=5962&type0=5986&pageIndex=0&goodId=46133,無,https://pshop.myqr.com.tw/qrssimage/GoodsImage/125/125569.jpg?96
4712803904589,香橙片/150g,常溫食品,休閒食品,糖果/果凍/豆乾,無,175,0.0,26,宏宇農產,【商品名稱】香橙片 【產品成分】柳橙、糖、鹽 【產品規格】150g 【保存期限】240 天(未開封) 【保存方法】請存放於室溫、通風陰冷環境保存、請勿置於高溫、潮濕、日光直射之場所、開封後請置於冰箱冷藏、並於一週內食用完畢. 【食用方法】開封後即可食用. 【素食類型】純素 【過敏原】 【產地】台灣,無,https://s1.myqr.com.tw/newshop/177/TypeGoods?type2=5425&type1=5962&type0=5986&pageIndex=0&goodId=46323,無,https://pshop.myqr.com.tw/qrssimage/GoodsImage/126/126301.jpg?33
4719859743476,康健昆布條/200g,常溫食品,休閒食品,糖果/果凍/豆乾,無,220,0.0,6,有機園,成份:海帶、糖、麥芽糖、醬油、鹽、食醋、辣椒 食品添加物:甘油 規格:200g/ 包 產地:台灣 保存期限:10 個月 保存方式:請放置陰涼乾燥處、避免陽光直射. 過敏源資訊:本品含有醬油(麩質穀物與大豆製品) 注意事項:本產品以新鮮昆布製成、乾燥後表面會析出白色胺基酸粉末為正常情形、不影響品質、可安心食用. 廠商名稱:有幾園生物科技股份有限公司 廠商電話:04-26399889 廠商地址:435 台中市梧棲區港埠路一段 537 號 食品登入字號:B-116264386-00000-5 【本產品已投保富邦產品責任險 2000 萬】投保金額不等同理賠金額 其他應揭露事項:購買食品類商品、因商品效期長短不一、自消費者收受日計算起商品確保最少 60 日以上有效日期 備註:產品資訊若與包裝上略有差異時、以實際包裝上標示為準,無,https://s1.myqr.com.tw/newshop/177/TypeGoods?type2=5425&type1=5962&type0=5986&pageIndex=0&goodId=29116,無,https://pshop.myqr.com.tw/qrssimage/GoodsImage/68/68556.jpg?33
4715466101180,祥記梅糖(軟)/80g,常溫食品,休閒食品,糖果/果凍/豆乾,無,160,0.0,36,祥記,【食品業者登錄字號】A123886760-00000-8 【投保產品責任險公司與字號】新光產險 130006AKP0000287 【製造廠商或國內負責廠商名稱】崇贏實業股份有限公司 【製造廠商或國內負責廠商電話】02-28276918 【製造廠商或國內負責廠商地址】台北市北投區尊賢街 218 巷 42 號 1 樓 【食物過敏原標示】含有大豆及其製品 【葷 / 純素 / 奶蛋素】純素 【內容物成份】砂糖、麥芽糖、棕櫚仁油、青梅精、酵素膏、大豆卵磷脂 【內容量(重量)】100g 【保存期限(總效期)】一年半 【產地】:台灣,無,https://s1.myqr.com.tw/newshop/177/TypeGoods?type2=5425&type1=5962&type0=5986&pageIndex=0&goodId=29677,無,https://pshop.myqr.com.tw/qrssimage/GoodsImage/130/130108.jpeg?33
4715466101173,祥記梅糖(硬)/80g,常溫食品,休閒食品,糖果/果凍/豆乾,無,160,0.0,24,祥記,臺灣態度、堅持 當一切都在快速改變時、我們能留住什麼? 傳承三代一個對家的情感、一份來自臺灣土地的尊重. 我們堅持做「對」的事情、留住祖先的智慧、傳承值得代代相傳的觀念. 堅持自然農法的種植、到生產百分百的無添加產品、 都希望能夠傳達「人情味、天然的最好、用心做事」的理念、 以「在地生產在地人吃」的概念、深耕台灣優質好農產業.,無,https://s1.myqr.com.tw/newshop/177/TypeGoods?type2=5425&type1=5962&type0=5986&pageIndex=0&goodId=46338,無,https://pshop.myqr.com.tw/qrssimage/GoodsImage/126/126319.jpeg?68
4715466101104,祥記梅糖(硬)-抹茶口味/100g,常溫食品,休閒食品,糖果/果凍/豆乾,無,136,0.0,6,祥記,成分:砂糖、麥芽糖、青梅精、抹茶粉、蘋果酸 保存期限:18 個月(標示於包裝上) 保存方法:請置於陰涼乾燥處、避免陽光直射. 原產地:台灣 本商品投保產物險:新光產險 / 產品責任險 2000 萬 規格型號 100g,無,https://s1.myqr.com.tw/newshop/177/TypeGoods?type2=5425&type1=5962&type0=5986&pageIndex=0&goodId=46339,無,https://pshop.myqr.com.tw/qrssimage/GoodsImage/126/126322.jpeg?68
4715466100220,祥記紫蘇梅/720g,常溫食品,休閒食品,糖果/果凍/豆乾,無,409,0.0,9,祥記,**祥記紫蘇梅** 以自然農法用心栽培的台灣青梅、傳承日本古法釀造、低鹽醃漬. 不經漂水處理、不添加任何人工甘味、色素及防腐劑、完整保存青梅果物的營養元素. 靜待一年的熟成才能吃得到的陳釀紫蘇梅、絕非一般調味蜜餞、讓您吃得安心、無負擔.,無,https://s1.myqr.com.tw/newshop/177/TypeGoods?type2=5425&type1=5962&type0=5986&pageIndex=0&goodId=29671,無,https://pshop.myqr.com.tw/qrssimage/GoodsImage/70/70900.jpg?68
4710097111959,麻卡多軟糖/220g,常溫食品,休閒食品,糖果/果凍/豆乾,無,170,0.0,70,源順,【源順】麻卡多軟糖 產品容量:220 公克╱包 (220 公克 / 約 11 小塊 / 包) 成份說明:麥芽、黑芝麻、燕麥粉、葵花油、鹽〔微量〕.全素食、生機健康產品.高濃度芝麻、每塊芝麻糖均為粒粒精選絕對新鮮芝麻. 產品說明: 口感香純、風味十足.採購精選經本廠檢驗通過酸價及黃麴毒素化驗之新鮮芝麻顆粒、並以傳統麥芽調製而成、不使用一般糖.健康有概念.風味絕佳不太甜又不黏牙.香氣口感十足、讓你越吃越順口.絕不採用氫化油脂及添加防腐劑. 購物滿 1500 元以上即可享免運費優惠.〔限台灣本島、外島地區運費另計〕宅配服務、貨送到家、收貨付款方便. 〔保存期限:180 天〕,無,https://s1.myqr.com.tw/newshop/177/TypeGoods?type2=5425&type1=5962&type0=5986&pageIndex=0&goodId=29647,無,https://pshop.myqr.com.tw/qrssimage/GoodsImage/70/70774.png?52
4712803905234,寒天麻辣蒟蒻干/100g,常溫食品,休閒食品,糖果/果凍/豆乾,無,143,0.0,57,宏宇農產,商品名稱】寒天麻辣蒟蒻乾 【產品成分】寒天、蒟蒻、辣椒粉、花椒、鹽、糖、醬油、氫氧化鈣、酵母. 【產品規格】100g 【保存期限】240 天 【保存方法】存放於通風陰冷環境保存、請勿置於高溫、潮濕、日光直射之場所、開封後請置於冰箱冷藏、並於一周內食用完畢. 【食用方法】開封後即可食用. 【素食類型】純素 【過敏原】本產品含大豆及其製品 【產地】台灣,無,https://s1.myqr.com.tw/newshop/177/TypeGoods?type2=5425&type1=5962&type0=5986&pageIndex=0&goodId=46324,無,https://pshop.myqr.com.tw/qrssimage/GoodsImage/126/126303.jpg?52
4712070493267,黑糖餅/250g,常溫食品,休閒食品,糖果/果凍/豆乾,無,95,0.0,86,無,黑糖餅 /250g,無,https://s1.myqr.com.tw/newshop/177/TypeGoods?type2=5425&type1=5962&type0=5986&pageIndex=0&goodId=47367,無,https://pshop.myqr.com.tw/qrssimage/GoodsImage/128/128711.png?87
4712803905418,鳳梨乾/150g,常溫食品,休閒食品,糖果/果凍/豆乾,無,175,0.0,6,宏宇農產,【商品名稱】鳳梨干 【產品成分】新鮮鳳梨、糖 【產品規格】150g 【保存期限】240 天 【保存方法】請存放於 25°C 以下通風陰冷環境保存、請勿置於高溫、潮濕、日光直射之場所. 【食用方法】開封後即可食用. 【素食類型】純素 【過敏原】無 【產地】台灣,無,https://s1.myqr.com.tw/newshop/177/TypeGoods?type2=5425&type1=5962&type0=5986&pageIndex=0&goodId=46325,無,https://pshop.myqr.com.tw/qrssimage/GoodsImage/126/126306.jpg?87
4710887890026,潤喉珠/60粒,常溫食品,休閒食品,糖果/果凍/豆乾,無,135,0.0,40,五味堂,潤喉珠新包裝白色瓶身(圖片 4) 五味堂潤喉珠 60 粒 成分:陳皮、羅漢果、澎大海、麥門冬、甘草、烏梅、百合、菊花、薄荷、蜂蜜 五味堂潤喉錠約 28 克 成分:陳皮、羅漢果、胖大海、麥門冬、甘草、烏梅、百合、菊花、薄荷 食用方法: 一次一粒、口含慢慢溶化、一天 6-8 粒.,無,https://s1.myqr.com.tw/newshop/177/TypeGoods?type2=5425&type1=5962&type0=5986&pageIndex=0&goodId=46948,無,https://pshop.myqr.com.tw/qrssimage/GoodsImage/126/126673.png?87
4712803904565,魯香蒟蒻干/100g,常溫食品,休閒食品,糖果/果凍/豆乾,無,143,0.0,15,宏宇農產,商品名稱】魯香蒟蒻乾 【產品成分】蒟蒻、糖、醬油、鹽、五香粉(大茴、小茴、丁香、肉桂)、胡椒粉、酵母抽出物、氫氧化鈣. 【產品規格】100g 【保存期限】240 天 【保存方法】請存放於通風陰冷環境保存、請勿置於高溫、潮濕、日光直射之場所、開封後請置於冰箱冷藏、並於一周內食用完畢. 【食用方法】開封後即可食用. 【素食類型】純素 【過敏原】本產品含大豆及其製品 【產地】台灣,無,https://s1.myqr.com.tw/newshop/177/TypeGoods?type2=5425&type1=5962&type0=5986&pageIndex=0&goodId=46322,無,https://pshop.myqr.com.tw/qrssimage/GoodsImage/126/126299.png?71
4712304260856,龜苓膏軟飴/350g,常溫食品,休閒食品,糖果/果凍/豆乾,無,165,0.0,16,食鼎,商品描述 純素、不黏牙、不添加防腐劑成份:麥芽糖、鹿角菜膠、洋菜、仙草粉、焦糖色素、椰子油規格:350g 保存期限:12 年個月 產地:台灣 保存方式:請置於陰涼乾燥處、避免置於高溫、潮濕及日光直射處. 營養標示:(每一份 10 公克本包裝含 35 份 / 每份) 熱量 36 大卡 蛋白質 0 公克 脂肪 0 公克 飽和脂肪酸 0 公克 反式脂肪酸 0 公克 碳水化合物 9 公克 糖 4 公克 鈉 2 毫克,無,https://s1.myqr.com.tw/newshop/177/TypeGoods?type2=5425&type1=5962&type0=5986&pageIndex=0&goodId=46313,無,https://pshop.myqr.com.tw/qrssimage/GoodsImage/126/126281.jpeg?8
4719859741540,康健金牌黑棗(去籽)/300g,常溫食品,休閒食品,果乾,無,280,0.0,52,有機園,★特選加州頂級黑棗、採用獨家專利去籽技術 ★新鮮採收新鮮製作、果肉完整多汁美味 ★黑棗素有生命之果的美稱富含膳食纖維與果膠 ★無色素香料、每天 8-10 顆長保順暢喔! 商品詳細介紹: 黑棗&hellip;有人說它是加州梅&hellip;有人稱它黑棗梅.它就是纖維含量很高、美國醫生推薦給病人日常食用、幫助排便順暢與營養補充的好水果.每天吃一些就能補充到日常需要的纖維素!超市賣場處處都可以看到這種果乾、但是請選購我們『康健生機加州金牌去籽黑棗』1 包吃吃看、您一定會感嘆、真是美味! 商品特色 本產品 -- 特選加州頂級黑棗、新鮮採收新鮮製作、每一顆都多汁美味、營養完整.黑棗素有「生命之果」的美稱、果實中含有豐富膳食纖維、果膠、維生素與礦物質、低鈉零膽固醇無脂肪、每天食用 8-10 顆、有幫助維持消化道機能及調理體質的功能. ★食用方式 打開即可食用、或製作糕餅點心添加. 品牌 : 康健生機 成分: 加州去籽黑棗(注意看看營養成分標示膳食纖維鈣質質維生素、營養補充很棒喔!) 內容量: 300/ 包 保存期限: 12 個月 保存方式: 避免陽光直射、請放置陰涼乾燥處.未開封時、可放置陰涼清爽處、開封後請儘速食用. 營養標示份量: 每 100 公克 熱量: 262.8 大卡 蛋白質: 3.0 公克 脂肪: 0 公克 飽和脂肪: 0 公克 反式脂肪: 0 公克 碳水化合物: 62.7 公克 鈉: 4 毫克 膳食纖維: 8.1 公克 鈣: 51 毫克 鐵: 2.5 毫克 維生素 A: 633IU(國際單位) 維生素 C: 3.3 毫克 膽固醇: 0 毫克 其他成份: 鉀 752 毫克 箱入數: 12 包 / 箱 備註: 營養標示數據若與包裝上略有差異時、以實際包裝上標示為準.本產品已投保富邦產物責任險 2000 萬、請安心食用.,無,https://s1.myqr.com.tw/newshop/177/TypeGoods?type2=5425&type1=5962&type0=5988&pageIndex=0&goodId=29133,有機園,https://pshop.myqr.com.tw/qrssimage/GoodsImage/81/81012.png?8
4719859743339,康健美麗果蔓越莓乾(全果粒)/200g,常溫食品,休閒食品,果乾,無,280,0.0,37,有機園,【商品特色】 ★選用北美濕地未榨果汁蔓越莓果製作 ★每 10kg 鮮果產出約 1kg 果乾 ★果實中含有酮、花色素、花青素 ★果肉香 Q 天然美味 ★無糖精、防腐劑、人工色素 選用北美濕地、未經壓榨果汁新鮮蔓越莓果、低糖浸漬酸甜順口、果肉香 Q 天然美味. 每 10kg 鮮果產出約 1kg 果乾、最完整的營養素保留. 如紅寶石般的蔓越莓、果實中豐富的多酚與膳食纖維、是女性保養聖品. 果實中含有大量的酮、花色素、花青素、以及一種特殊的化合物 - 濃縮單寧酸. 製作過程中、絕無添加 - 糖精、防腐劑、人工色素. 【品牌】 康健生機 【規格】 規格:200g/ 包 【產地】 美國 【使用方法】 保存方式:避免陽光直射、請放置陰涼乾燥處.未開封時、可放置陰涼清爽處、開封後請儘速食用. 【商品成分╱食品添加物╱營養標示】 商品成分:如上圖 營養標示:如上圖 【廠商資訊:名稱╱電話╱地址】 名稱:有幾園生物科技股份有限公司 電話:(04)2639-9889 地址:台中市梧棲區港埠路一段 537 號 【產地】 美國 【產品責任險】投保金額非為理賠金額 富邦產品責任險投保字號:富邦 0504 字第 21AML0001931 號 【本產品已投保富邦產品責任險 2000 萬】投保金額不等同理賠金額 【食品登錄字號】 B-116264386-00000-5,無,https://s1.myqr.com.tw/newshop/177/TypeGoods?type2=5425&type1=5962&type0=5988&pageIndex=0&goodId=29132,無,https://pshop.myqr.com.tw/qrssimage/GoodsImage/81/81013.png?43
4719859744107,康健雙采ˋ果乾/280g,常溫食品,休閒食品,果乾,無,280,0.0,25,有機園,康健生機.雙采果乾 嚴選超 Q 完整果粒的蔓越莓、配上葡萄乾與青提子、 讓口感呈現更多變化、每一口都能享受不同的滋味. 雙采果乾含豐富的多種營養與膳食纖維、 可促進腸道蠕動、增加飽足感、是隨時補充能量的最佳選擇. 重量 / 容量:280g 內容物:葡萄乾(智利)、蔓越莓(北美)、青堤子(中國) 原產地(國):葡萄乾(智利)、蔓越莓(北美)、青堤子(中國) 有效期限:425 天 食用方式:開封後可直接食用 保存方式:常溫 注意事項:避免陽光直射、請放置陰涼乾燥處、開封後請冷藏. 廠商名稱:有幾園生物科技股份有限公司 廠商電話:04-26399889 廠商地址:435 台中市梧棲區港埠路一段 537 號 食品登入字號:B-116264386-00000-5,無,https://s1.myqr.com.tw/newshop/177/TypeGoods?type2=5425&type1=5962&type0=5988&pageIndex=0&goodId=29136,無,https://pshop.myqr.com.tw/qrssimage/GoodsImage/81/81011.png?43
4710587840284,梅香莊梅干/85g,常溫食品,休閒食品,果乾,無,120,0.0,89,梅香莊,商品特色 / 製程 / 規格 【商品特色】 採用台灣本土青梅製作、有籽、不含糖精、甜精、人工色素、漂白劑及防腐劑 而且無農藥殘留、出貨前還會通過金屬探測機的檢測、讓消費者能更加安心食用、 已通過美國 FDA 及日本厚生省嚴格檢驗. 不似市售酸梅習慣以厚厚一層糖粉調味、極品梅干清淡爽口、 因為有果核梅肉較少、口感也比&quot;極品梅肉&quot;要酸一些、 吃得到青梅應有的風味、也確實能解膩發止渴. 除了當提神止渴的零嘴外、也可放入綠茶自製健康梅子綠茶 是夏天不可或缺的消暑飲品、自製的也喝得安心. 此外、夾鏈式的代扣設計便於保存食用、也不怕受潮走味、本商品不添加阿斯巴甜、 特別使用蔗糖素作為甜味劑、蔗糖素是一種價格十分昂貴的蔗糖轉化無熱量代糖、 梅香莊為台灣唯一使用蔗糖素之酸梅製造廠. [生產資訊] 生產商:梅香莊企業有限公司 地址:彰化縣員林鎮崙雅巷 8-20 號 電話:(04)831-3233 工廠登記證:99-679006-01 經銷商:大匠文創整合行銷有限公司 地址:台北市松江路 42 號 11 樓之 4 統編:54643233 電話:02-2536-7238,無,https://s1.myqr.com.tw/newshop/177/TypeGoods?type2=5425&type1=5962&type0=5988&pageIndex=0&goodId=29601,無,https://pshop.myqr.com.tw/qrssimage/GoodsImage/70/70645.jpg?27
4710587840383,梅香莊梅肉/55g,常溫食品,休閒食品,果乾,無,120,0.0,68,梅香莊,產品介紹: 採用台灣本土青梅製作、無籽、微酸微鹹、梅味香甜 產品特色: 無添加阿斯巴甜、糖精、甜精、防腐劑、漂白劑且無農藥及重金屬殘留. 通過美國 FDA 及日本厚生省嚴格檢驗 補充說明: 成分:梅、鹽、蔗糖素(甜味劑)、甘草 *蔗糖素為一種價格十分昂貴的蔗糖轉化無熱量代糖* *梅香莊為台灣唯一使用蔗糖素之酸梅製造廠* *梅子上的白色粉末為鹽巴及甘味料的結晶物 對品質沒有任何影響 敬請安心食用* Q:孕婦可以吃嗎? A:梅香莊的梅子系列產品、調味時皆有加極微量的甘草、如果以報導文中的劑量來計算、一個孕婦大約要每周吃下 100 公斤(約 5 萬顆)的梅子、才可能造成影響 任何的食品、過與不及對身體都不好、就算是燕窩魚翅、也不宜攝取過量. 本產品已投保產品責任險一千萬元正 保存期限:1 年 [生產資訊] 生產商:梅香莊企業有限公司 地址:彰化縣員林鎮崙雅巷 8-20 號 電話:(04)831-3233 工廠登記證:99-679006-01 經銷商:大匠文創整合行銷有限公司 地址:台北市松江路 42 號 11 樓之 4 統編:54643233 電話:02-2536-7238,無,https://s1.myqr.com.tw/newshop/177/TypeGoods?type2=5425&type1=5962&type0=5988&pageIndex=0&goodId=29605,無,https://pshop.myqr.com.tw/qrssimage/GoodsImage/70/70660.jpg?63
4715466100213,祥記紫蘇梅包/220g,常溫食品,休閒食品,果乾,無,200,0.0,27,祥記,【食品業者登錄字號】A123886760-00000-8 【投保產品責任險公司與字號】新光產險 130006AKP0000287 【製造廠商或國內負責廠商名稱】崇贏實業股份有限公司 【製造廠商或國內負責廠商電話】02-28276918 【製造廠商或國內負責廠商地址】台北市北投區尊賢街 218 巷 42 號 1 樓 【食物過敏原標示】無 【葷 / 純素 / 奶蛋素】純素 【內容量(重量)】220g 【產地】:台灣,無,https://s1.myqr.com.tw/newshop/177/TypeGoods?type2=5425&type1=5962&type0=5988&pageIndex=0&goodId=29669,無,https://pshop.myqr.com.tw/qrssimage/GoodsImage/70/70884.jpg?63
4715466300040,祥記薰梅果/8g(16粒),常溫食品,休閒食品,果乾,無,180,0.0,25,祥記,將青梅精使用山藥粉及蜂蜜塑形而成、加入烏梅提味、減少食用青梅精時對味道的不確定性、讓食用者更容易接受、也因為丸形的設計、大大的增加外出食用的便利性. 有層次的梅精、取八分熟青梅、平鋪在焙炕上.以龍眼木為柴低溫燻製、手工翻動、水分均勻收乾.經過悶燻與人工照料、製成烏梅、另外再萃取 99% 青梅精華、將兩者融合成小顆粒狀、幫助消化、方便攜帶. 商品品名:祥記熏梅果 16 粒 / 包 商品規格:16 粒 / 包 商品重(容)量:16 粒 / 包 內容物名稱(成分):烏梅、蜂蜜、青梅精、山藥 原產地(國):台灣 備註欄:有效日期、商品成分及相關資訊以包裝上為主,無,https://s1.myqr.com.tw/newshop/177/TypeGoods?type2=5425&type1=5962&type0=5988&pageIndex=0&goodId=47334,歐特 慈心驗證 慈心認證 慈心有機驗證,https://pshop.myqr.com.tw/qrssimage/GoodsImage/128/128629.jpg?63
4712834523025,歐特滿分優果-有機全果蔓越莓乾(袋裝)/100g,常溫食品,休閒食品,果乾,無,200,0.0,-18,歐特,品名:有機全果蔓越莓乾 內容物:有機蔓越莓乾(有機蔓越莓、有機糖、有機葵花油) 淨重:100 公克 保存期限:12 個月(未開封) 保存方式:請存放於陰涼乾燥處、開封後請儘快食用完畢. 原產地:加拿大 營養標示每一份量 20 公克本包裝含 5 份 每份每 100 公克 熱量 73 大卡 363 大卡 蛋白質 0.1 公克 0.6 公克 脂肪 0.3 公克 1.5 公克 飽和脂肪 0 公克 0 公克 反式脂肪 0 公克 0 公克 碳水化合物 17.3 公克 86.7 公克 糖 14.2 公克 71.1 公克 鈉 11 毫克 53 毫克 正原有機國際有限公司 (02)2957-6628 新北市板橋區信義路 163 巷 5 號 10 樓 慈心有機驗證股份有限公司驗證 驗證證書字號:1-009-210078,無,https://s1.myqr.com.tw/newshop/177/TypeGoods?type2=5425&type1=5962&type0=5988&pageIndex=0&goodId=33174,歐特 慈心驗證 慈心認證 慈心有機驗證,https://pshop.myqr.com.tw/qrssimage/GoodsImage/79/79937.jpg?98
4712834523032,歐特滿分優果有機綜合堅果乾(袋裝)/100g,常溫食品,休閒食品,果乾,無,200,0.0,36,歐特,商品規格 ●100g/ 包 購買注意事項 本產品有堅果種子類及其製品、不適合其過敏體質者食用. 本產品生產製程廠房、其設備或生產管線有處理堅果種子類、含有麩質的穀類、大豆、芝麻及其製品. 本產品部份內容物以機器去殼、偶有去殼不完全現象、食用時請注意. 本產品內含果乾、會造成堅果脆度不一、此屬正常現象、敬請安心食用. 內含脫氧劑請勿食用.,無,https://s1.myqr.com.tw/newshop/177/TypeGoods?type2=5425&type1=5962&type0=5988&pageIndex=0&goodId=46220,歐特 慈心驗證 慈心認證 慈心有機驗證,https://pshop.myqr.com.tw/qrssimage/GoodsImage/125/125956.jpg?98
4712304063031,櫻桃番茄乾/150g,常溫食品,休閒食品,果乾,無,150,0.0,14,食鼎,品名 - 櫻桃番茄乾 成分:番茄、糖、鹽 重量:150g 保存期限:6 個月 總代理:食鼎企業股份有限公司 開封應於一周內食用完畢以保新鮮、未食用完或長時間不食用請置於冰箱冷藏以保新鮮口感! ★台灣在地新鮮採收番茄製成 ★果肉飽滿厚實、酸甜好滋味 ★口感軟而不膩、吃得到纖維 ★低溫烘焙、保留茄紅素營養 ★無色素、無香料、無防腐劑,無,https://s1.myqr.com.tw/newshop/177/TypeGoods?type2=5425&type1=5962&type0=5988&pageIndex=0&goodId=46312,無,https://pshop.myqr.com.tw/qrssimage/GoodsImage/126/126280.jpeg?82
4712304263062,植物肉條/200g,常溫食品,休閒食品,植物肉,無,150,0.0,10,食鼎,品名:植物肉條 - 原味 成份:組織化植物蛋白(非基因改造小麥蛋白、非基因改造玉米澱粉、棕櫚油)、砂糖、醬油、食鹽、D- 山梨醇液、酵母抽出物、甘草粉、黑胡椒粉、香料、檸檬酸、黑胡椒粒、辣椒粉、花椒粉、琥珀酸二納(調味劑). 重量:200 公克 保存方法:請置於陰涼乾燥處、避免高溫、潮溼及日曬場所、開封後密封冷藏保存、並儘早食用完畢. 保存期限:6 個月 產地:台灣 營養標示每一份量 20 公克本包裝含 10 份 每份每 100 公克 熱量 79 大卡 394 大卡 蛋白質 5.9 公克 29.5 公克 脂肪 2.5 公克 12.3 公克 飽和脂肪 0.6 公克 3.0 公克 反式脂肪 0.0 公克 0 公克 碳水化合物 8.2 公克 41.2 公克 糖 3.7 公克 18.6 公克,無,https://s1.myqr.com.tw/newshop/177/TypeGoods?type2=5425&type1=5962&type0=7873&pageIndex=0&goodId=47368,無,https://pshop.myqr.com.tw/qrssimage/GoodsImage/128/128715.png?82
4712304263079,植物辣肉條/200g,常溫食品,休閒食品,植物肉,無,150,0.0,2,食鼎,品名:植物肉條 - 辣味 成份:組織化植物蛋白(非基因改造小麥蛋白、非基因改造玉米澱粉、棕櫚油)、砂糖、醬油、食鹽、D- 山梨醇液、酵母抽出物、甘草粉、黑胡椒粉、香料、檸檬酸、黑胡椒粒、辣椒粉、花椒粉、琥珀酸二納(調味劑). 重量:200 公克 保存方法:請置於陰涼乾燥處、避免高溫、潮溼及日曬場所、開封後密封冷藏保存、並儘早食用完畢. 保存期限:6 個月 產地:台灣 營養標示每一份量 20 公克本包裝含 10 份 每份每 100 公克 熱量 79 大卡 394 大卡 蛋白質 5.9 公克 29.5 公克 脂肪 2.5 公克 12.3 公克 飽和脂肪 0.6 公克 3.0 公克 反式脂肪 0.0 公克 0 公克 碳水化合物 8.2 公克 41.2 公克 糖 3.7 公克 18.6 公克,無,https://s1.myqr.com.tw/newshop/177/TypeGoods?type2=5425&type1=5962&type0=7873&pageIndex=0&goodId=47369,無,https://pshop.myqr.com.tw/qrssimage/GoodsImage/128/128714.png?18
4712511471236,米森有機加州甜杏仁/150g,常溫食品,堅果食品,堅果,無,315,0.0,15,米森,米森有機加州甜杏仁 嚴選有機食品、完全採用有機農法種植作物、不使用農藥、化學肥料及任何人工添加物、完整保留有機食品的天然成份、照顧全家人的身體、也愛護地球的每一寸土地. 有機農法:回歸大地最純淨的生命力為宗旨!從嚴格選種開始、到淨化土壤的管理、使大地不受重金屬、化肥、農藥、及除草劑的汙染、給予人們無汙染及最有生命力的作物、使身體遠離現代精緻飲食及化學添加物所帶來的負擔. 【商品規格】 原料:有機加州甜杏仁 驗證單位:慈心有機驗證股份有限公司 有機農產品驗證證書字號:1-009-210002 規格:150 公克 保存期限:12 個月(未開封前) 保存方式:避免日光直射、置於陰涼乾燥處、開封後請冷藏並請儘快食用完畢 原產地:台灣 【青荷御膳房】 生菜沙拉:輕烘焙、可直接加州甜杏仁放入生菜沙拉食用或當零嘴食用. 炒鍋煮法:將加州甜杏仁直接放入鍋中、並加入適量「蜂蜜、有機糖或鹽」、用中火翻炒約 5~8 分鐘後即可食用. 烤箱煮法:將加州甜杏仁直接攪拌適量的「蜂蜜、有機糖或鹽」後、放入烤盤、以中熱度烘烤約 3~4 分鐘後、即可食用. 產品內容物與規格說明 / 保固資訊 1.品名:【米森】有機加州甜杏仁 2.淨重、容量:150g 3.食品添加物名稱:無 4 原產地:美國 5.保存期限:12 個月 委託工廠:簡單生活開發有限公司 (通過國際 ISO22000 及 HACCP 食品安全認證) 地址:桃園市龜山區南上路 386 巷 1 號 電話:03-3590035 驗證單位:慈心有機驗證股份有限公司 有機農產品驗證證書字號:1-009-210002 ◆產品資訊若與包裝上略有差異時、以實際包裝上標示為準 青荷國際有限公司 地址:桃園市龜山區振興路 1165-1 號 電話:03-3594557 &middot;產地:台灣 【營養標示】 每一份量 30 公克、本包裝含 5 份 每份 每 100 公克 熱量 182 大卡 607 大卡 蛋白質 8.2 公克 27.3 公克 脂肪 14.3 公克 47.8 公克,無,https://s1.myqr.com.tw/newshop/177/TypeGoods?type2=5425&type1=5963&type0=5987&pageIndex=0&goodId=28555,青荷 慈心驗證 慈心認證 慈心有機驗證,https://pshop.myqr.com.tw/qrssimage/GoodsImage/66/66346.jpg?2
4712511471205,米森有機南瓜子/350g,常溫食品,堅果食品,堅果,無,285,0.0,13,米森,米森有機南瓜子仁 嚴選有機食品、完全採用有機農法種植作物、不使用農藥、化學肥料及任何人工添加物、完整保留有機食品的天然成份、照顧全家人的身體、也愛護地球的每一寸土地. 有機農法:回歸大地最純淨的生命力為宗旨!從嚴格選種開始、到淨化土壤的管理、使大地不受重金屬、化肥、農藥、及除草劑的汙染、給予人們無汙染及最有生命力的作物、使身體遠離現代精緻飲食及化學添加物所帶來的負擔. 【商品規格】 原料:有機南瓜子 驗證單位:慈心有機驗證股份有限公司 有機農產品驗證證書字號:1-009-210002 規格:350 公克 保存期限:12 個月(未開封前) 保存方式:避免日光直射、置於陰涼乾燥處、開封後請冷藏並請儘快食用完畢 原產地:中國 【營養標示】 每一份量 35 公克、本包裝含 10 份 每份 每 100 公克 熱量 205 大卡 589 大卡 蛋白質 8.8 公克 25 公克 脂肪 16.1 公克 46 公克 飽和脂肪 3.2 公克 9.0 公克 反式脂肪 0.0 公克 0.0 公克 碳水化合物 6.3 公克 18 公克 糖 0.4 公克 1.0 公克 鈉 6 毫克 18 毫克 ※營養標示數據若與包裝上略有差異時、以實際包裝上標示為準. 【青荷御膳房】 有機堅果生菜沙拉:直接將有機南瓜子加入生菜沙拉中、一同攪拌即可食用. 有機堅果精力湯:直接將有機南瓜子及精力湯相關食材、一同加入調理果汁機中一同打碎後即可食用. 【注意事項】 1.內附乾燥,無,https://s1.myqr.com.tw/newshop/177/TypeGoods?type2=5425&type1=5963&type0=5987&pageIndex=0&goodId=28556,青荷 慈心驗證 慈心認證 慈心有機驗證,https://pshop.myqr.com.tw/qrssimage/GoodsImage/66/66350.jpg?2
4712511471182,米森有機腰果/200g,常溫食品,堅果食品,堅果,無,270,0.0,14,米森,米森有機腰果 嚴選有機食品、完全採用有機農法種植作物、不使用農藥、化學肥料及任何人工添加物、完整保留有機食品的天然成份、照顧全家人的身體、也愛護地球的每一寸土地. 有機農法:回歸大地最純淨的生命力為宗旨!從嚴格選種開始、到淨化土壤的管理、使大地不受重金屬、化肥、農藥、及除草劑的汙染、給予人們無汙染及最有生命力的作物、使身體遠離現代精緻飲食及化學添加物所帶來的負擔. 【商品規格】 原料:有機腰果 驗證單位:慈心有機驗證股份有限公司 有機農產品驗證證書字號:1-009-210002 規格:200 公克 保存期限:12 個月(未開封前) 保存方式:避免日光直射、置於陰涼乾燥處、開封後請冷藏並請儘快食用完畢 原產地:越南 【青荷御膳房】 炒鍋煮法:將腰果直接放入鍋中、並加入適量「蜂蜜、有機糖或鹽」、用中火翻炒約 5~8 分鐘後即可食用. 烤箱煮法:將腰果直接攪拌適量的「蜂蜜、有機糖或鹽」後、放入烤盤、以中熱度烘烤約 3~4 分鐘後、即可食用. 備註 1.內附乾燥劑及脫氧劑(依各別產品而有所不同) 請勿食用 2.本產品為農產品 無添加化學藥劑 其外觀結塊及色澤略有變異為正常現象請安心食用 3.保存請置放於陰涼乾燥處 開封後請冷藏並儘快食用完畢 4.有效日期:標示於外包裝上(西元年 / 月 / 日) 產品內容物與規格說明 / 保固資訊 1.品名:【米森 Vilson】有機腰果 2.淨重、容量:200g 3.食品添加物名稱:無 4.原產地:越南 5.保存期限:12 個月(未開封前) 6.廠商名稱:青荷國際有限公司 7.電話:03-359-4557 8.地址:桃園市龜山區振興路 1165-1 號 &middot;產地:越南 【食品業者登錄字號】H-124407269-00000-9 【投保產品責任險公司與字號】明台產物保險股份有限公司、字號:0009PDT00094 【製造廠商或國內負責廠商名稱】青荷國際有限公司 【製造廠商或國內負責廠商電話】03-359-4557 【製造廠商或國內負責廠商地址】桃園市龜山區振興路 1165-1 號 【食物過敏原標示】無 【葷 / 純素 / 奶蛋素】純素,無,https://s1.myqr.com.tw/newshop/177/TypeGoods?type2=5425&type1=5963&type0=5987&pageIndex=0&goodId=28553,青荷 慈心驗證 慈心認證 慈心有機驗證,https://pshop.myqr.com.tw/qrssimage/GoodsImage/66/66336.jpg?2
4714379956672,米森有機綜合堅果仁/200g,常溫食品,堅果食品,堅果,無,270,0.0,17,米森,商品特色 ★有機級 無添加防腐劑、人工香料及色素 保證不使用農藥、化學肥料及人工添加物 未經烘焙、生機果仁、適合打養生精力湯添加用 完全採用有機農法種植作物、不使用農藥、化學肥料及任何人工添加物、完整保留有機食品的天然成份、照顧全家人的身體、也愛護地球的每一寸土地. 有機農法:回歸大地最純淨的生命力為宗旨!從嚴格選種開始、到淨化土壤的管理、使大地不受汙染、給予人們無汙染及最有生命力的作物、使身體遠離現代精緻飲食及化學添加物所帶來的負擔. 商品規格: 內容物名稱 有機南瓜子(中國)、有機腰果(越南)、 有機杏仁果(美國)、有機核桃(美國) 內容量 200 公克 / 袋 原產地(國) 中國、美國、越南 保存期限 365 日 廠商名稱 青荷國際有限公司 廠商電話 (03)359-4557 廠商地址 桃園市龜山區振興路 1165-1 號 投保產品責任險字號 明台產物保險股份有限公司、字號:0009PDT00094 食品業者登錄字號 H-124407269-00000-9 其他應揭露事項 訂購注意事項: ●商品有效日:消費者收受之商品 其有效日期至少距收受日 91 日以上 ●投保產品責任險公司與字號:明台產物保險股份有限公司、字號:0009PDT00094●運送方式:常溫 ●消費者取貨時 應從速檢查所受領之物;欲退換貨 應善盡商品保存之責任 ●販售人姓名:青荷國際有限公司 電話:03-359-4557 地址:桃園市龜山區振興路 1165-1 號 食品登錄字號 H-124407269-00000-9 ●消費爭議處理申訴專線:03-359-4557;如發生訴訟時雙方同意以桃園地方法院為第一審管轄法院 ●產品資訊若與包裝上略有差異時 以實際包裝上標,無,https://s1.myqr.com.tw/newshop/177/TypeGoods?type2=5425&type1=5963&type0=5987&pageIndex=0&goodId=28552,青荷 有機認證,https://pshop.myqr.com.tw/qrssimage/GoodsImage/66/66329.jpg?38
4714379951103,米森有機熟黑芝麻粒/145g,常溫食品,堅果食品,堅果,無,135,0.0,60,米森,米森有機熟黑芝麻粒 嚴選有機食品、完全採用有機農法種植作物、不使用農藥、化學肥料及任何人工添加物、完整保留有機食品的天然成份、照顧全家人的身體、也愛護地球的每一寸土地. 有機農法:回歸大地最純淨的生命力為宗旨!從嚴格選種開始、到淨化土壤的管理、使大地不受重金屬、化肥、農藥、及除草劑的汙染、給予人們無汙染及最有生命力的作物、使身體遠離現代精緻飲食及化學添加物所帶來的負擔. 【商品規格】 原料:有機黑芝麻粒 驗證單位:慈心有機驗證股份有限公司 有機農產品驗證證書字號:1-009-210002 規格:145 公克 保存期限:12 個月(未開封前) 保存方式:避免日光直射、置於陰涼乾燥處、開封後請冷藏並請儘快食用完畢 原產地:台灣 【青荷御膳房】 1.可直接攪拌米飯、麵條或粥品飲用. 2.加入精力湯食材中、一同調理後食用. 注意事項 1.內附乾燥劑及脫氧劑(依各別產品而有所不同) 請勿食用 2.保存請置放於陰涼乾燥處 開封後請冷藏並儘快食用完畢 3.有效日期:標示於外包裝上(西元年 / 月 / 日) ★本商品正值新舊包裝交替中、商品以實際到貨包裝為主★ 產品內容物與規格說明 / 保固資訊 1.品名:【米森】有機黑芝麻粒 2.淨重、容量:145g 3.食品添加物名稱:無 4.原產地(國):台灣 5.保存期限:12 個月(未開封前) 委託工廠:簡單生活開發有限公司 (通過國際 ISO22000 及 HACCP 食品安全認證) 地址:桃園市龜山區南上路 386 巷 1 號 電話:03-3590035 驗證單位:慈心有機驗證股份有限公司 有機農產品驗證證書字號:1-009-210002 ◆產品資訊若與包裝上略有差異時、以實際包裝上標示為準 青荷國際有限公司 地址:桃園市龜山區振興路 1165-1 號 電話:03-3594557 產地:台灣,無,https://s1.myqr.com.tw/newshop/177/TypeGoods?type2=5425&type1=5963&type0=5987&pageIndex=0&goodId=28559,青荷 慈心驗證 慈心認證 慈心有機驗證,https://pshop.myqr.com.tw/qrssimage/GoodsImage/66/66365.jpg?38
4712304260696,青仁黑豆/180g,常溫食品,堅果食品,堅果,無,95,0.0,50,食鼎,黑豆是高蛋白食品、蛋白質含量是牛奶的十二倍.又不含膽固醇、黑豆百分之十九是油脂、主要是不飽和脂肪酸.含有的豐富維生素 E 可以延續青春活力、粗纖維素可以促進腸蠕動、所以黑豆自古以來就被視為極重要養生保健食品. 黑豆因子葉顏色而分為黃仁和青仁.黃仁黑豆含水量為青仁黑豆的三倍、青仁黑豆營養組成較接近黃豆、故在補充營養與養生保健、例如:黑豆漿、黑豆茶、黑豆粉、碳燒黑豆等會使用青仁黑豆.如果要選黑豆、青仁黑豆比起黃仁營養含量更高、更適合使用在食補.唐代《本草拾遺》記載、黑豆能「明目鎮心、溫補.久服、好顏色、變白不老.」在古老的觀念中、就認為具有抗衰、防老、養顏美容的功能. 食鼎企業股份有限公司、採用友善環境種植之黑豆品種臺南 3 號、臺南 3 號是民國八十七年由台南區農業改良場所育成、產量、種子品質、色澤及加工風味均較進口黑豆原料優異、近年來此品種深受農友與加工業者的喜愛. 本品使用的是無氫化棕櫚油、來取代不好的反式脂肪.本品一入口後淡淡椒鹽香打破既定印象、咬碎後有點像是蠶豆酥的味道、由於黑豆炒熟後、性熱、要記得控制量、吃太多易上火. 粒粒特大嚴選 ◎香、酥、脆 ◎全新食感 ◎無添加色素及防腐 品名:青仁黑豆 成分:黑豆、鹽、非氫化棕櫚油、胡椒粉 規格:180 公克 保存期限:六個月 產地:臺灣 注意事項:本產品含黑豆成分、不適合過敏體質者食用. 營養標示: 每一份量 30 公克、本包裝含 6 份 每份每 100 公克 熱量 146 大卡 488 大卡 蛋白質 12.3 公克 41 公克 脂肪 7.2 公克 24 公克 飽和脂肪 2.4 公克 8 公克 反式脂肪 0 公克 0 公克 碳水化合物 8.7 公克 29 公克 糖 1.3 公克 4.2 公克 鈉 309 毫克 1030 毫克,無,https://s1.myqr.com.tw/newshop/177/TypeGoods?type2=5425&type1=5963&type0=5987&pageIndex=0&goodId=29382,米森 有機認證,https://pshop.myqr.com.tw/qrssimage/GoodsImage/69/69896.jpg?73
4719859740109,康健有機甘栗/150g,常溫食品,堅果食品,堅果,無,89,0.0,36,有機園,【康健生機】有機甘栗 150g &diams;京東板栗(天津甘栗)口感濃郁、粒粒香甜 &diams;已剝殼、100% 無添加 &diams;生產加工過程全程電子監控 &diams;甘栗顏色不同及袋內水分為自然現象、請安心食用. &diams;精選來自中國河北的京東板栗為主要原料.京東板栗又稱天津甘栗、是燕山山脈特產.燕山山脈土壤中富含金、銀、鐵、鋅、硼等十多種礦物質和多種微量元素、這�堬ㄔX 的板栗果實小巧玲瓏、色澤鮮豔、如紫玉一般、其味甘甜、口感好、糯性強、極具營養價值、享有&ldquo;東方食用珍珠&rdquo;的美譽. &diams;生產加工過程全成電子監控、採用滅菌處理、充氮包裝、多階段升溫與殺菌、完美的保留食品的色澤、口感、營養與美味、口感香、糯、甜、入口綿軟、不黏手.,無,https://s1.myqr.com.tw/newshop/177/TypeGoods?type2=5425&type1=5963&type0=5987&pageIndex=0&goodId=28433,有機園 有機認證,https://pshop.myqr.com.tw/qrssimage/GoodsImage/66/66447.jpeg?93
4719859744251,康健陽光ˋ堅果/210g,常溫食品,堅果食品,堅果,無,280,0.0,24,有機園,【康健生機】陽光堅果 210g 【商品特色】 ★嚴選優質果仁搭配青仁黑豆 ★特別添加南瓜子吃來香脆美味 ★無色素香料無防腐劑 ★營養更完整、飲食更均衡 ★低溫烘焙不燥熱、自然原味營養高 核果類食品除了是許多健康專家建議的優質食品之外、也是衛生署美日建議攝取的重要食物. 【產品責任險】富邦產險保險証號:0504 字第 19AML0001749 號 【食品業者登錄字號】B-116264386-00000-5 【投保產品責任險公司與字號】0504 字第 19AML0001749 號 【製造廠商或國內負責廠商名稱】有幾園生物科技股份有限公司 【製造廠商或國內負責廠商電話】(04)2639-9889 【製造廠商或國內負責廠商地址】台中市梧棲區港埠路一段 537 號 【食物過敏原標示】本產品含有黃豆、杏仁豆和腰果等製品、且工廠設備亦同時生產其他堅果類大豆、含麩質之穀物、芝麻製品、食物過敏者請留意. 【內容物成份】黑豆、黃豆(非基因改造)、杏仁豆、腰果、南瓜子(南瓜仁、玉米澱粉、澱粉(巴卡斯鈉)、蔗糖、山藥粉、洛神花粉) 【內容量(重量)】210 公克 【保存期限(總效期)】420 天,無,https://s1.myqr.com.tw/newshop/177/TypeGoods?type2=5425&type1=5963&type0=5987&pageIndex=0&goodId=29135,無,https://pshop.myqr.com.tw/qrssimage/GoodsImage/68/68615.jpg?93
4712834523018,滿分優果有機無調味南瓜子/135g,常溫食品,堅果食品,堅果,無,200,0.0,276,歐特,成分 / 有機南瓜子(中國) 重量(g)/405 提供維修 / 無 保存期限(天)/365 效期說明 / 以消費者收受日起算、至少具有效日期 92 日以上;即期商品的有效日期請參見商品資訊載記的「到期日」為主. 保存條件 / 請存放於陰涼乾燥處、開封後請儘快食用完畢. 產地 / 台灣 素食標示 / 純素 注意事項 /1.本產品為天然產物 若有色澤差異 純屬自然現象 敬請安心食用.2.本產品有種子類及其製品 不適合其過敏體質者食用.3.本產品生產製程廠房 其設備或生產管線有處理堅果類、種子類、含有麩質的榖類、大豆、芝麻及其製品.4.本產品內容物以機器去殼 偶有去殼不完整現象 食用時請注意.5.內含脫氧劑請勿食用. 製造廠商或國內負責廠商名稱 / 正原有機國際有限公司 製造廠商或國內負責廠商電話 /02-29576628 製造廠商或國內負責廠商地址 / 新北市板橋區信義路 163 巷 5 號 10 樓 食品業者登錄字號 /F-180226959-00000-4 投保產品責任險字號 / 富邦產物保險股份有限公司 0500 字第 24AML0000753 號,無,https://s1.myqr.com.tw/newshop/177/TypeGoods?type2=5425&type1=5963&type0=5987&pageIndex=0&goodId=47718,歐特 慈心驗證 慈心認證 慈心有機驗證,https://pshop.myqr.com.tw/qrssimage/GoodsImage/130/130019.jpeg?29
4712834523087,滿分優果有機無調味核桃/80g,常溫食品,堅果食品,堅果,無,200,0.0,16,歐特,內容物名稱 有機核桃 內容量 80g/ 包 原產地(國) 台灣 保存期限 360 日 廠商名稱 正原有機國際有限公司 廠商電話 (02)2957-6628 廠商地址 新北市板橋區信義路 163 巷 7 號 10 樓 投保產品責任險字號 富邦 0500 字第 20AML0000630 號 食品業者登錄字號 F-180226959-00000-4 本產品有堅果種子類及其製品、不適合其過敏體質者食用. 本產品生產製程廠房、其設備或生產管線有處理堅果種子類、含有麩質的穀類、大豆及其製品. 本產品部份內容物以機器去殼、偶有去殼不完全現象、食用時請注意. 內含脫氧劑請勿食用.,無,https://s1.myqr.com.tw/newshop/177/TypeGoods?type2=5425&type1=5963&type0=5987&pageIndex=0&goodId=47716,歐特 慈心驗證 慈心認證 慈心有機驗證,https://pshop.myqr.com.tw/qrssimage/GoodsImage/130/130010.jpg?13
4712834523070,滿分優果有機鹽焗堅果/80g,常溫食品,堅果食品,堅果,無,200,0.0,44,歐特,成分 / 有機杏仁(西班牙、美國)、有機腰果(越南)、有機糖漿(墨西哥、印尼)、有機砂糖(巴西)、岩鹽(巴基斯坦)、有機糙米(台灣) 重量(g)/240 保存期限(天)/365 效期說明 / 以消費者收受日起算、至少具有效日期 92 日以上;即期商品的有效日期請參見商品資訊載記的「到期日」為主. 保存條件 / 請存放於陰涼乾燥處、開封後請儘快食用完畢. 產地 / 台灣 素食標示 / 純素 注意事項 /1.本產品有堅果類、含有麩質的榖類及其製品 不適合其過敏體質者食用.2.本產品生產製程廠房 其設備或生產管線有處理堅果類、種子類、含有麩質的榖類、大豆、芝麻及其製品.3.本產品內容物以機器去殼 偶有去殼不完整現象 食用時請注意.4.內含脫氧劑請勿食用. 製造廠商或國內負責廠商名稱 / 正原有機國際有限公司 製造廠商或國內負責廠商電話 /02-29576628 製造廠商或國內負責廠商地址 / 新北市板橋區信義路 163 巷 5 號 10 樓 食品業者登錄字號 /F-180226959-00000-4 投保產品責任險字號 / 富邦產物保險股份有限公司 0500 字第 24AML0000753 號,無,https://s1.myqr.com.tw/newshop/177/TypeGoods?type2=5425&type1=5963&type0=5987&pageIndex=0&goodId=47717,歐特 慈心驗證 慈心認證 慈心有機驗證,https://pshop.myqr.com.tw/qrssimage/GoodsImage/130/130014.jpeg?13
4712834523049,歐特滿分優果有機無調味純堅果/80g,常溫食品,堅果食品,堅果,無,200,0.0,104,歐特,品名:有機全果蔓越莓乾 內容物:有機蔓越莓乾(有機蔓越莓、有機糖、有機葵花油) 淨重:100 公克 保存期限:12 個月(未開封) 保存方式:請存放於陰涼乾燥處、開封後請儘快食用完畢. 原產地:加拿大 營養標示每一份量 20 公克本包裝含 5 份 每份每 100 公克 熱量 73 大卡 363 大卡 蛋白質 0.1 公克 0.6 公克 脂肪 0.3 公克 1.5 公克 飽和脂肪 0 公克 0 公克 反式脂肪 0 公克 0 公克 碳水化合物 17.3 公克 86.7 公克 糖 14.2 公克 71.1 公克 鈉 11 毫克 53 毫克 正原有機國際有限公司 (02)2957-6628 新北市板橋區信義路 163 巷 5 號 10 樓 慈心有機驗證股份有限公司驗證 驗證證書字號:1-009-210078,無,https://s1.myqr.com.tw/newshop/177/TypeGoods?type2=5425&type1=5963&type0=5987&pageIndex=0&goodId=47715,歐特 慈心驗證 慈心認證 慈心有機驗證,https://pshop.myqr.com.tw/qrssimage/GoodsImage/130/130006.jpeg?49
4714379956559,米森有機京都玄米綠茶/3g*8包,常溫食品,沖調/飲品/咖啡/早餐,茶葉/茶包,無,175,0.0,-1,米森,品名:有機京都玄米綠茶(3gx8 包 / 盒) 原料:有機玄米綠茶(有機糙米、有機綠茶)、有機抹茶粉 淨重:3 公克 x8 茶包、24 公克╱盒 保存期限:18 個月(未開封) 保存方式:避免日光直射、置於陰涼乾燥處、開封後請冷藏並請儘快食用完畢 驗證單位:慈心有機驗證股份有限公司 有機農產品驗證證書字號:1-009-210002 委託工廠:簡單生活開發有限公司(通過國際 ISO22000 及 HACCP 食品安全驗證) 原產地:日本 - 京都 備註:產品資訊若與包裝上略有差異時、以實際包裝上標示為準 &middot;產地:日本京都府 【食品業者登錄字號】H-124407269-00000-9 【投保產品責任險公司與字號】明台產物保險股份有限公司、字號:0009PDT00094 【製造廠商或國內負責廠商名稱】青荷國際有限公司 【製造廠商或國內負責廠商電話】03-359-4557 【製造廠商或國內負責廠商地址】桃園市龜山區振興路 1165-1 號 【食物過敏原標示】無 【內容物成份】純素,無,https://s1.myqr.com.tw/newshop/177/TypeGoods?type2=5425&type1=5964&type0=5989&pageIndex=0&goodId=28478,青荷 慈心驗證 慈心認證 慈心有機驗證,https://pshop.myqr.com.tw/qrssimage/GoodsImage/65/65941.jpg?32
4714379953558,米森南非國寶茶/3g*10包,常溫食品,沖調/飲品/咖啡/早餐,茶葉/茶包,無,175,0.0,38,米森,食用方式 【冷泡法】取出茶包直接加入約 600 毫升的冷開水或礦泉水中、 靜置 30 分鐘或放入冰箱冷藏 3~4 小時即可飲用. 【熱泡法】取出茶包直接加入約 250 毫升的 90 度?C 熱開水、 靜置約 3 分鐘後即可飲用. ※本茶包建議可回沖 2 次 商品規格 成分:南非國寶茶(原葉) 規格:3 公克 x10 茶包 保存期限:18 個月(未開封) 原產地:南非,無,https://s1.myqr.com.tw/newshop/177/TypeGoods?type2=5425&type1=5964&type0=5989&pageIndex=0&goodId=28485,青荷 慈心驗證 慈心認證 慈心有機驗證,https://pshop.myqr.com.tw/qrssimage/GoodsImage/93/93574.jpg?32
4713517167796,玫瑰花茶/2g*60入,常溫食品,沖調/飲品/咖啡/早餐,茶葉/茶包,無,350,0.0,18,曼寧,玫瑰花茶(無咖啡因) 由玫瑰花、玫瑰果及洛神葵複方調配、沖泡後散發迷人的玫瑰花香氣、微酸帶甜的口感、深受女性喜愛. 優雅清香的玫瑰花茶、能令人心情愉悅、促進新陳代謝、美容養顏. ◆純淨花草成分、無添加人工添加物、無咖啡因 ◆SGS 檢驗合格 淨 重:80 公克&plusmn;4.5 公克(2 公克 X40 茶包)/ 盒 成 分:玫瑰、玫瑰果、洛神葵、香料 原產地:玫瑰(伊朗)、玫瑰果(智利)、洛神葵(德國) 保存期限:二年(未開封) 保存方式:開封後請盡早飲用、避免置於高溫、潮溼及日光直射處.,無,https://s1.myqr.com.tw/newshop/177/TypeGoods?type2=5425&type1=5964&type0=5989&pageIndex=0&goodId=46235,無,https://pshop.myqr.com.tw/qrssimage/GoodsImage/126/126019.jpeg?32
4713517167826,宣洋康福茶/1.5g*60入,常溫食品,沖調/飲品/咖啡/早餐,茶葉/茶包,無,350,0.0,24,曼寧,◆清新沁涼的薄荷及帶有特別香氣的檸檬草、加上微甜甘草根、可以幫助消化、芬芳口氣、是餐後最佳的飲品選擇. ◆純淨花草成分、無添加人工添加物、無咖啡因 淨 重:60 公克&plusmn;4.5 公克(1.5 公克 X40 茶包)/ 盒成 分:薄荷葉、甘草根、檸檬草 原產地:德國 保存期限:二年(未開封) 保存方式:開封後請盡早飲用、避免置於高溫、潮溼及日光直射處.,無,https://s1.myqr.com.tw/newshop/177/TypeGoods?type2=5425&type1=5964&type0=5989&pageIndex=0&goodId=46238,無,https://pshop.myqr.com.tw/qrssimage/GoodsImage/126/126010.jpeg?68
4713517167819,洋甘菊茶/1.5g*60入,常溫食品,沖調/飲品/咖啡/早餐,茶葉/茶包,無,350,0.0,24,曼寧,洋甘菊又名「大地的蘋果」、口感溫和清甜、加上含花果香氣的橙花及微甜的甘草根、適時紓解壓力. ◆純淨花草成分、無添加人工添加物、無咖啡因 淨 重:60 公克&plusmn;4.5 公克(1.5 公克 X40 茶包)/ 盒 成 分:洋甘菊、橙花、甘草根 原產地:德國 保存期限:二年(未開封) 保存方式:開封後請盡早飲用、避免置於高溫、潮溼及日光直射處.,無,https://s1.myqr.com.tw/newshop/177/TypeGoods?type2=5425&type1=5964&type0=5989&pageIndex=0&goodId=46237,無,https://pshop.myqr.com.tw/qrssimage/GoodsImage/126/126013.jpeg?4
4713517167253,曼寧有機皇家錫蘭紅茶/2g*20包,常溫食品,沖調/飲品/咖啡/早餐,茶葉/茶包,無,180,0.0,-2,曼寧,來自歐洲各優質產地原料經嚴謹揀選、乾燥、切碎、調配、監製慈心認證 100% 天然、無添加【品牌故事】就像所有的農產品、西洋花草與水果會因生產地氣候、環境與土壤而有所不同.「曼寧」的原料、來自歐洲各優質產地、由宣洋實業股份有限公司與全球最大花草茶供應商 - 德國 MartinBauerGmbH 合作採購、所有原料經過嚴謹的揀選、乾燥、切碎、調配、監製等過程、通過各項農產品必要檢驗分析、符合德國嚴格的環保食品衛生法規、並多次榮獲食品獎項、品質與口感經得起考驗.「曼寧」除了慎選供應來源之外、所有花果茶進口後、為保持原廠口味、不再經過添加廉價果乾或自行加工、而且以低溫保存、讓每一包花果茶、都能通過消費者選購花果茶的要素 -- 新鮮、乾燥及香氣的考驗.多年來、「曼寧」隨著生活養生趨勢&mdash;100% 天然、無添加、不斷與國外供應商合作研發新商品、從天然到有機、從散茶到茶包、從單方到複方、提供現代人用以美麗身形、提振精神或撫慰心靈的天然茶飲. 產品內容物與規格說明 / 保固資訊 淨 重:40 公克&plusmn;4.5 公克(2 公克 X20 茶包)/ 盒 成 分:有機皇家錫蘭紅茶 原產地:斯里蘭卡 保存期限:二年 投保產品責任險字號(富邦產物保險):0500 字第 04ML001295 食品業者登錄字號:A84747208-00000-8 製造商:宣洋實業股份有限公司 地址:台北市中山區南京東路二段 76 號 9 樓 消費者服務電話:02-25238800,無,https://s1.myqr.com.tw/newshop/177/TypeGoods?type2=5425&type1=5964&type0=5989&pageIndex=0&goodId=28663,宣洋 有機認證,https://pshop.myqr.com.tw/qrssimage/GoodsImage/67/67049.jpg?4
4713517167222,曼寧有機經典伯爵茶/2g*20包,常溫食品,沖調/飲品/咖啡/早餐,茶葉/茶包,無,180,0.0,1,曼寧,與德國供應商合作開發、嚴選有機花草原料、取得慈心有機驗證(股)公司之有機驗證. 證書字號 1-009-210036 SGS 檢驗合格 淨重:2 公克 x20 茶包 成分:有機紅茶、天然香料(佛手柑) 原產地:斯里蘭卡 保存期限:二年 保存方式:請保持密封狀態、並置於陰涼乾燥處、避免陽光直射 投保產品責任險字號(富邦產物保險):0500 字第 04ML001295 食品業者登錄字號:A84747208-00000-8 製造商:宣洋實業股份有限公司 地址:台北市中山區南京東路二段 76 號 9 樓 消費者服務電話:02-25238800,無,https://s1.myqr.com.tw/newshop/177/TypeGoods?type2=5425&type1=5964&type0=5989&pageIndex=0&goodId=28664,宣洋 有機認證,https://pshop.myqr.com.tw/qrssimage/GoodsImage/67/67052.jpg?87
4713517167246,曼寧有機經典綠茶/2g*20包,常溫食品,沖調/飲品/咖啡/早餐,茶葉/茶包,無,180,0.0,24,曼寧,來自歐洲各優質產地原料經嚴謹揀選、乾燥、切碎、調配、監製慈心認證 100% 天然、無添加【品牌故事】就像所有的農產品、西洋花草與水果會因生產地氣候、環境與土壤而有所不同.「曼寧」的原料、來自歐洲各優質產地、由宣洋實業股份有限公司與全球最大花草茶供應商 - 德國 MartinBauerGmbH 合作採購、所有原料經過嚴謹的揀選、乾燥、切碎、調配、監製等過程、通過各項農產品必要檢驗分析、符合德國嚴格的環保食品衛生法規、並多次榮獲食品獎項、品質與口感經得起考驗.「曼寧」除了慎選供應來源之外、所有花果茶進口後、為保持原廠口味、不再經過添加廉價果乾或自行加工、而且以低溫保存、讓每一包花果茶、都能通過消費者選購花果茶的要素 -- 新鮮、乾燥及香氣的考驗.多年來、「曼寧」隨著生活養生趨勢&mdash;100% 天然、無添加、不斷與國外供應商合作研發新商品、從天然到有機、從散茶到茶包、從單方到複方、提供現代人用以美麗身形、提振精神或撫慰心靈的天然茶飲. 產品內容物與規格說明 / 保固資訊 1.商品組合 / 規格:規格:2g*20 入 2.商品品名:曼寧有機經典綠茶(2gx20 入 / 盒) 3.商品重(容)量:40g 4.內容物名稱(成分):有機綠茶 5.食品添加物名稱:無 6.原產地(國):德國原料、台灣製造 7.製造廠商或國內負責廠商名稱:宣洋實業股份有限公司 8.製造廠商或國內負責廠商地址:台北市南京東路二段 76 號 9 樓 9.製造廠商或國內負責廠商電話:02-25238800 10.以消費者收受日算起、至少距有效日期前?日以上:146 11.食品業者登錄字號:A-184747208-00000-8 產地:台灣 【食品業者登錄字號】A-184747208-00000-8 【投保產品責任險公司與字號】0527 字第 19AML0000082 【製造廠商或國內負責廠商名稱】宣洋實業股份有限公司 【製造廠商或國內負責廠商電話】02-25238800 【製造廠商或國內負責廠商地址】台北市南京東路二段 76 號 9 樓 【食物過敏原標示】無 【內容物成份】有機綠茶 【內容量(重量)】40g 【保存期限(總效期)】2 年,無,https://s1.myqr.com.tw/newshop/177/TypeGoods?type2=5425&type1=5964&type0=5989&pageIndex=0&goodId=28662,宣洋 有機認證,https://pshop.myqr.com.tw/qrssimage/GoodsImage/67/67039.jpg?87
4713517167093,曼寧有機綠茶/3g*20袋,常溫食品,沖調/飲品/咖啡/早餐,茶葉/茶包,無,250,0.0,24,曼寧,與德國供應商合作開發、嚴選有機花草原料、取得慈心有機驗證(股)公司之有機驗證. 證書字號 1-009-210036 SGS 檢驗合格 淨 重:60 公克&plusmn;4.5 公克(3 公克 X20 茶包)/ 盒 成 分:有機綠茶 原產地:日本 保存期限:二年(未開封) 保存方式:開封後請盡早飲用、避免置於高溫、潮溼及日光直射處.,無,https://s1.myqr.com.tw/newshop/177/TypeGoods?type2=5425&type1=5964&type0=5989&pageIndex=0&goodId=28660,無,https://pshop.myqr.com.tw/qrssimage/GoodsImage/67/67019.jpg?24
4713517168038,曼寧有機錫蘭紅茶/3g*20入,常溫食品,沖調/飲品/咖啡/早餐,茶葉/茶包,無,250,0.0,40,曼寧,與全球花草茶專業德國大廠合作採購原料 原料自揀選、乾燥、切碎、調配及監製等過程嚴格把關 慈心認證 【品牌故事】 就像所有的農產品、西洋花草與水果會因生產地氣候、環境與土壤而有所不同.「曼寧」的原料、來自歐洲各優質產地、由宣洋實業股份有限公司與全球最大花草茶供應商 - 德國 MartinBauerGmbH 合作採購、所有原料經過嚴謹的揀選、乾燥、切碎、調配、監製等過程、通過各項農產品必要檢驗分析、符合德國嚴格的環保食品衛生法規、並多次榮獲食品獎項、品質與口感經得起考驗. 「曼寧」除了慎選供應來源之外、所有花果茶進口後、為保持原廠口味、不再經過添加廉價果乾或自行加工、而且以低溫保存、讓每一包花果茶、都能通過消費者選購花果茶的要素 -- 新鮮、乾燥及香氣的考驗. 多年來、「曼寧」隨著生活養生趨勢&mdash;100% 天然、無添加、不斷與國外供應商合作研發新商品、從天然到有機、從散茶到茶包、從單方到複方、提供現代人用以美麗身形、提振精神或撫慰心靈的天然茶飲. 有機錫蘭紅茶 特色:選用斯里蘭卡高海拔山區契作有機紅茶、由專業製茶師監製、口感圓潤滑順、香氣濃郁. 原料:有機錫蘭紅茶 淨 重:60 公克&plusmn;4.5 公克(3 公克 X20 茶包)/ 盒 原產地:斯里蘭卡 保存期限:二年(未開封) 驗證單位:慈心有機驗證股份有限公司 驗證字號:1-009-210036 營養標示: (每一 3 公克本包裝含 20 份),無,https://s1.myqr.com.tw/newshop/177/TypeGoods?type2=5425&type1=5964&type0=5989&pageIndex=0&goodId=28661,慈心有機驗證,https://pshop.myqr.com.tw/qrssimage/GoodsImage/67/67028.jpg?59
4713517166317,曼寧洋甘菊茶/1.5g*15入,常溫食品,沖調/飲品/咖啡/早餐,茶葉/茶包,無,99,0.0,1,曼寧,洋甘菊茶 洋甘菊又名「大地的蘋果」、口感溫和清甜、加上含花果香氣的橙花及微甜的甘草根、適時舒解壓力. ◆純淨花草成分、無添加人工添加物、無咖啡因 ◆SGS 檢驗合格 成份:洋甘菊、橙花、甘草根 規格:22.5 公克&plusmn;9%(1.5 公克 X15 茶包)/ 盒 原產地:德國 保存期限:二年(未開封) 保存方式:開封後請盡早飲用、避免置於高溫、潮溼及日光直射處.,無,https://s1.myqr.com.tw/newshop/177/TypeGoods?type2=5425&type1=5964&type0=5989&pageIndex=0&goodId=46233,無,https://pshop.myqr.com.tw/qrssimage/GoodsImage/126/126025.jpeg?59
4713517167703,曼寧豐穀蕎麥茶/6g*15入,常溫食品,沖調/飲品/咖啡/早餐,茶葉/茶包,無,180,0.0,16,曼寧,台灣花草茶 - 豐穀蕎麥茶 15 入 ◆來自花蓮玉里的韃靼品種蕎麥(又名苦蕎)、 ◆無施用農藥、採用友善耕作、 ◆蕎麥搭配玄米與牛蒡複方調配、不含咖啡因、口感濃郁飽滿. ◆SGS 檢驗報告、檢驗合格 淨 重:6 公克&plusmn;9%(6 公克 X15 茶包)/ 盒 成分(原產地):蕎麥、玄米、牛蒡(台灣) 保存期限:12 個月(未開封) 保存方式:請保持密封狀態、並置於陰涼乾燥處、避免陽光直射.,無,https://s1.myqr.com.tw/newshop/177/TypeGoods?type2=5425&type1=5964&type0=5989&pageIndex=0&goodId=46234,無,https://pshop.myqr.com.tw/qrssimage/GoodsImage/126/126022.jpeg?59
4713517167895,曼寧蘋果蜜香紅茶/3g*15入,常溫食品,沖調/飲品/咖啡/早餐,茶葉/茶包,無,180,0.0,8,曼寧,蘋果蜜香紅茶 15 入 淨 重:45 公克&plusmn;9%(3 公克 X15 茶包)/ 盒 成 分(原產地):紅茶(台灣)、蘋果(土耳其)、天然香料(德國) 保存期限:18 個月(未開封) 保存方式:請保持密封狀態、並置於陰涼乾燥處、避免陽光直射. 全發酵輕焙火的蜜香紅茶、調和香甜蘋果、亮琥珀色茶湯中散發淡雅蘋果香氣、口感圓潤輕甜. ◆蘋果果乾、不添加任何糖、自然水果甜酸. ◆不苦澀天然回甘、不論冷泡或熱飲都甘美. ◆檢驗合格 ◆曼寧專業團隊、積極推廣台灣在地農、將安全、安心堅持最高品質送至您的手上,無,https://s1.myqr.com.tw/newshop/177/TypeGoods?type2=5425&type1=5964&type0=5989&pageIndex=0&goodId=46239,無,https://pshop.myqr.com.tw/qrssimage/GoodsImage/126/126005.jpeg?43
4713517167802,薰衣草茶/1.5g*60入,常溫食品,沖調/飲品/咖啡/早餐,茶葉/茶包,無,350,0.0,17,曼寧,薰衣草茶 芳香馥郁的薰衣草茶、能沉靜心靈;加上溫潤的蒲公英、以及香甜的香蜂葉、可幫助釋放壓力、放鬆心情. ◆純淨花草成分、無添加人工添加物、無咖啡因 淨 重:60 公克&plusmn;4.5 公克(1.5 公克 X40 茶包)/ 盒 成 分:薰衣草、蒲公英、香蜂草 原產地:德國 保存期限:二年(未開封) 保存方式:開封後請盡早飲用、避免置於高溫、潮溼及日光直射處.,無,https://s1.myqr.com.tw/newshop/177/TypeGoods?type2=5425&type1=5964&type0=5989&pageIndex=0&goodId=46236,無,https://pshop.myqr.com.tw/qrssimage/GoodsImage/126/126016.jpeg?43
4714379956153,米森黑森林野莓茶/4g*8包,常溫食品,沖調/飲品/咖啡/早餐,花果茶/草本飲品,無,175,0.0,19,米森,純粹以森林常見的有機橙皮、有機草莓、有機蘋果等具有酸甜滋味的有機花果作為基底、再調入有機玫瑰及有機矢車菊提升後韻花香、並以足量大茶包提升茶湯濃度、堅決不使用香精也能讓你喝到甘醇豐富的果香層次. 商品品名:米森有機黑森林野莓茶 商品規格:4g/8 包 商品重(容)量:32g 商品成份:有機洛神花、有機葡萄乾、有機蘋果、有機玫瑰果、有機橙皮、有機草莓、有機玫瑰花、有機矢車菊 原產地(國):德國 製造廠商或國內負責廠商名稱:青荷國際有限公司 製造廠商或國內負責廠商地址:桃園市龜山區振興路 1165-1 號 製造廠商或國內負責廠商電話:03-3594-557 【保存方式】 避免日光直射、置於陰涼乾燥處、開封後請儘快食用完畢.,無,https://s1.myqr.com.tw/newshop/177/TypeGoods?type2=5425&type1=5964&type0=5990&pageIndex=0&goodId=28482,青荷 有機認證,https://pshop.myqr.com.tw/qrssimage/GoodsImage/66/66023.jpg?79
4714379956160,米森蘋果覆盆莓茶/4g*8包,常溫食品,沖調/飲品/咖啡/早餐,花果茶/草本飲品,無,175,0.0,29,米森,品名:【米森 vilson】有機蘋果覆盆莓茶(4g*8 包 / 盒) 【內容物成份】有機蘋果丁、有機洛神花、有機玫瑰果、有機檸檬草、有機黑莓葉、有機覆盆莓果粒 【內容量(重量)】4 公克*8 包、共 32 公克╱盒 【熱量】本包裝內含 8 份、建議沖泡份量為 250 毫升、單份熱量為 5 大卡 【每份營養成份】每份熱量 5 大卡 / 蛋白質 0 公克 / 脂肪 0 公克 / 飽和脂肪 0 公克 / 反式脂肪 0 公克 / 碳水化合物 1.3 公克 / 糖 0 公克 / 鈉 3 毫克 【食品添加物名稱】無 【保存期限(總效期)】18 個月(未開封前 【食品業者登錄字號】H-124407269-00000-9 【投保產品責任險公司與字號】明台產物保險股份有限公司、字號:0009PDT00094 【製造廠商或國內負責廠商名稱】青荷國際有限公司 【製造廠商或國內負責廠商電話】03-359-4557 【製造廠商或國內負責廠商地址】桃園市龜山區振興路 1165-1 號 【食物過敏原標示】無 【葷 / 純素 / 奶蛋素】純素 產地:德國,無,https://s1.myqr.com.tw/newshop/177/TypeGoods?type2=5425&type1=5964&type0=5990&pageIndex=0&goodId=28480,青荷 有機認證,https://pshop.myqr.com.tw/qrssimage/GoodsImage/65/65964.jpg?79
4713517167024,曼寧有機和諧舒壓茶/2g*20入,常溫食品,沖調/飲品/咖啡/早餐,花果茶/草本飲品,無,280,0.0,14,曼寧,與德國供應商合作開發、嚴選有機花草原料、取得慈心有機驗證(股)公司之有機驗證. 證書字號 1-009-210036 SGS 檢驗合格 淨 重:40 公克&plusmn;4.5 公克(2 公克 X20 茶包)/ 盒 成 分:有機洋甘菊、有機菩提、有機薰衣草、有機薄荷葉、有機甘草根 原產地:德國 保存期限:二年(未開封) 保存方式:開封後請盡早飲用、避免置於高溫、潮溼及日光直射處.,無,https://s1.myqr.com.tw/newshop/177/TypeGoods?type2=5425&type1=5964&type0=5990&pageIndex=0&goodId=28666,宣洋 慈心驗證 慈心認證 慈心有機驗證,https://pshop.myqr.com.tw/qrssimage/GoodsImage/67/67066.jpg?62
4713517167017,曼寧有機消化健爽茶/2g*20入,常溫食品,沖調/飲品/咖啡/早餐,花果茶/草本飲品,無,280,0.0,28,曼寧,本商品規格 內容物名稱 有機薄荷葉、有機馬鞭草、有機檸檬草、有機甘草根 內容量 2g*20 入 / 盒 原產地(國) 原料自德國進口、茶包台灣製造生產 保存期限 730 日 廠商名稱 宣洋實業股份有限公司 廠商電話 (02)2523-8800 廠商地址 104 台北市中山區南京東路二段 76 號 9 樓 投保產品責任險字號 0500 字第 04ML001295 食品業者登錄字號 A184747208-00000-8 其他應揭露事項 無,無,https://s1.myqr.com.tw/newshop/177/TypeGoods?type2=5425&type1=5964&type0=5990&pageIndex=0&goodId=28665,宣洋 有機認證,https://pshop.myqr.com.tw/qrssimage/GoodsImage/67/67058.jpg?62
4713517167260,曼寧有機蜜桃國寶茶/2g*20包,常溫食品,沖調/飲品/咖啡/早餐,花果茶/草本飲品,無,180,0.0,53,曼寧,與德國供應商合作開發、嚴選有機花草原料、取得慈心有機驗證(股)公司之有機驗證. 證書字號 1-009-210036 SGS 檢驗合格 淨 重:40 公克&plusmn;4.5 公克(2 公克 X20 茶包)/ 盒 成 分:有機博士茶、有機蘋果片、有機玫瑰果、有機橙皮、有機洛神葵、天然香料(水蜜桃)、有機甜菊葉 原產地:德國 保存期限:二年,無,https://s1.myqr.com.tw/newshop/177/TypeGoods?type2=5425&type1=5964&type0=5990&pageIndex=0&goodId=28667,宣洋 有機認證,https://pshop.myqr.com.tw/qrssimage/GoodsImage/67/67075.jpg?98
4713517167185,曼寧有機橙香歡樂茶/2g*20包,常溫食品,沖調/飲品/咖啡/早餐,花果茶/草本飲品,無,180,0.0,36,曼寧,本商品規格 內容物名稱 有機香蜂草、有機薄荷、有機橙皮、天然香料(柳橙)、有機甘草根、有機甜菊葉 內容量 2g*20 入 / 盒 原產地(國) 德國 保存期限 2 年 廠商名稱 宣洋實業股份有限公司 廠商電話 (02)2523-8800 廠商地址 台北市中山區南京東路二段 76 號 9 樓 投保產品責任險字號 0510 字第 16AML0000388 號 食品業者登錄字號 A184747208-00000-8 其他應揭露事項 無,無,https://s1.myqr.com.tw/newshop/177/TypeGoods?type2=5425&type1=5964&type0=5990&pageIndex=0&goodId=32423,宣洋 有機認證,https://pshop.myqr.com.tw/qrssimage/GoodsImage/77/77770.jpg?98
4713517167697,曼寧杭菊茶/30g,常溫食品,沖調/飲品/咖啡/早餐,花果茶/草本飲品,無,180,0.0,41,曼寧,商品規格 商品名稱 台灣杭菊茶 30g 品牌 曼寧 包裝入數 單入 商品種類 花草茶 / 水果茶 保存方法 請保持密封狀態、並置於陰涼乾燥處避免陽光直射 內容物成份 杭菊花 熱量 見包裝標示 每份營養成份 見包裝標示 內容量(g/ml) 30g 食品添加物名稱 無 製造 / 加工地 台灣 廠商名稱 宣洋實業股份有限公司 廠商電話號碼 02-25238800 廠商地址 台北市南京東路四段 76 號 9 樓 保存期限 365 製造日期╱有效日期 依商品包裝標示 投保產品責任險字號 0500 字第 04ML001295 其他揭露事項 無,無,https://s1.myqr.com.tw/newshop/177/TypeGoods?type2=5425&type1=5964&type0=5990&pageIndex=0&goodId=29292,無,https://pshop.myqr.com.tw/qrssimage/GoodsImage/69/69502.jpg?34
4713517167772,曼寧桂花蜜香紅茶/3.5g*15入,常溫食品,沖調/飲品/咖啡/早餐,花果茶/草本飲品,無,180,0.0,21,無,商品規格 商品名稱 桂花蜜香紅茶 品牌 曼寧 商品種類 紅茶 保存方法 請保持密封狀態、並置於陰涼乾燥處、避免陽光直射. 內容物成份 紅茶、桂花、香料 熱量 見包裝標示 每份營養成份 見包裝標示 內容量(g/ml) 3.5 公克 X15 入 食品添加物名稱 香料 原料原產地 紅茶(台灣)、桂花(中國)、香料(台灣) 製造 / 加工地 台灣 廠商名稱 宣洋實業股份有限公司 廠商電話號碼 02-25238800 廠商地址 台北市南京東路四段 76 號 9 樓 保存期限 18 個月 製造日期╱有效日期 依商品包裝標示 投保產品責任險字號 0527 字第 20AML0000066 號 食品業者登錄字號 A-184747208-00000-8,無,https://s1.myqr.com.tw/newshop/177/TypeGoods?type2=5425&type1=5964&type0=5990&pageIndex=0&goodId=29303,無,https://pshop.myqr.com.tw/qrssimage/GoodsImage/69/69531.jpg?34
4713517167642,曼寧烏龍菊花茶/1.5g*15入,常溫食品,沖調/飲品/咖啡/早餐,花果茶/草本飲品,無,180,0.0,32,曼寧,本商品規格 淨重:22.5 公克&plusmn;9%(1.5 公克&times;15 茶包)/ 盒 成分:菊花、烏龍茶 原產地:台灣 保存期限:一年 保存方式:請保持密封狀態、並置於陰涼乾燥處、避免陽光直射 投保產品責任險字號(富邦產物保險):0500 字第 04ML001295 食品業者登錄字號:A84747208-00000-8 製造商:宣洋實業股份有限公司 地址:台北市中山區南京東路二段 76 號 9 樓 消費者服務電話:02-25238800,無,https://s1.myqr.com.tw/newshop/177/TypeGoods?type2=5425&type1=5964&type0=5990&pageIndex=0&goodId=29298,無,https://pshop.myqr.com.tw/qrssimage/GoodsImage/69/69483.jpg?18
4713517167789,曼寧蜜桃烏龍茶/3.5g*15入,常溫食品,沖調/飲品/咖啡/早餐,花果茶/草本飲品,無,180,0.0,26,曼寧,品名:蜜桃烏龍茶 成份: 烏龍茶(台灣)、水蜜桃乾(德國)、天然香料(德國) 沖調方式: 取一包茶包、沖入 250 毫升熱開水、待 5 分鐘後即可享用. 保存方法: 請保持密封狀態、並置於陰涼乾燥處、避免陽光直射. 淨重:52.5 公克&plusmn;4.5 公克(3 公克 x15 包) 保存期限:18 個月 原產地:台灣、德國 營養標示每一份量 3 公克本包裝含 15 份 每份每日?考值百分比 熱量 0 大卡 0% 蛋白質 0 公克 0% 脂肪 0 公克 0% 飽和脂肪 0 公克 0% 反式脂肪 0 公克* 碳水化合物 0 公克 0% 糖 0 公克* 鈉 0 毫克 0% 宣洋實業股份有限公司 02-25238800 台北市中山區南京東路二段 76 號 9 樓,無,https://s1.myqr.com.tw/newshop/177/TypeGoods?type2=5425&type1=5964&type0=5990&pageIndex=0&goodId=29304,無,https://pshop.myqr.com.tw/qrssimage/GoodsImage/69/69538.jpg?54
4713517166300,曼寧藍莓果茶/2g*15入,常溫食品,沖調/飲品/咖啡/早餐,花果茶/草本飲品,無,99,0.0,11,曼寧,本商品規格 內容物名稱 洛神葵、蘋果、黑莓葉、菊苣、檸檬酸、橘皮、藍莓、香料、甘草根 內容量 30g(2g*15 包) 原產地(國) 德國 保存期限 730 日 廠商名稱 宣洋實業股份有限公司 廠商電話 02-2523-8800 廠商地址 台灣台北市中山區南京東路二段 76 號 9 樓 投保產品責任險字號 0510 字第 16AML0000388 號 食品業者登錄字號 A184747208-00000-8 其他應揭露事項 無 保存方式:請保持密封狀態、並置於陰涼乾燥處、避免陽光直射,無,https://s1.myqr.com.tw/newshop/177/TypeGoods?type2=5425&type1=5964&type0=5990&pageIndex=0&goodId=29306,無,https://pshop.myqr.com.tw/qrssimage/GoodsImage/71/71683.jpg?54
4713517166232,曼寧薰衣草茶/1.5g*15入,常溫食品,沖調/飲品/咖啡/早餐,花果茶/草本飲品,無,99,0.0,8,曼寧,商品規格 商品名稱 曼寧薰衣草茶 SereneLavender(15 入隨手盒) 品牌 曼寧 包裝入數 11-20 入 商品種類 花草茶 / 水果茶 保存方法 常溫 內容物成份 薰衣草、蒲公英、香蜂葉 熱量 每一份量 2 大卡、每一份量 1.5 公克、本包裝含 15 份 每份營養成份 每一份含碳水化合物 0.4 公克、每一份量 1.5 公克、本包裝含 15 份 內容量(g/ml) 1.5g*15 入 食品添加物名稱 無 製造 / 加工地 台灣 廠商名稱 宣洋實業股份有限公司 廠商電話號碼 02-25238800 廠商地址 台北市中山區南京東路二段 76 號 9 樓 保存期限 2 年 製造日期╱有效日期 依商品包裝標示,無,https://s1.myqr.com.tw/newshop/177/TypeGoods?type2=5425&type1=5964&type0=5990&pageIndex=0&goodId=29305,無,https://pshop.myqr.com.tw/qrssimage/GoodsImage/71/71685.jpg?54
4024297013303,Naturata義式濃縮即溶咖啡/2g*25入,常溫食品,沖調/飲品/咖啡/早餐,咖啡,無,350,0.0,38,自然生活,可溶性 Naturata 濃咖啡是烏干達、巴布亞新幾內亞、秘魯和洪都拉斯農民合作社精選的阿拉比卡咖啡豆和羅布斯塔咖啡豆的成分.只有通過不同產地的混合物、咖啡才能獲得通常濃郁的香氣. 100% 有機和公平貿易:速溶咖啡的豆來自各種公平貿易合作社烏干達、巴布亞新幾內亞、秘魯和洪都拉斯. 您不僅可以將 Naturata 特濃咖啡豆咖啡作為熱飲或冰鎮咖啡.它還為甜點和許多其他菜餚提供精緻的觸感. NaturataEspresso 速溶咖啡是德國製造的:首先、將咖啡豆輕輕烘焙.烘焙機的經驗在這裡起著決定性的作用:不應將其過長或過短地烘焙、然後將烘焙過的物料粗磨並進行提取:使用逆流原理非常緩慢地將熱水浸入烘焙過的咖啡豆.準備了濃咖啡、它變得越來越稠.將所得乾物質含量為 25% 的棕色咖啡濃縮物以細霧的形式噴入高霧化塔中.液滴通過熱氣流落下、從而除去了其中的液體.以下重要的是速溶乾粉.這種耗時的生產以及生產結束時的噴霧乾燥也是產生細小起皺的原因、EspressoInstant 傾倒時產生的咖啡類似於剛煮好的咖啡豆.不使用任何添加劑. 成分:義式即溶濃縮咖啡粉 產品規格:50g(2g*25 包) 保存方式:請置於陰涼乾燥處 保存期限:36 個月 食用方法:特濃咖啡、將其內含物倒入特濃咖啡杯中、然後在其上倒入約 60 毫升熱水、短暫攪拌加入少許泡沫牛奶、即可享受濃咖啡瑪奇朵!對於拿鐵瑪奇朵、將熱的起泡的牛奶倒入高腳玻璃杯中、如上所述製備濃咖啡、然後將其緩慢倒入牛奶中. 原產地:德國,無,https://s1.myqr.com.tw/newshop/177/TypeGoods?type2=5425&type1=5964&type0=5991&pageIndex=0&goodId=28701,自然生活 有機認證,https://pshop.myqr.com.tw/qrssimage/GoodsImage/67/67234.jpg?89
9557205045202,WeWell黑白純咖啡/2.5g*12包,常溫食品,沖調/飲品/咖啡/早餐,咖啡,無,120,0.0,44,源昶,產品特色: ●首創以高品質阿拉比卡品種『黑咖啡 + 白咖啡』、依『80/20 黃金比例』調配而成的純咖啡、咖啡風味香醇獨特 ●無香料、無奶精、無添加糖、堅持給你最純的好咖啡 ●通過 SGS 赭麴毒素 A 及 368 項農藥嚴格檢測合格 沖泡方式: ●將一包咖啡放入杯中、加入 180ml 沸水、攪勻即可飲用(濃淡可依個人喜好調整) ●事先將咖啡杯用沸水燙過再行沖泡、或加入冰塊製成冰咖啡、風味更佳 ●可依個人口味喜好添加糖量或奶量 咖啡因含量:每包 2.5g 約 100 毫克(咖啡豆屬天然農產品、會因產地、季節影響咖啡因之含量) 有效日期:2 年 保存方法:請置於陰涼乾燥處、開封後儘速食用 產地國:馬來西亞 咖啡小常識: ●黑咖啡、以約 250&deg;C 左右高溫烘焙、較有炭燒的焦苦味道 ●白咖啡、以約 100&deg;C 左右高溫烘焙、少了焦炭苦味、具獨特口感風味 ●咖啡主要有三大品種、阿拉比卡、羅布斯塔、利比利卡、以前二種最常見 ●阿拉比卡豆品質最佳、生長於中高海拔及豐沛雨量地區、其咖啡因含量只有羅布斯塔的一半,無,https://s1.myqr.com.tw/newshop/177/TypeGoods?type2=5425&type1=5964&type0=5991&pageIndex=0&goodId=47754,無,https://pshop.myqr.com.tw/qrssimage/GoodsImage/130/130111.jpg?89
4714379957631,米森好菌搖搖-有機冰萃黑咖啡/3g*14包,常溫食品,沖調/飲品/咖啡/早餐,咖啡,無,385,0.0,8,無,品名:好菌搖搖 - 有機冰萃黑咖啡 成份: 有機冷凍乾燥咖啡(巴西)、強化型菊苣纖維(比利時)、BC30 凝結芽孢桿菌(菊糖、凝結芽孢桿菌(乳酸菌))(美國) 容量:3 公克&times;14 包、42 公克 / 盒 保存期限:12 個月(未開封) 保存方式: 避免日光直射、開封後請儘快食用完畢. 原產地:台灣 營養標示每一份量 3 公克本包裝含 14 份 每份每 100 公克 熱量 10 大卡 343 大卡 蛋白質 0.6 公克 19.5 公克 脂肪 0.0 公克 0.3 公克 飽和脂肪 0.0 公克 0.0 公克 反式脂肪 0.0 公克 0.0 公克 碳水化合物 2.0 公克 65.5 公克 糖 0.0 公克 0.7 公克 鈉 1.0 毫克 30 毫克 青荷國際有限公司 033594557 桃園市龜山區振興路 1165-1 號 慈心有機驗證股份有限公司驗證 驗證證書字號:1-009-210002 號 食品業者登錄字號:B-145866507,無,https://s1.myqr.com.tw/newshop/177/TypeGoods?type2=5425&type1=5964&type0=5991&pageIndex=0&goodId=39161,無,https://pshop.myqr.com.tw/qrssimage/GoodsImage/99/99343.jpg?73
4714379955798,米森有機精粹黑咖啡/3g*12,常溫食品,沖調/飲品/咖啡/早餐,咖啡,無,240,0.0,34,米森,【米森 vilson】有機精粹黑咖啡 不計成本、全阿拉比卡豆製成 米森堅持一杯好的黑咖啡、應該從選豆開始.堅持不混入其他低成本豆種調合、完全選用阿拉比卡豆種、以精粹中度工法進行烘焙、再以急速冷凍乾燥技術將咖啡香氣鎖住、讓您感受一杯口感清爽、酸苦均衡純粹的黑咖啡. 【商品規格】 成份:有機冷凍乾燥咖啡(哥倫比亞). 驗證單位:慈心有機驗證股份有限公司 有機農產品驗證證書字號 1-009-210002 規格:36 公克盒、3 公克 x12 包 保存期限:18 個月(未開封) 保存方式:避免日光直射、置於陰涼乾燥處、開封後請儘快食用完畢 原產地:哥倫比亞 備註:產品資訊若與包裝上略有差異時、以實際包裝上標示為準 【青荷御膳房】 可依個人喜好、增減水量、調整濃淡口感 1.冰黑咖啡:直接加入冷開水 250 毫升後充份攪拌、再加入冰塊即可飲用. 2.熱黑咖啡:直接加入 300 毫升的熱開水後充份攪拌、即可飲用. 3.咖啡牛奶:直接將製作完成的冰或熱咖啡加入鮮奶、即可直接飲用. 產品內容物與規格說明 / 保固資訊 品名:【米森】有機精粹黑咖啡 成份:有機冷凍乾燥咖啡(哥倫比亞). 驗證單位:慈心有機驗證股份有限公司 有機農產品驗證證書字號:1-009-210002 規格:36 公克盒、3 公克 x12 包 保存期限:18 個月(未開封) 保存方式:避免日光直射、置於陰涼乾燥處、開封後請儘快食用完畢 原產地:哥倫比亞 食品添加物名稱:無 備註:產品資訊若與包裝上略有差異時、以實際包裝上標示為準 產地:哥倫比亞 【食品業者登錄字號】H-124407269-00000-9 【投保產品責任險公司與字號】明台產物保險股份有限公司、字號:0009PDT00094 【製造廠商或國內負責廠商名稱】青荷國際有限公司 【製造廠商或國內負責廠商電話】03-359-4557 【製造廠商或國內負責廠商地址】桃園市龜山區振興路 1165-1 號 【食物過敏原標示】無 【內容物成份】有機冷凍乾燥咖啡(哥倫比亞),無,https://s1.myqr.com.tw/newshop/177/TypeGoods?type2=5425&type1=5964&type0=5991&pageIndex=0&goodId=28538,青荷 慈心有機驗證,https://pshop.myqr.com.tw/qrssimage/GoodsImage/66/66244.jpg?73
9557205023088,健康白咖啡(2合1)/25g*20入,常溫食品,沖調/飲品/咖啡/早餐,咖啡,無,350,0.0,40,源昶,採用低溫中輕度獨特烘焙技術、質溫不燥熱、其顏色較淡、與一般坊間的咖啡用高溫烘焙不同、所以稱為『白咖啡』. 主要選用低咖啡因的阿拉比卡品種咖啡豆. 添加「健康大豆奶」、不含反式脂肪、素食可用. 添加鈣、維他命 B12、D 可以天天帶給您好氣色. 使用植物性甜菊糖、低卡路里低負擔. 榮獲 2005 年中華民國國家商品品質金牌獎. WeWell 經 SGS 檢驗不含三聚氰胺. 檢驗報告編號:RO/2008/92057 沖調方式:將一包白咖啡放入杯中、加入(150ml~200ml)沸水、攪勻即可飲用.加入冰塊即可享用冰涼的白咖啡 事先將咖啡杯用沸水燙過、再行沖泡風味更佳. 產品包裝:25 公克*20 包入,無,https://s1.myqr.com.tw/newshop/177/TypeGoods?type2=5425&type1=5964&type0=5991&pageIndex=0&goodId=29558,無,https://pshop.myqr.com.tw/qrssimage/GoodsImage/70/70478.jpg?10
9557205023071,健康白咖啡(3合1)/25g*20入,常溫食品,沖調/飲品/咖啡/早餐,咖啡,無,350,0.0,9,源昶,採用低溫中輕度獨特烘焙技術、質溫不燥熱、其顏色較淡、與一般坊間的咖啡用高溫烘焙不同、所以稱為『白咖啡』. 主要選用低咖啡因的阿拉比卡品種咖啡豆. 添加「健康大豆奶」、不含反式脂肪、素食可用. 添加鈣、維他命 B12、D 可以天天帶給您好氣色. 使用植物性甜菊糖、低卡路里低負擔. 榮獲 2005 年中華民國國家商品品質金牌獎. WeWell 經 SGS 檢驗不含三聚氰胺. 檢驗報告編號:RO/2008/92057 沖調方式:將一包白咖啡放入杯中、加入(150ml~200ml)沸水、攪勻即可飲用.加入冰塊即可享用冰涼的白咖啡 事先將咖啡杯用沸水燙過、再行沖泡風味更佳. 產品包裝:25 公克*20 包入,無,https://s1.myqr.com.tw/newshop/177/TypeGoods?type2=5425&type1=5964&type0=5991&pageIndex=0&goodId=29557,無,https://pshop.myqr.com.tw/qrssimage/GoodsImage/70/70485.jpg?10
9557205045240,黑白純咖啡/2.5g*40包,常溫食品,沖調/飲品/咖啡/早餐,咖啡,無,350,0.0,42,源昶,黑白ソ純咖啡∼無香料 / 無奶精 / 無添加糖∼ ☉首創以高品質阿拉比卡品種「黑咖啡 + 白咖啡」依『80/20 黃金比例』調配而成的純咖啡、咖啡風味香醇獨特 ☉無香料、無奶精、無添加糖、堅持給您最純的好咖啡 ☉即沖、即飲、即享受、不苦、不酸、香醇回甘 ☉首創以高品質阿拉比卡品種「黑咖啡 + 白咖啡」依『80/20 黃金比例』調配而成的純咖啡、咖啡風味香醇獨特 ☉無香料、無奶精、無添加糖、堅持給您最純的好咖啡 ☉即沖、即飲、即享受、不苦、不酸、香醇回甘,無,https://s1.myqr.com.tw/newshop/177/TypeGoods?type2=5425&type1=5964&type0=5991&pageIndex=0&goodId=29556,無,https://pshop.myqr.com.tw/qrssimage/GoodsImage/70/70460.jpg?92
4719866800100,天然桑椹汁-加糖(即飲)/300ml,常溫食品,沖調/飲品/咖啡/早餐,飲品,無,60,0.0,38,陳稼莊,★無防腐劑•無香料•無色素•無化學添加物 ★Nopreservatives artificialflavorsandcolors orotherchemicaladditives. l 原料:水、桑椹(100% 陳稼莊果園無農藥•無化肥•無除草劑栽培)、冰糖(無漂白). l 容量:300 毫升 l 保存期限:2 年(未開封前) l 飲用方法:直接飲用、冰涼後飲用風味更佳. l 保存方法:開瓶後請冷藏、並儘速飲用完畢. l 原產地:台灣,無,https://s1.myqr.com.tw/newshop/177/TypeGoods?type2=5425&type1=5964&type0=5992&pageIndex=0&goodId=28675,陳稼莊 有機認證,https://pshop.myqr.com.tw/qrssimage/GoodsImage/67/67120.jpg?92
4002631400668,天然黑麥汁--減糖/330ml*24入,常溫食品,沖調/飲品/咖啡/早餐,飲品,6 入,842,0.0,9,崇德發,即開即飲、方便暢飲 ◆德國原裝進口黑麥汁營養豐富 ◆滋補強身是日常生活最好的營養飲品 ◆減糖減熱量養生好選擇 項目說明 商品名稱黑麥汁易開罐(減糖)330ML*6 入 品牌崇德發 商品種類飲料 數量 330ML*6 罐 保存方式開封後請冷藏 食用方式即開即飲 內容物成份碳酸水、葡萄糖漿、全穀黑麥芽、忽布花抽取物 熱量 43 大卡 /100 毫升 內容量(g/ml)330ML 食品添加物名稱 產地(依序填寫國家 - 縣市 - 鄉鎮)德國 廠商名稱崇德發事業股份有限公司 廠商電話號碼 02-22287636 廠商地址新北市中和區中山路 2 段 407 號 商品有效日期 2 年 薦證廣告無 投保產品責任險字號明台產險 0851 第 04PDT00188 號本保單係 0851 第 03PDT00166 號續保 其他揭露事項無 營養標示 每一份量 330 公克 本包裝含 1 份 每份每 100 公克 熱量 142 大卡 43 大卡 蛋白質 1.3 公克 0.4 公克 脂肪 0 公克 0 公克 飽和脂肪 0 公克 0 公克 反式脂肪 0 公克 0 公克 膽固醇(自願標示者)毫克毫克 碳水化合物 33.7 公克 10.2 公克 糖 27.7 公克 8.4 公克 膳食纖維(自願標示者)公克公克 鈉 10 毫克 3 毫克 營養標示數據若與包裝上略有差異時、以實際包裝上標示為準,無,https://s1.myqr.com.tw/newshop/177/TypeGoods?type2=5425&type1=5964&type0=5992&pageIndex=0&goodId=46078,黑麥汁易開罐(減糖,https://pshop.myqr.com.tw/qrssimage/GoodsImage/125/125313.jpg?29
4711175008079,台灣古早烏梅汁/1000ml,常溫食品,沖調/飲品/咖啡/早餐,飲品,無,135,0.0,38,味榮,飲用建議 直接品嘗、或以 2:1 之比例兌熱水 / 冷水 / 冰塊. 注意事項 使用真材實料、有自然沉澱物、搖勻後風味更佳. 規格說明 ?內容量:1000ml ?成分:水、糖、烏梅、山楂、黑糖、黑棗、陳皮、洛神花、甘草片 ?產地:台灣 ?保存期限:18 個月 ?保存方法:置於陰涼乾燥處;開封後請冷藏、並盡速食用完畢.,無,https://s1.myqr.com.tw/newshop/177/TypeGoods?type2=5425&type1=5964&type0=5992&pageIndex=0&goodId=46151,無,https://pshop.myqr.com.tw/qrssimage/GoodsImage/125/125607.jpeg?29
4710696996889,冰釀烏梅汁/330ml*24入,常溫食品,沖調/飲品/咖啡/早餐,飲品,無,821,0.0,11,潤泉,採用頂級烏梅細火熬煮全程監控一氣呵成、原汁精華盡在其中、絕非以濃縮液還原再加工而成.無人工添加物、無色素、口口濃厚滑順、生津止渴回味再三並促進消化與食慾. 容量:330ml 保存期限:一年 ★本平台所有產品均為正統公司貨我們亦為正統經銷商絕非其他平台來路不明之商品★ ★平台所有產品圖片及說明僅供參考以實際出貨商品為主如有疑問請洽 line:@organicmetta 客服人員★ 潤泉國際公司立地在好山好水、自然環境純淨的蘭陽平原已超過二十年、以生產行銷「怡康礦泉水」聞名全台、其後擴大經營版圖生產行銷無人工添加物之果汁飲品;1995 年公司經營者在偶然機緣下接觸到添加物對人及環境為害、深受其健康環保的主張所打動、其後決心轉變企業經營方向、全力投入以健康素材為基底、無人工添加物增味、天然的口感、自然的味覺又具養生功效的飲品及食品. 潤泉立地在蘭陽平原已超過二十年 .1999 年:全力聚焦開發具自然、天然、健康及具養生保健之飲品. .2001 年:通過 ISO9001 品保認證、品質更上一層樓. .2004 年:成為知名連鎖有機里仁商店之供應商、以『潤之泉』的品牌推出天然、零添加之飲品、推出烏梅汁、菊花茶等系列、大受愛好天然口感的消費者偏愛、暢銷至今. .2008 年:參加香港有機食品展及亞洲有機樂活展、得到許多客戶肯定開拓外銷市場. .2008 年:通過台北清真大寺 HALAL 認證. .2009 年:追求高品質不懈怠、獲得 HACCP 以及 ISO22000 等食品安全認證. .2009 年:通過(財)慈心有機農業發展基金會之有機農產品加工驗證. .2009 年:推出『潤之泉』一系列有機飲品、上市「有機黃金燕麥堅果樂活飲」、「有機黃金燕麥、紅薏仁樂活飲」、皆獲得有機認證. .2010 年:潤之泉有機美妍雙膠木耳精華飲通過慈心有機認證、並在全省知名連鎖有機商店上架. 回歸大地澄淨如泉 潤之泉、依傍在一片美麗的蘭陽平原旁、孕育出一座以健康有機為概念的綠色城堡、過去以生產「怡康礦泉水」聞名全台、現今成為以生產無人工添加及純天然飲品為取向的專業經營團隊. 曾在因緣際會下帶著一雙兒女參加青少年成長班、於課程中講師搬出了一大袋的人工添加物、提到這些傷害健康的物質皆為人體一年內可能吃進的添加物、故現今許多文明病、癌症等均是日常飲食所造成、面對著滿滿一桌的添加物當場讓我相當震驚、也深刻體會到有害物質不時的圍繞於生活,無,https://s1.myqr.com.tw/newshop/177/TypeGoods?type2=5425&type1=5964&type0=5992&pageIndex=0&goodId=29318,無,https://pshop.myqr.com.tw/qrssimage/GoodsImage/69/69611.png?29
4710696988983,有機美妍雙膠-美肌/280ml*24入,常溫食品,沖調/飲品/咖啡/早餐,飲品,無,864,0.0,2,潤泉,黑木耳和珊瑚藻皆含有膳食纖維和膠質、選用台灣慈心有機認證的黑面白背木耳、及來自純淨無污染的海域生產的珊瑚藻、以炆火熬煮、再加入有機黑糖製成.採後段殺菌、不添加化學色素、香料、防腐劑、飲用時可感受到打碎的黑木耳細粒的膠質口感. ?特色: ? ?●嚴選台灣有機黑木耳與生長於無汙染潔淨海域的珊瑚草. ? ?●堅持以天然為主軸、不使用人工添加物. ? ?●無防腐劑、全程 HACCP 嚴格管控、開瓶後請儘快飲用. ? ?●無添加食用膠、沉澱、結塊為自然現象、飲用前請搖均勻. 產地台灣 規格描述 280 毫升 成分水 有機黑木耳(台灣) 有機砂糖(巴西 澳洲) 珊瑚草 保存期限 1 年 保存方法勿置於陽光直射或高溫場所及避免碰撞. 其他注意事項:常溫、勿置於陽光直射處或高溫場所及避免碰撞. 驗證機構:慈心有機驗證股份有限公司驗證字號:1-009-210004,無,https://s1.myqr.com.tw/newshop/177/TypeGoods?type2=5425&type1=5964&type0=5992&pageIndex=0&goodId=46297,無,https://pshop.myqr.com.tw/qrssimage/GoodsImage/126/126255.jpeg?64
4714379957822,米森好菌牧場-紅玉紅茶拿鐵/20g*10包,常溫食品,沖調/飲品/咖啡/早餐,飲品,無,385,0.0,3,米森,品名好菌牧場 - 紅玉紅茶拿鐵 原料全脂奶粉、砂糖、紅玉紅茶粉、強化型菊苣纖維(SYNERGY1)、BC30 凝結芽孢桿菌(菊糖、凝結芽孢桿菌(乳酸菌)) 淨重 20 公克 X10 包、200 公克╱盒 保存期限 12 個月(未開封前) 有效日期標示於外包裝上(西元年╱月╱日) 保存方式避免日光直射.開封後請盡快食用完畢. 原產地台灣 備註產品資訊若與包裝上略有差異時、以實際包裝上標示為準 過敏原資訊本產品含有牛奶及其製品.本產品與芝麻、麩質穀物、堅果、蕎麥、大豆的產品存放於同一倉庫並在同一工廠生產、食物過敏者請留意 【BC 孢子型益生菌 X 紅玉紅茶拿鐵奶香】 米森選用美國大廠研發 BC30 凝結芽孢桿菌、其專利好菌耐酸鹼及高溫、可以順利抵達腸道發揮定殖功效、再搭配台灣紅玉紅茶及紐西蘭全脂奶粉、圓潤滑順好滋味、促進新陳代謝、幫助維持消化道機能、使排便順暢.,無,https://s1.myqr.com.tw/newshop/177/TypeGoods?type2=5425&type1=5964&type0=5992&pageIndex=0&goodId=46099,無,https://pshop.myqr.com.tw/qrssimage/GoodsImage/125/125426.jpg?48
4714379952971,米森好菌搖搖-私密蔓越莓茶/4g*10包,常溫食品,沖調/飲品/咖啡/早餐,飲品,無,385,0.0,9,米森,品名好菌搖搖 - 私密蔓越莓茶 原料冷凍乾燥蔓越莓粉、砂糖、錫蘭紅茶、BC30 凝結芽孢桿菌(菊糖、凝結芽孢桿菌(乳酸菌))、強化型菊苣纖維 淨重 4 公克 X10 包、40 公克╱盒 保存期限 12 個月(未開封前) 有效日期標示於外包裝上(西元年╱月╱日) 保存方式避免日光直射.開封後請盡快食用完畢. 原產地台灣 備註產品資訊若與包裝上略有差異時、以實際包裝上標示為準,無,https://s1.myqr.com.tw/newshop/177/TypeGoods?type2=5425&type1=5964&type0=5992&pageIndex=0&goodId=46084,無,https://pshop.myqr.com.tw/qrssimage/GoodsImage/125/125327.jpg?48
4714379955415,米森洋甘菊花果茶/4g*8包,常溫食品,沖調/飲品/咖啡/早餐,飲品,無,175,0.0,36,米森,品名洋甘菊花果茶 原料玫瑰果、洋甘菊、橙皮、檸檬草、洛神花、薄荷 淨重 4 公克 x8 茶包、32 公克╱盒 保存期限 18 個月(未開封) 有效日期標示於外包裝上(西元年╱月╱日) 保存方式避免日光直射、置於陰涼乾燥處、開封後請冷藏並請儘快食用完畢 原產地德國 備註產品資訊若與包裝上略有差異時、以實際包裝上標示為準 米森為了讓茶也能喝得更真實、特地遠赴德國與專業茶廠合作開發、拒絕人工香料、人工色素調味、堅持喝出無添加的果物口感.以無農藥栽培的洋甘菊為基底、特地加入三種不同的酸甜花果~玫瑰果、洛神花及橙皮來增加酸甜口感的層次、並調入檸檬草及薄荷來提升清新的香氣、並以足量大茶包提升茶湯濃度、產生更多的果香層次.,無,https://s1.myqr.com.tw/newshop/177/TypeGoods?type2=5425&type1=5964&type0=5992&pageIndex=0&goodId=46095,無,https://pshop.myqr.com.tw/qrssimage/GoodsImage/125/125385.jpg?48
4714379953473,米森纖女搖搖-C多多檸檬茶/8g*10包,常溫食品,沖調/飲品/咖啡/早餐,飲品,無,385,0.0,19,米森,品名【米森 vilson】纖女搖搖 -C 多多檸檬茶 原料奇亞籽、砂糖、冷凍乾燥檸檬粉、抹茶粉 淨重 8 公克 X10 包、80 公克╱盒 保存期限 12 個月(未開封前) 有效日期標示於外包裝上(西元年╱月╱日) 保存方式避免日光直射.開封後請盡快食用完畢 原產地台灣 共倉共線資訊本產品與牛奶、芝麻、麩質穀物、堅果、蕎麥、大豆等及其製品的產品存放於同一倉庫並在同一工廠生產、食物過敏者請留意 備註產品資訊若與包裝上略有差異時、以實際包裝上標示為準 【高纖奇亞籽 X 真檸檬】 米森選用高纖奇亞籽、營養豐富的超級食物、具有吸附水分的特性、腹水膨脹後可直接食用、增加飽足感、具富含膳食纖維、可促進腸道蠕動、再搭配 12 倍濃縮檸檬粉、堅持自然無添加、富含維生素 C、具抗氧化作用、養顏美容、一天一杯輕鬆補給每日所需營養.,無,https://s1.myqr.com.tw/newshop/177/TypeGoods?type2=5425&type1=5964&type0=5992&pageIndex=0&goodId=46091,無,https://pshop.myqr.com.tw/qrssimage/GoodsImage/125/125361.jpg?84
4714379953480,米森纖女搖搖-花青素黑醋栗/8g*10包,常溫食品,沖調/飲品/咖啡/早餐,飲品,無,385,0.0,2,米森,品名【米森 vilson】纖女搖搖 - 花青素黑醋栗 原料冷凍乾燥黑醋栗粉、奇亞籽 淨重 8 公克 X10 包、80 公克╱盒 保存期限 12 個月(未開封前) 有效日期標示於外包裝上(西元年╱月╱日) 保存方式避免日光直射.開封後請盡快食用完畢 原產地台灣 共倉共線資訊本產品與牛奶、芝麻、麩質穀物、堅果、蕎麥、大豆等及其製品的產品存放於同一倉庫並在同一工廠生產、食物過敏者請留意備註 產品資訊若與包裝上略有差異時、以實際包裝上標示為準 【高纖奇亞籽 X 黑醋栗】 米森選用高纖奇亞籽、營養豐富的超級食物、具有吸附水分的特性、腹水膨脹後可直接食用、增加飽足感、具富含膳食纖維、可促進腸道蠕動、再搭配 7 倍濃縮黑醋栗粉、堅持無添加、每份 36mg 配方、提供滿滿花青素、加強營養補給及健康維持、一天一杯調節生理機能、舒適感 UP.,無,https://s1.myqr.com.tw/newshop/177/TypeGoods?type2=5425&type1=5964&type0=5992&pageIndex=0&goodId=46092,無,https://pshop.myqr.com.tw/qrssimage/GoodsImage/125/125366.jpg?84
4710696681884,玫瑰美妍茶/320ml *24入,常溫食品,沖調/飲品/咖啡/早餐,飲品,無,648,0.0,2,潤泉,嚴選大馬士革玫瑰花.與洛神花萃取出來的茶湯溫和甘柔、玫瑰花含豐富維生素 A、C、B、E、K、讓人身心舒暢、洛神花含有豐富花青素、黃酮素、多酚、可調整體質及生理機能、養顏美容、令人心情愉悅. 容量:330ml 保存期限:18 個月 ★本平台所有產品均為正統公司貨我們亦為正統經銷商絕非其他平台來路不明之商品★ ★平台所有產品圖片及說明僅供參考以實際出貨商品為主如有疑問請洽 line:@organicmetta 客服人員★ 潤泉國際公司立地在好山好水、自然環境純淨的蘭陽平原已超過二十年、以生產行銷「怡康礦泉水」聞名全台、其後擴大經營版圖生產行銷無人工添加物之果汁飲品;1995 年公司經營者在偶然機緣下接觸到添加物對人及環境為害、深受其健康環保的主張所打動、其後決心轉變企業經營方向、全力投入以健康素材為基底、無人工添加物增味、天然的口感、自然的味覺又具養生功效的飲品及食品. 潤泉立地在蘭陽平原已超過二十年 .1999 年:全力聚焦開發具自然、天然、健康及具養生保健之飲品. .2001 年:通過 ISO9001 品保認證、品質更上一層樓. .2004 年:成為知名連鎖有機里仁商店之供應商、以『潤之泉』的品牌推出天然、零添加之飲品、推出烏梅汁、菊花茶等系列、大受愛好天然口感的消費者偏愛、暢銷至今. .2008 年:參加香港有機食品展及亞洲有機樂活展、得到許多客戶肯定開拓外銷市場. .2008 年:通過台北清真大寺 HALAL 認證. .2009 年:追求高品質不懈怠、獲得 HACCP 以及 ISO22000 等食品安全認證. .2009 年:通過(財)慈心有機農業發展基金會之有機農產品加工驗證. .2009 年:推出『潤之泉』一系列有機飲品、上市「有機黃金燕麥堅果樂活飲」、「有機黃金燕麥、紅薏仁樂活飲」、皆獲得有機認證. .2010 年:潤之泉有機美妍雙膠木耳精華飲通過慈心有機認證、並在全省知名連鎖有機商店上架. 回歸大地澄淨如泉 潤之泉、依傍在一片美麗的蘭陽平原旁、孕育出一座以健康有機為概念的綠色城堡、過去以生產「怡康礦泉水」聞名全台、現今成為以生產無人工添加及純天然飲品為取向的專業經營團隊. 曾在因緣際會下帶著一雙兒女參加青少年成長班、於課程中講師搬出了一大袋的人工添加物、提到這些傷害健康的物質皆為人體一年內可能吃進的添加物、故現今許多文明病、癌症等均是日常飲食所造成、面對著滿滿一桌的添加物當場讓我相當震驚、,無,https://s1.myqr.com.tw/newshop/177/TypeGoods?type2=5425&type1=5964&type0=5992&pageIndex=0&goodId=29326,無,https://pshop.myqr.com.tw/qrssimage/GoodsImage/69/69661.jpg?4
4710696106660,枸杞菊花茶/330ml*24入,常溫食品,沖調/飲品/咖啡/早餐,飲品,無,821,0.0,4,潤泉,採用天然菊花熬煮全程監控一氣呵成、原汁精華盡在其中.清新淡雅的花香、伴隨溫潤的口感.無人工添加物、無色素.甘洌順口消暑、沁心止渴降火氣. 容量:330ml 保存期限:一年 ★本平台所有產品均為正統公司貨我們亦為正統經銷商絕非其他平台來路不明之商品★ ★平台所有產品圖片及說明僅供參考以實際出貨商品為主如有疑問請洽 line:@organicmetta 客服人員★ 潤泉國際公司立地在好山好水、自然環境純淨的蘭陽平原已超過二十年、以生產行銷「怡康礦泉水」聞名全台、其後擴大經營版圖生產行銷無人工添加物之果汁飲品;1995 年公司經營者在偶然機緣下接觸到添加物對人及環境為害、深受其健康環保的主張所打動、其後決心轉變企業經營方向、全力投入以健康素材為基底、無人工添加物增味、天然的口感、自然的味覺又具養生功效的飲品及食品. 潤泉立地在蘭陽平原已超過二十年 .1999 年:全力聚焦開發具自然、天然、健康及具養生保健之飲品. .2001 年:通過 ISO9001 品保認證、品質更上一層樓. .2004 年:成為知名連鎖有機里仁商店之供應商、以『潤之泉』的品牌推出天然、零添加之飲品、推出烏梅汁、菊花茶等系列、大受愛好天然口感的消費者偏愛、暢銷至今. .2008 年:參加香港有機食品展及亞洲有機樂活展、得到許多客戶肯定開拓外銷市場. .2008 年:通過台北清真大寺 HALAL 認證. .2009 年:追求高品質不懈怠、獲得 HACCP 以及 ISO22000 等食品安全認證. .2009 年:通過(財)慈心有機農業發展基金會之有機農產品加工驗證. .2009 年:推出『潤之泉』一系列有機飲品、上市「有機黃金燕麥堅果樂活飲」、「有機黃金燕麥、紅薏仁樂活飲」、皆獲得有機認證. .2010 年:潤之泉有機美妍雙膠木耳精華飲通過慈心有機認證、並在全省知名連鎖有機商店上架. 回歸大地澄淨如泉 潤之泉、依傍在一片美麗的蘭陽平原旁、孕育出一座以健康有機為概念的綠色城堡、過去以生產「怡康礦泉水」聞名全台、現今成為以生產無人工添加及純天然飲品為取向的專業經營團隊. 曾在因緣際會下帶著一雙兒女參加青少年成長班、於課程中講師搬出了一大袋的人工添加物、提到這些傷害健康的物質皆為人體一年內可能吃進的添加物、故現今許多文明病、癌症等均是日常飲食所造成、面對著滿滿一桌的添加物當場讓我相當震驚、也深刻體會到有害物質不時的圍繞於生活之中、震驚之餘當下,無,https://s1.myqr.com.tw/newshop/177/TypeGoods?type2=5425&type1=5964&type0=5992&pageIndex=0&goodId=29317,無,https://pshop.myqr.com.tw/qrssimage/GoodsImage/69/69609.png?4
4719859742189,康健有機黑木耳膠原飲/290ml*24入,常溫食品,沖調/飲品/咖啡/早餐,飲品,無,972,0.0,2,有機園,★採用有機驗證的有機黑木耳、添加紅棗濃縮汁、黑棗濃縮汁調製而成 ★含有豐富的鈣、鐵、天然膠質、不添加任何防腐劑、人工色素、人工甘味劑 ★純植物性膠原、香滑順口、獨特風味烘托著細緻口感 容量 290ml 毫升 商品來源國家 台灣 國內負責廠商名稱 有幾園生物科技 製造商地址 台中市梧棲區港埠路一段 537 號 商品高度 14.5000 商品寬度 6.4000 產品責任險 富邦產品責任險字號:0500 字第 20APO0Q01375 號保險期間:自民國 110 年 1 月 1 日 00 時至民國 111 年 1 月 1 日 00 時)承保範圍:公共意外責任保險、產品責任保險 保存天數 18 月 保存方式 室溫儲存於陰涼乾燥處、開封後請冷藏、並儘速飲用完畢 標章 保存溫層 常溫 應免稅 應稅,無,https://s1.myqr.com.tw/newshop/177/TypeGoods?type2=5425&type1=5964&type0=5992&pageIndex=0&goodId=46232,無,https://pshop.myqr.com.tw/qrssimage/GoodsImage/126/126002.jpeg?40
4710696110391,清潤涼茶/330ml*24入,常溫食品,沖調/飲品/咖啡/早餐,飲品,無,648,0.0,1,潤泉,採用 100% 台灣各式草本天然植物、無毒栽種過程全程管控、再以高科技萃取、細火熬煮原汁精華盡在其中.無防腐劑、無色素及無人工香料;非一般市面濃縮還原液、清涼降火、草本的自然精萃、口口清涼解渴、身心舒暢! 容量:330ml 保存期限:18 個月 ★本平台所有產品均為正統公司貨我們亦為正統經銷商絕非其他平台來路不明之商品★ ★平台所有產品圖片及說明僅供參考以實際出貨商品為主如有疑問請洽 line:@organicmetta 客服人員★ 潤泉國際公司立地在好山好水、自然環境純淨的蘭陽平原已超過二十年、以生產行銷「怡康礦泉水」聞名全台、其後擴大經營版圖生產行銷無人工添加物之果汁飲品;1995 年公司經營者在偶然機緣下接觸到添加物對人及環境為害、深受其健康環保的主張所打動、其後決心轉變企業經營方向、全力投入以健康素材為基底、無人工添加物增味、天然的口感、自然的味覺又具養生功效的飲品及食品. 潤泉立地在蘭陽平原已超過二十年 .1999 年:全力聚焦開發具自然、天然、健康及具養生保健之飲品. .2001 年:通過 ISO9001 品保認證、品質更上一層樓. .2004 年:成為知名連鎖有機里仁商店之供應商、以『潤之泉』的品牌推出天然、零添加之飲品、推出烏梅汁、菊花茶等系列、大受愛好天然口感的消費者偏愛、暢銷至今. .2008 年:參加香港有機食品展及亞洲有機樂活展、得到許多客戶肯定開拓外銷市場. .2008 年:通過台北清真大寺 HALAL 認證. .2009 年:追求高品質不懈怠、獲得 HACCP 以及 ISO22000 等食品安全認證. .2009 年:通過(財)慈心有機農業發展基金會之有機農產品加工驗證. .2009 年:推出『潤之泉』一系列有機飲品、上市「有機黃金燕麥堅果樂活飲」、「有機黃金燕麥、紅薏仁樂活飲」、皆獲得有機認證. .2010 年:潤之泉有機美妍雙膠木耳精華飲通過慈心有機認證、並在全省知名連鎖有機商店上架. 回歸大地澄淨如泉 潤之泉、依傍在一片美麗的蘭陽平原旁、孕育出一座以健康有機為概念的綠色城堡、過去以生產「怡康礦泉水」聞名全台、現今成為以生產無人工添加及純天然飲品為取向的專業經營團隊. 曾在因緣際會下帶著一雙兒女參加青少年成長班、於課程中講師搬出了一大袋的人工添加物、提到這些傷害健康的物質皆為人體一年內可能吃進的添加物、故現今許多文明病、癌症等均是日常飲食所造成、面對著滿滿一桌的添加物當場,無,https://s1.myqr.com.tw/newshop/177/TypeGoods?type2=5425&type1=5964&type0=5992&pageIndex=0&goodId=29320,無,https://pshop.myqr.com.tw/qrssimage/GoodsImage/69/69616.jpg?40
4710696101887,荷葉洛神花茶/330ml *24入,常溫食品,沖調/飲品/咖啡/早餐,飲品,無,648,0.0,1,無,嚴選台灣東部洛神、自然農法栽種、無香料、無防腐劑、無色素. 容量:330ml 保存期限:一年 ★本平台所有產品均為正統公司貨我們亦為正統經銷商絕非其他平台來路不明之商品★ ★平台所有產品圖片及說明僅供參考以實際出貨商品為主如有疑問請洽 line:@organicmetta 客服人員★ 潤泉國際公司立地在好山好水、自然環境純淨的蘭陽平原已超過二十年、以生產行銷「怡康礦泉水」聞名全台、其後擴大經營版圖生產行銷無人工添加物之果汁飲品;1995 年公司經營者在偶然機緣下接觸到添加物對人及環境為害、深受其健康環保的主張所打動、其後決心轉變企業經營方向、全力投入以健康素材為基底、無人工添加物增味、天然的口感、自然的味覺又具養生功效的飲品及食品. 潤泉立地在蘭陽平原已超過二十年 .1999 年:全力聚焦開發具自然、天然、健康及具養生保健之飲品. .2001 年:通過 ISO9001 品保認證、品質更上一層樓. .2004 年:成為知名連鎖有機里仁商店之供應商、以『潤之泉』的品牌推出天然、零添加之飲品、推出烏梅汁、菊花茶等系列、大受愛好天然口感的消費者偏愛、暢銷至今. .2008 年:參加香港有機食品展及亞洲有機樂活展、得到許多客戶肯定開拓外銷市場. .2008 年:通過台北清真大寺 HALAL 認證. .2009 年:追求高品質不懈怠、獲得 HACCP 以及 ISO22000 等食品安全認證. .2009 年:通過(財)慈心有機農業發展基金會之有機農產品加工驗證. .2009 年:推出『潤之泉』一系列有機飲品、上市「有機黃金燕麥堅果樂活飲」、「有機黃金燕麥、紅薏仁樂活飲」、皆獲得有機認證. .2010 年:潤之泉有機美妍雙膠木耳精華飲通過慈心有機認證、並在全省知名連鎖有機商店上架. 回歸大地澄淨如泉 潤之泉、依傍在一片美麗的蘭陽平原旁、孕育出一座以健康有機為概念的綠色城堡、過去以生產「怡康礦泉水」聞名全台、現今成為以生產無人工添加及純天然飲品為取向的專業經營團隊. 曾在因緣際會下帶著一雙兒女參加青少年成長班、於課程中講師搬出了一大袋的人工添加物、提到這些傷害健康的物質皆為人體一年內可能吃進的添加物、故現今許多文明病、癌症等均是日常飲食所造成、面對著滿滿一桌的添加物當場讓我相當震驚、也深刻體會到有害物質不時的圍繞於生活之中、震驚之餘當下期許自己要生產最健康無毒的食品、一定要以生產自己敢吃才給別人吃為前提的無添加食,無,https://s1.myqr.com.tw/newshop/177/TypeGoods?type2=5425&type1=5964&type0=5992&pageIndex=0&goodId=29325,無,https://pshop.myqr.com.tw/qrssimage/GoodsImage/69/69656.png?23
4710134037006,野菜一日100%綜合蔬果汁/280ml*24入,常溫食品,沖調/飲品/咖啡/早餐,飲品,無,756,0.0,4,奧納芮,野菜一日 100% 綜合蔬果汁 方便攜帶的蔬菜、快速補充一日不足蔬菜 特色 ◎12 種蔬菜使用、蔬菜含量 98%、每日一瓶補充一日不足蔬菜! ◎補充茄紅素營養、每日營養補充最佳飲品! ◎100% 無添加、熱量僅 90.8 大卡 / 瓶、補充營養無負擔! 食用方法 ◎冷藏後飲用風味更佳、沉澱屬於自然現象、飲用前請先搖勻、開瓶後需冷藏. 保存方式 ◎請存放陰涼處、避免日光直射. ◎飲用前請搖勻、開瓶後請儘早飲用、若未喝完請冷藏保存. 【商品資訊】 產品名稱:可果美野菜一日 100% 綜合蔬果汁 280ml 內容物成分:水、濃縮蕃茄泥、胡蘿蔔濃縮汁、胡蘿蔔泥、檸檬濃縮汁、羽衣甘藍濃縮汁、芹菜汁、小白菜汁、芥藍菜汁、蘆筍汁、菠菜汁、青江菜汁、小黃瓜汁、綠花椰菜汁、高麗菜汁. 保存期限:一年 產地:台灣,無,https://s1.myqr.com.tw/newshop/177/TypeGoods?type2=5425&type1=5964&type0=5992&pageIndex=0&goodId=35643,無,https://pshop.myqr.com.tw/qrssimage/GoodsImage/86/86818.jpg?23
4711457500253,奧納芮有機紅葡萄汁/295ml*24入,常溫食品,沖調/飲品/咖啡/早餐,飲品,無,1404,0.0,7,奧納芮,商品描述 ◎100% 原汁、無添加糖、人工色素、防腐劑、健康無負擔 ◎通過慈心(TOC)有機驗證、原料天然栽種、不使用化學農藥 / 肥料、純粹真實原味 ◎奧納芮 AuNaturel 源自法文、品牌精神「自然」「純粹」「真實」 【特色】 含天然葉酸與多元酚、每瓶約含 55~60 顆葡萄(每顆重量約 10g) 【食用方法】 冷藏後飲用風味更佳、沉澱屬於自然現象、飲用前請先搖勻、開瓶後需冷藏. 【保存方式】 請存放於陰涼處、避免日光直射、開瓶後請冷藏並盡快使用完畢. 【產地】台灣 【容量】295ml,無,https://s1.myqr.com.tw/newshop/177/TypeGoods?type2=5425&type1=5964&type0=5992&pageIndex=0&goodId=28680,可美特 有機認證,https://pshop.myqr.com.tw/qrssimage/GoodsImage/67/67144.jpg?59
4711457500260,奧納芮有機綜合蔬果汁/295ml*24入,常溫食品,沖調/飲品/咖啡/早餐,飲品,無,1404,0.0,2,奧納芮,◎奧納芮 AuNaturel 源自法文、品牌精神「自然」「純粹」「真實」 ◎100% 原汁、無添加糖、人工色素、防腐劑、健康無負擔 ◎通過慈心(TOC)有機驗證、原料天然栽種、不使用化學農藥 / 肥料、純粹真實原味,無,https://s1.myqr.com.tw/newshop/177/TypeGoods?type2=5425&type1=5964&type0=5992&pageIndex=0&goodId=28679,可美特 有機認證,https://pshop.myqr.com.tw/qrssimage/GoodsImage/67/67137.jpg?59
4711457500222,奧納芮有機蕃茄汁/295ml *24入,常溫食品,沖調/飲品/咖啡/早餐,飲品,無,1404,0.0,5,奧納芮,◎奧納芮 AuNaturel 源自法文、品牌精神「自然」「純粹」「真實」 ◎100% 原汁、無添加糖、人工色素、防腐劑、健康無負擔 ◎通過慈心(TOC)有機驗證、原料天然栽種、不使用化學農藥 / 肥料、純粹真實原味 原產地:台灣 成份:水、有機蕃茄糊(美國 / 義大利 / 土耳其) 容量:295ml 保存期限:2 年(有效日期標示於瓶蓋上) 特色:含天然茄紅素與膳食纖維、每瓶約含 4~5 顆蕃茄(每顆重量約 80g) 食用方法:冷藏後飲用風味更佳、沉澱屬於自然現象、飲用前請先搖勻、開瓶後需冷藏. 保存方式:請存放於陰涼處、避免日光直射、開瓶後請冷藏並盡快使用完畢.,無,https://s1.myqr.com.tw/newshop/177/TypeGoods?type2=5425&type1=5964&type0=5992&pageIndex=0&goodId=28678,可美特 有機認證,https://pshop.myqr.com.tw/qrssimage/GoodsImage/67/67132.jpg?94
4710134027557,奧納芮有機蘋果汁/295ml*24入,常溫食品,沖調/飲品/咖啡/早餐,飲品,無,1404,0.0,5,奧納芮,◎奧納芮 AuNaturel 源自法文、品牌精神「自然」「純粹」「真實」 ◎100% 原汁、無添加糖、人工色素、防腐劑、健康無負擔 ◎通過慈心(TOC)有機驗證、原料天然栽種、不使用化學農藥 / 肥料、純粹真實原味 特色: 含天然葉酸與多元酚 食用方法: 冷藏後飲用風味更佳、沉澱屬於自然現象、飲用前請先搖勻、開瓶後需冷藏. 保存方式: 請存放於陰涼處、避免日光直射、開瓶後請冷藏並盡快使用完畢. 產品成分: 水、有機蘋果濃縮汁(義大利) 容量:295ml 保存期限: 24 個月,無,https://s1.myqr.com.tw/newshop/177/TypeGoods?type2=5425&type1=5964&type0=5992&pageIndex=0&goodId=28676,可美特 有機認證,https://pshop.myqr.com.tw/qrssimage/GoodsImage/67/67126.jpg?94
4714379955149,米森100%冰湖大燕麥片/500g,常溫食品,沖調/飲品/咖啡/早餐,早餐麥片,無,160,0.0,16,米森,【青荷御膳房】 1.取出 6 湯匙(約 50 公克)直接倒入碗中. 2.加入 200∼250ml 的冰或熱牛奶、豆漿或穀粉等. 3.充分攪拌後、即可直接食用. 麥片已經完全蒸熟、可直沖泡後食用、免等. 產品內容物與規格說明 / 保固資訊 品名:米森冰湖大燕麥片 原料:大燕麥片 食品添加物名稱:無 規格:500 公克 保存期限:12 個月(未開封前) 保存方式:避免日光直射、置於陰涼乾燥處、開封後請冷藏並請儘快食用完畢 原產地:芬蘭 廠商名稱:青荷國際有限公司 電話:03-359-4557 地址:桃園市龜山區振興路 1165-1 號 產地:芬蘭 產品標示內容 【食品業者登錄字號】H-124407269-00000-9 【投保產品責任險公司與字號】明台產物保險股份有限公司、字號:0009PDT00094 【製造廠商或國內負責廠商名稱】青荷國際有限公司 【製造廠商或國內負責廠商電話】03-359-4557 【製造廠商或國內負責廠商地址】桃園市龜山區振興路 1165-1 號 【食物過敏原標示】無 【其他揭露事項】訂購注意事項: ●商品有效日:消費者收受之商品、其有效日期至少距收受日 91 日以上 ●運送方式:常溫 ●消費者取貨時、應從速檢查所受領之物;欲退換貨、應善盡商品保存之責任 ●販售人姓名:青荷國際有限公司 電話:03-359-4557 地址:桃園市龜山區振興路 1165-1 號 食品登錄字號 H-124407269-00000-9 ●消費爭議處理申訴專線:03-359-4557;如發生訴訟時雙方同意以桃園地方法院為第一審管轄法院 【內容物成份】大燕麥片 【內容量(重量)】500 公克 【保存期限(總效期)】12 個月(未開封),無,https://s1.myqr.com.tw/newshop/177/TypeGoods?type2=5425&type1=5964&type0=5993&pageIndex=0&goodId=29246,無,https://pshop.myqr.com.tw/qrssimage/GoodsImage/69/69112.jpg?78
4712511471410,米森100%有機即食大燕麥片(罐裝)/880g,常溫食品,沖調/飲品/咖啡/早餐,早餐麥片,無,621,0.0,28,米森,【米森 Vilson】100% 有機即食大燕麥片 880g(芬蘭麥片) 100% 有機即食大燕麥片來自歐洲第一大有機麥片廠 HELSINGINMYLLYOY. 位處芬蘭獨特的北極圈冰原、蘊育出高品質的有機燕麥片、 特殊碾製技術、完整 2 倍大燕麥、不切片、 保留更多膳食纖維、提升豐富營養、適合全家安心食用. 產品特色 1.本產品通過芬蘭(EVIRA)及慈心的雙重有機驗證. 2.歐洲第一大有機麥片廠、採用自動化生產設備、並通過國際 ISO9001 食品認證、品質安全有保障. 3.100% 有機即食大燕麥片為完整燕麥粒碾製、並已經蒸熟、可直接沖泡食用. 米森烹飪教室 1.甜麥片:直接將 5 匙(約 60 公克)的有機即食大燕麥片加入 250c.c.熱開水、牛奶、果汁或優酪乳及少許糖、即可做成甜麥片. 2.鹹麥片:直接將 5 匙(約 60 公克)的有機即食大燕麥片加入煮熟的蔬菜或肉片及少許鹽、即可做鹹麥片. 營養標示(每 100 公克) 熱量 339 大卡 蛋白質 14 公克 脂肪 6.2 公克 - 飽和脂肪 0.8 公克 - 反式脂肪 0 公克 碳水化合物 56 公克 鈉 1.9 毫克 膽固醇 0 毫克 膳食纖維 11 公克 ※營養標示數據若與包裝上略有差異時、以實際包裝上標示為準※ 廠商名稱:青荷國際有限公司 廠商電話號碼:03-359-4557 廠商地址:桃園市建國路 188-4 號 9 樓,無,https://s1.myqr.com.tw/newshop/177/TypeGoods?type2=5425&type1=5964&type0=5993&pageIndex=0&goodId=28450,青荷 有機認證,https://pshop.myqr.com.tw/qrssimage/GoodsImage/66/66200.jpg?78
4714379954906,米森水果覆盆莓麥片/400g,常溫食品,沖調/飲品/咖啡/早餐,早餐麥片,無,225,0.0,17,米森,品名:【米森 vilson】水果覆盆莓麥片(400g/ 盒) 大燕麥片(芬蘭)、覆盆莓榖脆片(全麥麵粉、小麥粉、糖、葡萄糖、覆盆莓粉、覆盆莓果粒、油菜籽油、鹽╱芬蘭)、黑麥片(芬蘭)、金黃葡萄乾(金黃葡萄乾、葵花油╱澳洲)、葡萄乾(葡萄乾、葵花油╱澳洲)、切片蔓越莓乾(蔓越莓乾、糖、葵花油╱加拿大 淨重:400 公克 / 盒 保存期限:12 個月(未開封前) 有效日期:標示於外包裝上(西元年 / 月 / 日) 保存方式:避免日光直射、置於陰涼乾燥處、開封後請冷藏並請儘快食用完畢 委託工廠:簡單生活開發有限公司 (通過國際 ISO22000 及 HACCP 食品安全認證) 原產地:芬蘭、澳洲、加拿大 【食品業者登錄字號】H-124407269-00000-9 【投保產品責任險公司與字號】明台產物保險股份有限公司、字號:8508PDT00569 【製造廠商或國內負責廠商名稱】青荷國際有限公司 【製造廠商或國內負責廠商電話】03-359-4557 【製造廠商或國內負責廠商地址】桃園市龜山區振興路 1165-1 號 【營養標示】 每一份量 50 公克、本包裝含 8 份 每份每 100 公克 熱量 181 大卡 362 大卡 蛋白質 5.4 公克 10.7 公克 脂肪 2.4 公克 4.9 公克 飽和脂肪 0.5 公克 1.0 公克 反式脂肪 0.0 公克 0.0 公克 碳水化合物 36.1 公克 72.2 公克 糖 8.3 公克 16.6 公克 膳食纖維 3.6 公克 7.1 公克 鈉 9 毫克 18 毫克 營養標示數據若與包裝上略有差異時、以實際包裝上標示為準.,無,https://s1.myqr.com.tw/newshop/177/TypeGoods?type2=5425&type1=5964&type0=5993&pageIndex=0&goodId=29255,無,https://pshop.myqr.com.tw/qrssimage/GoodsImage/69/69174.jpg?15
4714379954982,米森冰湖全穀麥片/500g,常溫食品,沖調/飲品/咖啡/早餐,早餐麥片,無,160,0.0,20,米森,產品特色 米森特選來自芬蘭及丹麥的有機冰湖 5 種穀麥原料、獨特的冰湖地形、形成天然純淨的環境條件、並利用春夏溫暖時期、引用無污染冰湖雪水灌溉、蘊育出麥香濃郁且飽滿的有機穀麥.經過篩選清洗、碾製、蒸熟等自動化製程.最後製作成超薄有機大燕麥片、有機黑麥片、有機小麥片、有機大麥片、有機玉米片、完全熟化可即沖即食、方便全家人一同食用. 產品內容 原料:有機大燕麥片 有機黑麥片 有機玉米脆片(非基因改造) 有機小麥片 有機大麥片 有機葡萄糖(僅用在有機玉米脆片) 鹽 規格:500 公克 / 盒 保存方式:避免日光直射 置於陰涼乾燥處 開封後請儘快食用完畢 驗證單位:慈心有機驗證股份有限公司 保存期限:12 個月 原產地:芬蘭、丹麥 食用方法 ※可依個人喜好 調整口感 ※麥片已經全完蒸熟 可直接沖泡後食用 1.取出約 6 湯匙(約 50 公克)直接倒入碗中 2.加入 200~250 亳升的冰或熱牛奶 豆漿 穀粉等 3.充份攪拌後 即可直接飲用,無,https://s1.myqr.com.tw/newshop/177/TypeGoods?type2=5425&type1=5964&type0=5993&pageIndex=0&goodId=29247,無,https://pshop.myqr.com.tw/qrssimage/GoodsImage/69/69122.jpg?15
4714379954975,米森冰湖黑麥片/500g,常溫食品,沖調/飲品/咖啡/早餐,早餐麥片,無,160,0.0,21,米森,米森 - 有機冰湖黑麥片 芬蘭有機黑麥片 - 來自純淨冰湖農場 米森特選來自芬蘭的冰湖有機黑麥片原料、其種植於獨特的冰湖地形、具有天然純淨的絕佳條件、並利用春夏溫暖時期引用無汙染冰湖雪水灌溉、完美蘊育出麥香濃郁且飽滿的黑麥.再經過篩選、清洗、碾製、蒸熟等現代自動化製程、製作出完全熟化可即沖即食的有機超薄黑麥片、適合全家人每天食用.另外本廠通過 ISO22000 及 HACCP 食品安全管理驗證、更多一份安心與保障. 【青荷御膳房】 1.取出 6 湯匙(約 50 公克)直接倒入碗中. 2.加入 200∼250ml 的冰或熱牛奶、豆漿或穀粉等. 3.充分攪拌後、即可直接食用. 麥片已經完全蒸熟、可直沖泡後食用、免等. ★即沖即食、高膳食纖維 ★純淨冰湖雪水灌溉、蘊育完美飽滿黑麥 ★完全熟化、細緻薄片、口感綿密 商品規格 品名:米森有機冰湖黑麥片 原料:有機黑麥片 驗證單位:慈心有機驗證股份有限公司 有機農產品驗證證書字號:TOC-P0002 規格:500 公克 保存期限:12 個月(未開封前) 保存方式:避免日光直射、置於陰涼乾燥處、開封後請冷藏並請儘快食用完畢 原產地:芬蘭(有機工廠專業烘焙及分裝) 製造廠商或國內負責廠商名稱:青荷國際有限公司 製造廠商或國內負責廠商地址:桃園市龜山區振興路 1165-1 號 製造廠商或國內負責廠商電話:03-3594-557,無,https://s1.myqr.com.tw/newshop/177/TypeGoods?type2=5425&type1=5964&type0=5993&pageIndex=0&goodId=28452,青荷 慈心驗證 慈心認證 慈心有機驗證,https://pshop.myqr.com.tw/qrssimage/GoodsImage/65/65782.jpg?50
4714379950724,米森有機無麩質野莓麥片/400g,常溫食品,沖調/飲品/咖啡/早餐,早餐麥片,無,285,0.0,5,米森,產品內容物與規格說明 / 保固資訊 品名:【米森】有機無麩質野莓麥片 原料:有機無麩質大燕麥片(加拿大)、有機玉米脆片(有機玉米脆片╱非基因改造、海鹽、有機葡萄糖)(丹麥) 、有機切片蔓越莓乾(有機蔓越莓、有機糖、有機葵花油)(加拿大)、有機葡萄乾(有機葡萄乾、有機葵花油) (美國)、有機藍莓乾(有機藍莓、有機砂糖、有機葵花籽油)(加拿大) 驗證單位:慈心有機驗證股份有限公司 有機農產品驗證證書字號:1-009-210002 規格:400 公克 食品添加物名稱:無 保存期限:12 個月(未開封前) 保存方式:避免日光直射、置於陰涼乾燥處、開封後請冷藏並請儘快食用完畢 原產地:丹麥、加拿大、美國 &middot;產地:加拿大 【食品業者登錄字號】H-124407269-00000-9 【投保產品責任險公司與字號】明台產物保險股份有限公司、字號:0009PDT00094 【製造廠商或國內負責廠商名稱】青荷國際有限公司 【製造廠商或國內負責廠商電話】03-359-4557 【製造廠商或國內負責廠商地址】桃園市龜山區振興路 1165-1 號 【食物過敏原標示】無 【葷 / 純素 / 奶蛋素】純素 【其他揭露事項】訂購注意事項: ●商品有效日:消費者收受之商品 其有效日期至少距收受日 91 日以上 ●投保產品責任險公司與字號:明台產物保險股份有限公司、字號:0009PDT00094 ●運送方式:常溫 ●消費者取貨時 應從速檢查所受領之物;欲退換貨 應善盡商品保存之責任 ●產品資訊若與包裝上略有差異時 以實際包裝上標示為準,無,https://s1.myqr.com.tw/newshop/177/TypeGoods?type2=5425&type1=5964&type0=5993&pageIndex=0&goodId=28465,青荷 慈心驗證 慈心認證 慈心有機驗證,https://pshop.myqr.com.tw/qrssimage/GoodsImage/66/66202.jpg?50
4714379951455,米森核桃蔓越莓麥片/450g,常溫食品,沖調/飲品/咖啡/早餐,早餐麥片,無,225,0.0,12,米森,商品名稱 米森 Vilson 核桃蔓越莓麥片(450g) 品牌 米森有機 包裝入數 單入 商品種類 燕麥片 保存方法 避免日光直射、置於陰涼乾燥處、開封後請冷藏並請儘快食用完畢 內容物成份 大燕麥片(芬蘭)切片蔓越莓乾(蔓越莓乾、糖、葵花油)(加拿大)黑麥片(芬蘭)小麥片(芬蘭)大麥片(芬蘭)玉米脆片(玉米╱非基因改造、海鹽、葡萄糖)(丹麥)核桃(美國)、葡萄乾(葡萄乾、葵花油)(美國) 熱量 如營養標示 每份營養成份 如營養標示 內容量(g/ml) 450g 食品添加物名稱 無 原料原產地 芬蘭、加拿大、美國、丹麥 製造 / 加工地 台灣 廠商名稱 青荷國際有限公司 廠商電話號碼 03-359-4557 廠商地址 桃園市龜山區振興路 1165-1 號 保存期限 12 個月(未開封前) 製造日期╱有效日期 依商品包裝標示 投保產品責任險字號 明台產物保險股份有限公司 字號:0009PDT00094 食品業者登錄字號 H-124407269-00000-9 訂購注意事項 ●商品有效日:消費者收受之商品 其有效日期至少距收受日 91 日以上 ●投保產品責任險公司與字號:明台產物保險股份有限公司 字號:0009PDT00094 ●運送方式:常溫 ●消費者取貨時 應從速檢查所受領之物;欲退換貨 應善盡商品保存之責任 ●販售人姓名:青荷國際有限公司 電話:03-359-4557 地址:桃園市龜山區振興路 1165-1 號 食品登錄字號 H-124407269-00000-9 ●消費爭議處理申訴專線:03-359-4557;如發生訴訟時雙方同意以桃園地方法院為第一審管轄法院 ●產品資訊若與包裝上略有差異時 以實際包裝上標示為準,無,https://s1.myqr.com.tw/newshop/177/TypeGoods?type2=5425&type1=5964&type0=5993&pageIndex=0&goodId=29256,無,https://pshop.myqr.com.tw/qrssimage/GoodsImage/69/69187.jpg?34
4714379954883,米森草莓莓果脆麥片/350g,常溫食品,沖調/飲品/咖啡/早餐,早餐麥片,無,300,0.0,-11,米森,★安心級 無添加防腐劑、人工香料及色素 獨家酥脆、香甜、不油膩 多層次豐富口感、享受真食物的美味 營養優先!高膳食纖維、適合全家 米森特選來自丹麥的脆麥片 GRANOLAX 莓果果乾、就是要顛覆你對麥片的想像!跨國研發&quot;超酥脆口感的&quot;脆麥片:香甜、爽口不油膩、口感超酥脆、每一口都嘗得到真食物的美味!並加入草莓片、蔓越莓、及特製覆盆莓榖脆片調配成口感酥脆且豐富莓果的脆麥片. 【商品規格】 原料原味脆麥片(燕麥、轉化糖漿(砂糖、水)、砂糖、小麥、葵花油、穀物(米粉、玉米粉(非基因改造)、全麥麵粉、砂糖)、椰子、榛果、海鹽(丹麥)大燕麥片(芬蘭)、草莓穀脆片(全麥麵粉、小麥粉、糖、草莓片、草莓粒、草莓粉、葡萄糖、覆盆莓粉、油菜籽油、鹽)(芬蘭)切片蔓越莓乾(蔓越莓、糖、葵花油)(加拿大)覆盆莓穀脆餅(全麥麵粉、小麥粉、糖、葡萄糖、覆盆莓粉、油菜籽油、鹽)(芬蘭)、冷凍乾燥草莓粉(波蘭) 規格 350 公克盒 保存期限 12 個月(未開封) 有效日期標示於外包裝上(西元年╱月╱日) 保存方式避免日光直射、開封後請密封冷藏. 產地丹麥、芬蘭、加拿大、波蘭 備註產品資訊若與包裝上略有差異時、以實際包裝上標示為準,無,https://s1.myqr.com.tw/newshop/177/TypeGoods?type2=5425&type1=5964&type0=5993&pageIndex=0&goodId=29253,無,https://pshop.myqr.com.tw/qrssimage/GoodsImage/69/69158.jpg?34
4714379950731,米森無麩質有機大燕麥片/450g,常溫食品,沖調/飲品/咖啡/早餐,早餐麥片,無,245,0.0,24,米森,商品特色 ★有機 ★專業無麩質(GlutenFree)安心製程 即沖即食、含膳食纖維 純淨冰湖雪水灌溉、蘊育完美飽滿大燕麥 完全熟化、細緻薄片、口感綿密 銷售重點 「米森」特選來自芬蘭的有機純燕麥片、獨特的冰湖地形、形成天然純淨的環境條件、並利用春夏溫暖時期、引用無汙染冰湖雪水灌溉、蘊育出麥香濃郁且飽滿的有機燕麥.且特別從農場種植到加工過程中、嚴格執行完整的無麩質製程、來確保有機大燕麥片符合歐盟無麩質(GlutenFree)規定、並且全程通過有機驗證、給全家人雙份安心與保障. ★專業無麩質(GlutenFree)安心製程 ★即沖即食、含膳食纖維 ★純淨冰湖雪水灌溉、蘊育完美飽滿大燕麥 ★完全熟化、細緻薄片、口感綿密 商品品名:米森有機無麩質大燕麥片 商品規格:450g/ 盒 商品重(容)量:450g 內容物名稱(成分):有機無麩質大燕麥片 原產地(國):加拿大 製造廠商或國內負責廠商名稱:青荷國際有限公司 製造廠商或國內負責廠商地址:桃園市龜山區振興路 1165-1 號 製造廠商或國內負責廠商電話:03-3594-557,無,https://s1.myqr.com.tw/newshop/177/TypeGoods?type2=5425&type1=5964&type0=5993&pageIndex=0&goodId=28451,青荷 有機認證,https://pshop.myqr.com.tw/qrssimage/GoodsImage/66/66201.jpg?70
4712834521076,歐特有機十穀麥片/500g,常溫食品,沖調/飲品/咖啡/早餐,早餐麥片,無,200,0.0,43,歐特,產品內容物與規格說明 / 保固資訊 品名:歐特有機十穀麥片 內容物:有機綜合穀片(有機燕麥、有機紅扁豆、有機珍珠大麥、有機小米、有機黑豆)(台灣)、有機黑麥片(台灣)、有機黑糯米片(台灣)、有機紫麥片(加拿大)、有機小麥脆片(台灣)、非基因改造有機黃豆脆片(台灣) 食品添加物:無 淨重:500g 原產地:台灣、加拿大 有機驗證字號:1-009-210078 有機驗證機構:慈心有機驗證股份有限公司 保存期限:18 個月(未開封) 保存方式:請存放於陰涼乾燥處、開封後請儘快食用完畢. 注意事項: 本產品含有麩質的穀類及其製品、不適合其過敏體質者食用. 本產品生產製程廠房、其設備或生產管線有處理堅果種子類、含有麩質的穀類、大豆及其製品. 內附脫氧劑請勿食用. 國內負責廠商資料 名稱:正原有機國際有限公司 電話:(02)2957-6628 食品業者登錄字號:F-180226959-00000-4 投保產品責任險字號:富邦產物保險 0500 字第 18AML0000545 號 產地:台灣 【食品業者登錄字號】F-180226959-00000-4 【投保產品責任險公司與字號】富邦產物保險 0500 字第 18AML0000545 號 【製造廠商或國內負責廠商名稱】正原有機國際有限公司 【製造廠商或國內負責廠商電話】02)2957-6628 【製造廠商或國內負責廠商地址】新北市板橋區信義路 163 巷 7 號 10 樓 【食物過敏原標示】詳如規格說明 【葷 / 純素 / 奶蛋素】純素 【內容物成份】有機綜合穀片(有機燕麥、有機紅扁豆、有機珍珠大麥、有機小米、有機黑豆)(台灣)、有機黑麥片(台灣)、有機黑糯米片(台灣)、有機紫麥片(加拿大)、有機小麥脆片(台灣)、非基因改造有機黃豆脆片(台灣) 【內容量(重量)】500g 【食品添加物名稱】無 【保存期限(總效期)】18 個月(未開封),無,https://s1.myqr.com.tw/newshop/177/TypeGoods?type2=5425&type1=5964&type0=5993&pageIndex=0&goodId=28626,歐特 慈心驗證 慈心認證 慈心有機驗證,https://pshop.myqr.com.tw/qrssimage/GoodsImage/66/66864.jpg?70
4712834521052,歐特有機大燕麥片/500g,常溫食品,沖調/飲品/咖啡/早餐,早餐麥片,無,150,0.0,106,歐特,歐特全穀麥片標榜無過度加工、不切除萃取任何成分、如同米食裡的糙米、包含了「胚芽、胚乳、麩皮」三部分的完整麥粒、在保存最多營養的原則下、以 100% 全穀麥粒壓製熟化而成、口感綿密清香且易於吸收、是奉行全穀飲食及飲食管理的最佳食材. 嚴選上等金黃麥粒、未經切割萃取的完整穀麥營養、並佐以獨特蒸氣熟化技術、避免因烘烤加工而造成的燕麥油脂氧化、再不破壞天然成分、保存最多營養的原則下、以全穀有機穀麥壓製而成的歐特有機全穀大燕麥片、口感綿密清香且易於吸收、是奉行全穀飲食的絕佳首選. ●包含胚芽、胚乳、麩皮、三部分完整全穀麥粒直接壓製而成 ●高膳食纖維、高飽足感 ●比一般市售燕麥片、多喝進花青素的營養素! 內容物:有機大燕麥片(台灣) 食品添加物:無 淨重:500g 原產地:台灣 有機驗證字號:TOC-P0110 有機驗證機構:慈心有機驗證股份有限公司 保存期限:18 個月(未開封) 保存方式:請存放於陰涼乾燥處、開封後請儘快食用完畢. 注意事項: 1.本產品含有麩質的穀類及其製品、不適合其過敏體質者食用. 2.本產品生產製程廠房、其設備或生產管線有處理堅果種子類、含有麩質的穀類、大豆及其製品. 3.內附脫氧劑請勿食用. 國內負責廠商資料 名稱:正原有機國際有限公司,無,https://s1.myqr.com.tw/newshop/177/TypeGoods?type2=5425&type1=5964&type0=5993&pageIndex=0&goodId=28625,歐特 慈心驗證 慈心認證 慈心有機驗證,https://pshop.myqr.com.tw/qrssimage/GoodsImage/66/66857.jpg?53
4024297467380,Naturata可可粉(無糖)/125g,常溫食品,沖調/飲品/咖啡/早餐,沖調飲品,無,170,0.0,48,自然生活,【國際公平貿易認證、無糖純可可粉】 ★最適合冬天的補給飲料、純粹無糖不負擔 ★可可脂僅佔 10~12% ★支持小農、永續未來 100% 公平貿易:Naturata 可可豆來自中美洲和南美洲的各種 Fairtrade 項目 由於可可脂含量低(10%~12%)、因此上油後的可可脂會帶有強烈的可可味 成分:減脂可可(無糖) 產品規格:125g 保存方式:請置於陰涼乾燥處 保存期限:依照包裝標示 食用方法:建議可以直接以 1-2 匙約 8g 可可粉沖泡 200cc 冷水或熱水飲用、或加入熱牛奶、咖啡、豆漿、燕麥飲或依個人口味調整 原產地:荷蘭 販售業者登錄字號:A-128852515-00000-4(天和鮮物股份有限公司) 製造廠商或國內負責廠商名稱:泰宗生物科技股份有限公司 製造廠商或國內負責廠商地址:新北市汐止區新台五路一段 97 號 24F-8 製造廠商或國內負責廠商電話:02-26972628 以消費者收受日算起、除特殊性商品(生鮮蔬果、烘焙麵包、現做便當、快閃優惠、特價優惠等商品)至少距有效日期前?日以上:30 天,無,https://s1.myqr.com.tw/newshop/177/TypeGoods?type2=5425&type1=5964&type0=6202&pageIndex=0&goodId=28703,自然生活 有機認證,https://pshop.myqr.com.tw/qrssimage/GoodsImage/67/67239.png?53
4015533019296,Voelkel紅葡萄原汁-Demeter/700ml,常溫食品,沖調/飲品/咖啡/早餐,沖調飲品,無,380,0.0,5,自然生活,保持紅潤好氣色的天然好物! 富含花青素、前花青素、白蔾蘆醇、鐵、鉀、維生素 B 群 無添加糖、防腐劑 成分:生機紅葡萄原汁 100% 容量:700 毫升 原產地:德國 oelkel 作為 Demeter 認證和生機的先驅者、我們堅持與大自然和諧相處的生活模式已經歷四代之久、使自然的多樣性提供了美味的果汁原料!憑藉著與生態共生的基礎、我們致力於保護大自然並使生態平衡得以延續後代. 精選自義大利釀酒品種:梅洛葡萄(MerlotGrape)、具有絲絨般柔和的口感、在義大利常被用來釀造葡萄酒.我們與義大利家族企業 Polpuva 建立長久良好的夥伴關係、本產品採用當地以國際自然活力農耕法栽種的生機葡萄、當葡萄成熟能量飽滿時是以手工方式將葡萄一顆顆摘下來、以最快速的時間內將葡萄清洗乾淨後連皮帶籽一起壓榨成汁裝瓶、保留了豐富的營養素以及香醇風味.,無,https://s1.myqr.com.tw/newshop/177/TypeGoods?type2=5425&type1=5964&type0=6202&pageIndex=0&goodId=46079,無,https://pshop.myqr.com.tw/qrssimage/GoodsImage/125/125319.jpg?89
4015533052392,Voelkel甜菜根汁-Demeter/700ml,常溫食品,沖調/飲品/咖啡/早餐,沖調飲品,無,335,0.0,14,自然生活,多元飲用時機、增添更多飲食樂趣! 富含根莖蔬菜的微量元素與維生素 成分:生機綜合根莖汁(甜菜根汁 52.5%、胡蘿蔔汁 20%、西芹根汁 20%、馬鈴薯汁 5%、黑蘿蔔汁 1.5%、西印度櫻桃汁 1%) 容量:700 毫升 原產地:德國 Voelkel 生機根莖蔬菜汁僅使用 Demeter 認證的高品質原料:將天然芳香的紅甜菜塊莖、胡蘿蔔和美味的芹菜輕輕壓榨、保留滿滿的營養素、再添加乳酸菌混合、過程中完全不加鹽. 自 1936 年以來、對人類與自然的責任一直是我們家族企業的中心思想、保有 Voelkel 傳統的「促進人類和自然的長期互動」.引領潮流、跳出框框思考、開闢新天地成為 Voelkel 長期以來的運營及決策核心、例如:我們支持草甸果園的區域水果種植、以保護珍貴的文化遺產和棲息地、使動植物種類繁多;此外、我們長期與水果、蔬菜農夫之間的公平貿易和良好關係、奠定了友善的企業基礎.最重要的是、所有生產能源皆來自可再生能源、完全無需基因工程就能生產出美味可口的果汁.,無,https://s1.myqr.com.tw/newshop/177/TypeGoods?type2=5425&type1=5964&type0=6202&pageIndex=0&goodId=46082,無,https://pshop.myqr.com.tw/qrssimage/GoodsImage/125/125318.jpg?89
4015533042027,Voelkel甜菜根薑汁-Demeter/700ml,常溫食品,沖調/飲品/咖啡/早餐,沖調飲品,無,355,0.0,19,自然生活,冬季營養溫補飲 補血好氣色 成分:生機甜菜根汁、生機薑汁(薑汁、濃縮檸檬汁) 容量:750 毫升 原產地:德國 用甜菜根和薑製成的果汁.我們的 Demeter 長期種植合作夥伴 RichardKonrad、在安第斯山脈陡峭的山坡上小農場內種植和採收薑、Demeter 是生機動力栽培的認證標章、不使用化學合成劑和礦物質肥料、與自然和宇宙和諧相處的耕作方式確保土壤及植物品質、也是我們長期以來的理念.,無,https://s1.myqr.com.tw/newshop/177/TypeGoods?type2=5425&type1=5964&type0=6202&pageIndex=0&goodId=46080,無,https://pshop.myqr.com.tw/qrssimage/GoodsImage/125/125316.jpg?25
4015533013942,Voelkel莓果綜合汁-利樂包-Demeter/750ml,常溫食品,沖調/飲品/咖啡/早餐,沖調飲品,無,280,0.0,12,自然生活,【產品特色】 1.源自德國百年家族傳承工藝與智慧、精選富含植化素的漿果與蘋果汁結合的美味純果汁、不加水、甜味劑、非濃縮果汁還原.採巴斯德滅菌、保留完整營養、使每一滴都猶如現榨般新鮮. 2.採用 FSC 國際森林驗證及可回收的包材.,無,https://s1.myqr.com.tw/newshop/177/TypeGoods?type2=5425&type1=5964&type0=6202&pageIndex=0&goodId=34154,無,https://pshop.myqr.com.tw/qrssimage/GoodsImage/125/125314.jpg?9
4015533103117,Voelkel黑醋栗原汁/330ml,常溫食品,沖調/飲品/咖啡/早餐,沖調飲品,無,400,0.0,1,自然生活,富含花青素、維生素 C、鉀、磷、鐵 無添加糖、防腐劑 成分:生機黑醋栗原汁 100% 容量:330 毫升 原產地:德國 100% 水果經初榨的優質原汁、保留原始且純正的味道、就像水果自然熟成的風味、為天然果汁保持優良品質.原汁是由特別酸性的水果製成而非濃縮還原汁. 我們的長期合作夥伴邁克爾戈爾尼茨(MichaelG&ouml;rnitz)在易北河上種植黑醋、確保果汁的 Demeter 品質.黑醋栗成熟的理想條件:建立在我們相互承諾和對大自然的尊重基礎上、使黑醋栗果實在健康的土壤中成熟.,無,https://s1.myqr.com.tw/newshop/177/TypeGoods?type2=5425&type1=5964&type0=6202&pageIndex=0&goodId=47757,無,https://pshop.myqr.com.tw/qrssimage/GoodsImage/130/130114.jpg?9
4015533049422,Voelkel蔓越莓原汁/330ml,常溫食品,沖調/飲品/咖啡/早餐,沖調飲品,無,380,0.0,15,自然生活,100% 蔓越莓原汁 不添加糖、水及防腐劑 成分:生機蔓越莓原汁 100% 容量:330 毫升 原產地:德國 100% 水果經初榨的優質原汁、保留原始且純正的味道、就像水果自然熟成的風味、為天然果汁保持優良品質.原汁是由特別酸性的水果製成而非濃縮還原汁. 我們的 Demeter 蔓越莓源自威斯康星州.自 1975 年、Nekoosa 家庭農場就以生物動力方式在這裡生產和耕種、秉持著對自然的尊重精神、使我們的蔓越莓汁保有良好品質且具有典型的風味.,無,https://s1.myqr.com.tw/newshop/177/TypeGoods?type2=5425&type1=5964&type0=6202&pageIndex=0&goodId=46081,蔓越莓原汁,https://pshop.myqr.com.tw/qrssimage/GoodsImage/125/125317.jpg?45
4015533040801,Voelkel檸檬原汁-Demeter/200ml,常溫食品,沖調/飲品/咖啡/早餐,沖調飲品,產地:德國,200,0.0,4,自然生活,哈通購物商城 Voelkel 檸檬原汁 ★100% 天然純汁、絕非濃縮還原汁 ★內含 8 顆新鮮天然檸檬、連皮帶籽直接榨汁 ★符合 Demeter 國際自然活力最高品質的要求 ★絕不添加糖、水、香料、色素及防腐劑 ★採用巴士德滅菌法、將新鮮蔬果汁極短暫加熱(65~85 度)、並急速冷卻入瓶、以保持果汁原味、蔬果之營養價值不易被破壞、使每一滴猶如現榨般新鮮 檸檬是含有豐富鹼性物質的水果、有維生素 C、B1 和鉀、促進鈣螯合、經常飲用可以調整體質、促進新陳代謝 成分:100% 檸檬原汁 產地:德國 容量 / 保存期限:200ml(約 8 顆檸檬)/24 個月 營養成分:維生素 C、B1 和鉀等 食用方法: 自然排毒法:每天早上空腹喝一瓶檸檬汁加溫水 300~500cc、持續 10 天以上. 建議以 5~8 倍水稀釋、搭配氣泡礦泉水或蘇打水或其他果汁飲用更佳. 用於製作醬料、涼拌菜、沙拉添加等. 製作雞尾酒、各式調酒的絕佳選擇. 自 1936 年以來、對人類和自然的責任一直是我們家族企業的核心理念;尊重人類和自然的長期規劃以及經濟活動一直是 Voelkel 傳統的一部分.引領潮流、跳出思維定勢和開闢新天地已經並將繼續是所有運營決策的核心.例如、我們支持草甸果園的區域水果種植、以這種方式保護珍貴的文化遺產和動植物物種高度多樣性的棲息地.此外、我們非常重視公平貿易以及與果蔬農戶的長期個人業務關係.我們生產的能源來自可再生能源、我們的工作完全沒有基因?工程. &bull;歐洲第一大天然果汁製造商. &bull;來自德國、四代傳承. &bull;成立於 1936 年(80 年製造果汁的純然熱情). &bull;創始人祖父母卡爾與瑪格麗特.維可在德國佩維斯特(Pevestorf)、位於德國北部溫德蘭(Wendland)的一座村莊開始、以謹慎的自然活力天然栽培法、維持和保護自然生態的平衡為經營理念. &bull;維可助人─你喝維可果汁、便是幫我們助人:為了符合未來經濟、環境與社會的需求、維可家族設立了維可基金會. &bull;Voelkel 第三代斯特凡.維可發展水果壓榨作業、生產約 180 種天然蔬果汁行銷歐洲及全世界. 產品品質 &bull;符合 Demeter. &bull;從採收到榨汁 21 小時完成. &bull;100% 天然純汁、可直接飲用的新鮮水果. &bull;絕不添加糖、水、香料色素及防腐劑. &bull;,無,https://s1.myqr.com.tw/newshop/177/TypeGoods?type2=5425&type1=5964&type0=6202&pageIndex=0&goodId=29359,無,https://pshop.myqr.com.tw/qrssimage/GoodsImage/82/82172.jpg?45
4015533013959,Voelkel蘋果原汁-Demeter/1000ml,常溫食品,沖調/飲品/咖啡/早餐,沖調飲品,無,280,0.0,35,自然生活,★每瓶含約 25 顆蘋果連皮帶籽鮮榨而成 ★不加水、不加糖、無甜味劑、色素及防腐劑 ★100% 純汁、絕非濃縮還原汁 ★嚴選綜合蔬果、溫和謹慎榨汁而成 ★符合 Demeter 國際自然活力最高品質的要求 ★絕不添加香料、色素及防腐劑 ★採用巴士德滅菌法、將新鮮蔬果汁極短暫加熱(65~85 度)、並急速冷卻入瓶、以保持果汁原味、蔬果之營養價值不易被破壞、使每一滴猶如現榨般新鮮 蘋果含有豐富豐富果膠、蘋果酸、維他命 C、鉀離子等、歐美有一句俗語:「一天一蘋果、醫生遠離我」、也就是說常吃蘋果有益健康 成分:100% 蘋果原汁 產地:德國 容量 / 保存期限:1000ml(約 25 顆蘋果)/12 個月 營養成分:豐富果膠、蘋果酸、維他命 C、鉀離子等. 食用方法:窈窕輕斷食(每天早上飲用蘋果汁 300ml+ 胡蘿蔔汁 200ml 取代早餐) 自 1936 年以來、對人類和自然的責任一直是我們家族企業的核心理念;尊重人類和自然的長期規劃以及經濟活動一直是 Voelkel 傳統的一部分.引領潮流、跳出思維定勢和開闢新天地已經並將繼續是所有運營決策的核心.例如、我們支持草甸果園的區域水果種植、以這種方式保護珍貴的文化遺產和動植物物種高度多樣性的棲息地.此外、我們非常重視公平貿易以及與果蔬農戶的長期個人業務關係.我們生產的能源來自可再生能源、我們的工作完全沒有基因?工程. &bull;歐洲第一大天然果汁製造商. &bull;來自德國、四代傳承. &bull;成立於 1936 年(80 年製造果汁的純然熱情). &bull;創始人祖父母卡爾與瑪格麗特.維可在德國佩維斯特(Pevestorf)、位於德國北部溫德蘭(Wendland)的一座村莊開始、以謹慎的自然活力天然栽培法、維持和保護自然生態的平衡為經營理念. &bull;維可助人─你喝維可果汁、便是幫我們助人:為了符合未來經濟、環境與社會的需求、維可家族設立了維可基金會. &bull;Voelkel 第三代斯特凡.維可發展水果壓榨作業、生產約 180 種天然蔬果汁行銷歐洲及全世界. 產品品質 &bull;符合 Demeter. &bull;從採收到榨汁 21 小時完成. &bull;100% 天然純汁、可直接飲用的新鮮水果. &bull;絕不添加糖、水、香料色素及防腐劑. &bull;採用巴士德滅菌法、將新鮮果汁極短暫加熱(65~85 度)、急速冷卻入瓶、以保持果汁原味、,無,https://s1.myqr.com.tw/newshop/177/TypeGoods?type2=5425&type1=5964&type0=6202&pageIndex=0&goodId=29362,無,https://pshop.myqr.com.tw/qrssimage/GoodsImage/84/84160.png?80
4015533002656,Voelkel蘋果醋-Demeter/750ml,常溫食品,沖調/飲品/咖啡/早餐,沖調飲品,無,335,0.0,23,自然生活,★採用天然蘋果壓榨成汁深層發酵而成 ★不經過濾也不經高溫滅菌的天然蘋果生醋 ★完整保留天然發酵的營養素 ★符合 Demeter 國際自然活力最高品質的要求 ★絕不添加糖、水、香料、色素及防腐劑 蘋果醋含有果膠、維他命、礦物質、胺基酸及酵素等、可幫助消化、調節生理機能.本產品精選 Demeter 國際自然農耕法的芳香蘋果精心壓榨成汁、經深層發酵而成的蘋果生醋、未經過濾且不經高溫滅菌、適合沙拉調醬或每天以礦泉水稀釋並添加蜂蜜飲用、有助於調整體質、養顏美容、青春美麗 成分:100% 蘋果醋(酸度 5%) 產地:德國 容量 / 保存期限:750ml/24 個月 營養成分:富含果膠、維生素 C、有機酸、鉀、酵素等 食用方法: 餐前飲用一杯幫助消化、和水 1:10 稀釋. 可用於泡菜、水果醃製、調製醬汁. 皮膚自然排毒:泡醋澡、於洗澡水中加入 300cc 蘋果醋泡澡約 20 分鐘. 自 1936 年以來、對人類和自然的責任一直是我們家族企業的核心理念;尊重人類和自然的長期規劃以及經濟活動一直是 Voelkel 傳統的一部分.引領潮流、跳出思維定勢和開闢新天地已經並將繼續是所有運營決策的核心.例如、我們支持草甸果園的區域水果種植、以這種方式保護珍貴的文化遺產和動植物物種高度多樣性的棲息地.此外、我們非常重視公平貿易以及與果蔬農戶的長期個人業務關係.我們生產的能源來自可再生能源、我們的工作完全沒有基因?工程. &bull;歐洲第一大天然果汁製造商. &bull;來自德國、四代傳承. &bull;成立於 1936 年(80 年製造果汁的純然熱情). &bull;創始人祖父母卡爾與瑪格麗特.維可在德國佩維斯特(Pevestorf)、位於德國北部溫德蘭(Wendland)的一座村莊開始、以謹慎的自然活力天然栽培法、維持和保護自然生態的平衡為經營理念. &bull;維可助人─你喝維可果汁、便是幫我們助人:為了符合未來經濟、環境與社會的需求、維可家族設立了維可基金會. &bull;Voelkel 第三代斯特凡.維可發展水果壓榨作業、生產約 180 種天然蔬果汁行銷歐洲及全世界. 產品品質 &bull;符合 Demeter. &bull;從採收到榨汁 21 小時完成. &bull;100% 天然純汁、可直接飲用的新鮮水果. &bull;絕不添加糖、水、香料色素及防腐劑. &bull;採用巴士德滅菌法、將新鮮果汁極短暫加熱(65,無,https://s1.myqr.com.tw/newshop/177/TypeGoods?type2=5425&type1=5964&type0=6202&pageIndex=0&goodId=29363,無,https://pshop.myqr.com.tw/qrssimage/GoodsImage/69/69833.jpg?80
4710799500242,小麥胚芽/500g,常溫食品,沖調/飲品/咖啡/早餐,沖調飲品,無,100,0.0,90,源順,產品特色 無添加人工香料 無添加化學添加物 無添加糖配方、享受健康無負擔 小麥胚芽含有植物性蛋白質.味道香醇、容易沖泡. 內容物說明 小麥胚芽 適用族群 建議素食者、油脂攝取過多者、年長者、運動員、多攝取小麥胚芽. 建議食用方式(量) 可直接食用或加入飲品沖調飲用 可於烘焙時加入小麥胚芽、代替脫脂奶粉或雞蛋蛋白、不僅可增加香氣、營養及口感更加分! 保存期限 1 年(常溫密封) 品牌介紹 源順為推廣有機食品產業、進行開發的產品將與企業&quot;無人工添加&quot;的理念更為契合、也讓中小型有機生產者有更多加工的機會、延伸更多的有機加工品.,無,https://s1.myqr.com.tw/newshop/177/TypeGoods?type2=5425&type1=5964&type0=6202&pageIndex=0&goodId=29831,無,https://pshop.myqr.com.tw/qrssimage/GoodsImage/71/71515.jpg?64
4710097111744,已催芽黑芝麻研磨粉/300g,常溫食品,沖調/飲品/咖啡/早餐,沖調飲品,無,270,0.0,341,源順,產品容量:(300 公克╱包) 成份說明:成份 / 特選 100% 已催芽黑芝麻粉生機健康產品產品說明: 芝麻經催芽轉換、極富營養價值.好消化、易吸收、與其自己在家耗工催芽、不如選購此產品、既吃得到催芽的營養、又省時方便實惠. 可使用於牛奶、豆漿、芝麻湯圓或加入麥片一起沖泡、亦或拌飯、菜湯調味等等日常使用、用途廣泛. 開封後未食用完、請將封口黏緊、放入冷藏保鮮效果更好. 有效期限:8 個月,無,https://s1.myqr.com.tw/newshop/177/TypeGoods?type2=5425&type1=5964&type0=6202&pageIndex=0&goodId=46292,無,https://pshop.myqr.com.tw/qrssimage/GoodsImage/126/126217.jpg?83
4719866800025,天然桑椹果汁(無糖)/600g,常溫食品,沖調/飲品/咖啡/早餐,沖調飲品,無,428,0.0,10,陳稼莊,商品規格 品名:【陳稼莊】桑椹原汁(無加糖)600ml/ 瓶 原料:桑椹(100% 陳稼莊果園無農藥•無化肥•無除草劑栽培). 容量:600ml. 保存期限:未開封 2 年. 飲用方法:請稀釋約 5 倍後飲用.冷熱飲皆宜、冰涼後飲用風味更佳. 保存方法:開瓶後請冷藏、並儘速飲用.若有變質、請勿飲用. 原產地:台灣. ※本產品無防腐劑•無香料•無色素•無化學添加物. 食品業者登錄字號】E-127686258-00000-6 【投保產品責任險字號】1002 字第 07PR000129 號 【食物過敏原標示】無 【內容物成份】桑椹(100% 陳稼莊果園無農藥•無化肥•無除草劑栽培). 【內容量(重量)】600ml/ 瓶 製造商:陳稼莊自然農業有限公司 地址:高雄市鳳山區鳳仁路 242 巷 30 號 電話:07-7105865 產地:台灣,無,https://s1.myqr.com.tw/newshop/177/TypeGoods?type2=5425&type1=5964&type0=6202&pageIndex=0&goodId=46340,無,https://pshop.myqr.com.tw/qrssimage/GoodsImage/126/126323.jpeg?83
4719866800018,天然桑椹原汁(加糖)/600ml,常溫食品,沖調/飲品/咖啡/早餐,沖調飲品,無,350,0.0,5,陳稼莊,★嚴選優質桑葚、無添加防腐劑、無色素、無任何化學添加物 ★富含 18 種氨基酸、多種維生素及礦物質等營養素 ★產品特色: 1、均採自認證農場之優質桑葚、天然、無使用農藥自然農法栽培的產品、無防添加腐劑、無色素、無化肥、無任何化學添加物. 2、桑葚含有 18 種氨基酸及多種維生素如 A、B1、B2、C、D 等、以及胡蘿蔔素、葡萄糖、果糖、鞣質、蘋果酸、花青素、天車菊素、鈣質、鐵質、磷質、豐富的營養成分. l 原料:桑葚(100% 陳稼莊果園無農藥•無化肥•無除草劑栽培)、冰糖(無漂白). l 保存期限:2 年(未開封前) l 飲用方法:請稀釋約 5 倍後飲用.冷溫飲皆宜、冰涼後飲用風味更佳. l 保存方法:開瓶後請冷藏、並儘速飲用完畢. l 原產地:台灣 ★製作成份:天然、無使用農藥自然農法栽培的桑葚、無漂白冰糖. ★內容包裝:600cc/ 瓶.,無,https://s1.myqr.com.tw/newshop/177/TypeGoods?type2=5425&type1=5964&type0=6202&pageIndex=0&goodId=28673,陳稼莊,https://pshop.myqr.com.tw/qrssimage/GoodsImage/85/85504.png?20
4712572800952,有機彩虹藜麥-十二珍穀飲/25g*20入,常溫食品,沖調/飲品/咖啡/早餐,沖調飲品,無,494,0.0,27,呷七碗,產品特色: 臺安醫院健康發展部配方審定、並通過慈心有機驗證;由彩虹藜麥搭配十二種有機天然穀物、讓您全家大小都安心享用. # 無添加 # 老少咸宜 # 嬰兒副食品 產品內容: 重 量:500g(25g?20 包) 成 份:有機糙米(台灣)、有機燕麥(英國、芬蘭、澳洲、美國)、有機黃豆(非基因改造)(美國、加拿大、俄羅斯)、有機紅藜麥(祕魯、玻利維亞)、有機黑豆(中國)、有機小米(美國)、有機白藜麥(祕魯、玻利維亞)、有機黑糯糙米(台灣)、有機白米(台灣)、有機紅藻粉(有機海藻鈣)(英國)、有機黑藜麥(祕魯)、有機珍珠大麥(加拿大、芬蘭)、有機亞麻仁籽(加拿大). 過敏原警示:本產品含麩質穀類和豆類、不適合其過敏體質者食用. 食用方法: 隨身包撕開倒入杯中、加入?冷開水攪拌溶解、再加入?熱開水、均勻攪拌即可享用.即可享用. 保存期限: 24 個月(請存放於陰涼乾燥處、開封後請盡快食用.) 呷七碗 Q&amp;A Q1.為什麼要由臺安醫院配方審定?嘉義食品(呷七碗)製造呢? A:臺安醫院是台灣最早開始推廣養生觀念及健康飲食的預防醫學中心、其健康飲食觀念為無蛋無奶、無精製糖、無提煉油、無刺激品、且須高纖維、零膽固醇、又擁有專業的營養團隊、因此由臺安醫院專業營養團隊嚴格審合配方、並由嘉義食品(呷七碗)製造、可在美味及安全、衛生、品質上做最嚴格的把關、開發出健康又美味的養生食品. Q2.產品為什麼在價格上、較一般同質性產品高? A:臺安養生沖調系列產品是由臺安醫院專業營養團隊嚴格把關、在食材方面、嚴選各國有機食材、經 SGS 國際品質多項認證、且製程符合 ISO22000、HACCP 及高技術滾筒乾燥、保留最多營養價值、希望能提供消費者最安全健康的沖調食品、且不使用對身體有負擔的精製糖、奶精、糊精、人工香料、人工甘味劑、真正天然無負擔、因此成本相對較高、但對消費者的健康也相對加分. 本商品規格 廠商名稱:家庭億得行銷股份有限公司 廠商電話:02-8771-0222 廠商地址:台北市大安區忠孝東路四段 218 號 13 樓 投保產品責任險字號:0500 字第 18AML0001182 號 食品業者登錄字號:家庭億得 A-150792822-0000,無,https://s1.myqr.com.tw/newshop/177/TypeGoods?type2=5425&type1=5964&type0=6202&pageIndex=0&goodId=28670,慈心驗證 慈心認證 慈心有機驗證,https://pshop.myqr.com.tw/qrssimage/GoodsImage/67/67096.jpg?20
4712572801447,有機彩虹藜麥-核桃杏仁飲(無糖)/20g*20入,常溫食品,沖調/飲品/咖啡/早餐,沖調飲品,無,494,0.0,11,呷七碗,品名:有機彩虹藜麥核桃杏仁飲 成份:有機黃豆(非基因改造)、有機燕麥、有機糙米、有機光中杏、有機核桃、有機黑藜麥、有機紅藜麥、有機白藜麥、有機杏仁果、有機腰果. 沖泡方式:隨身包撕開倒入杯中、先加入約 50cc 冷開水攪拌、讓穀粉部分溶解、在加入約 200cc 溫熱開水(80°C)、攪拌溶解即可享用美味沖調. 淨重:20 公克&times;20 包(400 公克) 保存期限:12 個月 保存方式:請存放於陰涼乾燥處、開封後請儘快食用. 原產地:台灣 營養標示每一份量 20 公克本包裝含 1 份 每份每 100 公克 熱量 83.4 大卡 417 大卡 蛋白質 3.5 公克 17.5 公克 脂肪 3 公克 15 公克 飽和脂肪 0.3 公克 1.5 公克 反式脂肪 0 公克 0 公克 膽固醇 0 毫克 0 毫克 碳水化合物 10.6 公克 53 公克 糖 0.6 公克 3 公克 膳食纖維 1.8 公克 9.1 公克 鈉 5 毫克 25 毫克 鐵 0.8 毫克 4 毫克 鈣 18 毫克 90 毫克 嘉義食品工業(股)公司 02-22287777 新北市中和區中正路 907 號 食品業者登錄字號:B-145866507,無,https://s1.myqr.com.tw/newshop/177/TypeGoods?type2=5425&type1=5964&type0=6202&pageIndex=0&goodId=32544,有機認證,https://pshop.myqr.com.tw/qrssimage/GoodsImage/78/78052.jpg?55
4711175009458,有機蘋果醋500ml(有糖),常溫食品,沖調/飲品/咖啡/早餐,沖調飲品,無,210,0.0,44,味榮,■成 分:有機糙米醋(台灣)、有機蘋果濃縮汁(紐西蘭)、水、有機砂糖(巴西) ■規格:500ml(580g) ■酸度:2% 以上 ■產 地:台灣 ■保存期限:3 年 ■保存方法:置於陰涼乾燥處、避免陽光直射. ■國際條碼:4711175009458 ------------------------------------ 使用方式: ◎以飲用水 3:1 方式稀釋後、即可直接飲用;添加蜂蜜或冰糖後、風味更佳. ◎生菜沙拉醬、鍋物沾醬及料理醃製使用. ---------------------------- 商品特色: ●台灣有機糙米純釀造醋 ●3 倍濃縮 ●手工陶缸釀造 ●無防腐劑、無味精 ●無化學冰醋酸成份 ●古法陶缸釀造、熟成六個月,無,https://s1.myqr.com.tw/newshop/177/TypeGoods?type2=5425&type1=5964&type0=6202&pageIndex=0&goodId=38764,無,https://pshop.myqr.com.tw/qrssimage/GoodsImage/98/98167.jpeg?55
4714379958188,米森好菌牧場-金萱茶拿鐵/20g*10包,常溫食品,沖調/飲品/咖啡/早餐,沖調飲品,無,385,0.0,-5,米森,商品特色 專利好菌 促進新陳代謝 嚴選台灣高山金萱茶 嚴選紐西蘭有機 - 真牛奶 幫助維持消化道機能、使排便順暢 堅持不加奶精、麥芽糊精、豆膠等添加物 銷售重點 【BC 孢子型益生菌 X 金萱拿鐵奶香】 米森選用美國大廠研發 BC30 凝結芽孢桿菌、其專利好菌耐酸鹼及高溫、可以順利抵達腸道發揮定殖功效、再搭配台灣高山金萱茶及紐西蘭全脂奶粉、淡雅細緻好滋味、促進新陳代謝、幫助維持消化道機能、使排便順暢.,無,https://s1.myqr.com.tw/newshop/177/TypeGoods?type2=5425&type1=5964&type0=6202&pageIndex=0&goodId=47752,青荷 慈心驗證 慈心認證 慈心有機驗證,https://pshop.myqr.com.tw/qrssimage/GoodsImage/130/130099.jpg?55
4714379956993,米森有機京都抹茶拿鐵/25g*8包,常溫食品,沖調/飲品/咖啡/早餐,沖調飲品,無,275,0.0,7,米森,商品特色 ★有機級 無添加防腐劑、人工香料及色素 日本直送頂級有機抹茶粉 嚴選紐西蘭有機 - 真牛奶 堅持不加奶精、麥芽糊精、豆膠等添加物 銷售重點 使用日本產的有機抹茶、堅持採用超過百年傳統的覆蓋蒸菁製茶方法、從採摘茶葉前的覆蓋、蒸菁、揉捻、乾燥等多達數十多道的繁覆工序、淬鍊出香氣濃郁且飽滿翠綠的頂級抹茶.再搭配紐西蘭有機牛奶粉、按照抹茶拿鐵的完美比例調配、如此正統的京都抹茶拿鐵、讓每一口都能感受到漫步的抹茶香.,無,https://s1.myqr.com.tw/newshop/177/TypeGoods?type2=5425&type1=5964&type0=6202&pageIndex=0&goodId=47751,青荷 慈心驗證 慈心認證 慈心有機驗證,https://pshop.myqr.com.tw/qrssimage/GoodsImage/130/130094.jpg?39
4714379951516,米森有機京都純抹茶粉/75g,常溫食品,沖調/飲品/咖啡/早餐,沖調飲品,無,428,0.0,18,米森,米森有機京都純抹茶粉 來自日本京都有機茶園契作的有機抹茶粉、為保留最純正的抹茶原味、堅持採用傳統覆蓋蒸菁的製茶方法、從採摘茶葉前的覆蓋、蒸菁、揉捻、乾燥等多達數十多道的繁瑣工序、淬鍊出馨香翠綠、喉韻回甘的究極抹茶.且全程通過有機驗證、無添加人工色素及防腐劑.可作為正統抹茶飲品或製作抹茶糕點、都是你與家人的最安心選擇. ★無添加防腐劑、人工香料及色素 ★無添加糖、超細緻抹茶粉末 ★日本京都府產、產地直送米森 商品規格 原料:有機抹茶粉 驗證單位:慈心有機驗證股份有限公司 有機農產品驗證證書字號:TOC-P0002 委託工廠:簡單生活開發有限公司(通過國際 ISO22000 及 HACCP 食品安全認證) 規格:75 公克 保存期限:12 個月(未開封前) 保存方式:避免日光直射、置於陰涼乾燥處、開封後請冷藏並請儘快食用完畢 原產地:日本 ※製造日期與有效期限、商品成分與適用注意事項皆標示於包裝或產品中 ※本產品網頁因拍攝關係、圖檔略有差異、實際以廠商出貨為主 ※本產品文案若有變動敬請參照實際商品為準 每份營養成份(每一份量 3 公克、本包裝含 25 份)熱量 8 大卡 / 蛋白質 0.7 公克 / 脂肪 0 公克 / 飽和脂肪 0 公克 / 反式脂肪 0 公克 / 碳水化合物 1.2 公克 / 糖 0.3 公克 / 鈉 2 毫克,無,https://s1.myqr.com.tw/newshop/177/TypeGoods?type2=5425&type1=5964&type0=6202&pageIndex=0&goodId=28544,青荷 慈心驗證 慈心認證 慈心有機驗證,https://pshop.myqr.com.tw/qrssimage/GoodsImage/66/66284.jpg?39
4714379951387,米森有機純黑可可粉/150g,常溫食品,沖調/飲品/咖啡/早餐,沖調飲品,無,325,0.0,35,米森,★有機級 ★無添加防腐劑、人工香料及色素 ★適合烘焙及沖泡調合使用 ★嚴選義大利頂級進口可可粉 米森研發團隊、為了找尋香醇濃厚的可可粉跑遍歐美各地的可可廠、最後選用擁有超過五十年可可專業經驗的義大利 ICAM 頂級有機可可粉、從選豆、烘焙到研磨皆要求最高品質、且不加糖的配方更能感受出可可的濃郁口感. 產品內容物與規格說明 / 保固資訊 1.品名:【米森】純黑可可粉 2.淨重、容量:150 公克 / 罐 3.食品添加物名稱:無 4.原產地(國):荷蘭 5.保存期限:18 個月(未開封) 6.廠商名稱:青荷國際有限公司 電話:(03)318-3186 地址:桃園市龜山區華亞二路 23 號 4F &middot;產地:荷蘭 【青荷御膳房】 1.取出約 3~4 湯匙(約 8~10 公克)的義大利純可可粉直接倒入杯中. 2.加入 150~200 亳升的熱開水、另可搭配牛奶、豆漿等. 3.充份攪拌後、可另外加糖、即可直接飲用. 使用於烘培麵包上:做好麵團後、加入一小茶匙米森純黑可可粉於麵團中、再放回麵包機中繼續行程烘培成吐司、蛋糕或麻糬. ※可依個人喜好、增減水量、調整濃淡口感. &middot;【食品業者登錄字號】H-124407269-00000-9 &middot;【投保產品責任險公司與字號】明台產物保險股份有限公司、字號:0009PDT00094 &middot;【製造廠商或國內負責廠商名稱】青荷國際有限公司 &middot;【製造廠商或國內負責廠商電話】03-359-4557 &middot;【製造廠商或國內負責廠商地址】桃園市龜山區振興路 1165-1 號 &middot;【食物過敏原標示】無 &middot;【葷 / 純素 / 奶蛋素】純素,無,https://s1.myqr.com.tw/newshop/177/TypeGoods?type2=5425&type1=5964&type0=6202&pageIndex=0&goodId=28545,青荷 有機認證,https://pshop.myqr.com.tw/qrssimage/GoodsImage/66/66283.jpeg?75
4714379951097,米森有機黑芝麻粉/350g,常溫食品,沖調/飲品/咖啡/早餐,沖調飲品,無,330,0.0,14,米森,米森有機純黑芝麻粉 高鈣活力好幫手∼有機純黑芝麻粉 黑芝麻(BlackSesameSeeds)別名為胡麻、是胡麻科胡麻屬植物的種子、其成份由於外殼膜較硬不易吸收、因此『米森』有機純黑芝麻粉特地經過清洗、炒焙及研磨成細粉、保留住豐富的膳食纖維、鈣質等多種成份. ◎全程採用有機栽種原料、為天然膳食纖維及鈣質雙效成份最佳來源之一. ◎嚴選有機黑芝麻原料、未經榨油的新鮮芝麻、品質純正且香氣濃郁. 【商品規格】 原料:有機黑芝麻粉(台灣) 驗證單位:慈心有機驗證股份有限公司 有機農產品驗證證書字號:1-009-210002 規格:350 公克 保存期限:12 個月(未開封前) 保存方式:避免日光直射、置於陰涼乾燥處、開封後請儘快食用完畢 原產地:台灣(委託授權有機加工廠包裝) 廠商名稱:青荷國際有限公司 電話:03-359-4557 地址:桃園市龜山區振興路 1165-1 號 產地:台灣 【青荷御膳房】 有機黑芝麻精力湯: 可直接加入穀粉中一同沖泡或搭配牛奶、豆漿或蔬菜精力湯等一同調味和飲用. 有機黑芝麻香鬆: 可直接撒在各種生菜沙拉優格、粥品及米飯或搭配三寶飯、芝麻及肉鬆等調味料一同食用. 產品內容物與規格說明 / 保固資訊,無,https://s1.myqr.com.tw/newshop/177/TypeGoods?type2=5425&type1=5964&type0=6202&pageIndex=0&goodId=28547,青荷 慈心驗證 慈心認證 慈心有機驗證,https://pshop.myqr.com.tw/qrssimage/GoodsImage/66/66298.jpg?11
4714379956450,米森純龍眼蜂蜜/120g,常溫食品,沖調/飲品/咖啡/早餐,沖調飲品,無,165,0.0,16,米森,◆米森選物、100% 純蜜◆ 純龍眼蜂蜜嚴選來自優良龍眼產地 - 泰國清邁、屬全年恆溫的熱帶氣候、並擁有純淨低汙染的環境、以不違反自然方式、堅持產出良心好蜜;更通過 7 大檢驗、用科學證明真蜜、最安心!龍眼蜜香氣獨特、甜味豐厚飽滿濃郁、口感溫潤、值得品嚐! 安心 100% 純蜜 無添加果糖 龍眼蜜香氣獨特 自然農法、純淨低汙染 通過 7 大檢驗、用科學驗證真蜜 ※建議 1 歲以上孩童食用 產品內容物與規格說明 / 保固資訊 品名:【米森】純龍眼蜜(120g/ 瓶) 原料:泰國龍眼蜜 淨重:120 公克 保存期限:18 個月(未開封) 有效日期:標示於外包裝上西元年月日 保存方式:避免日光直射、置於陰涼乾燥處、. 委託工廠:簡單生活開發有限公司(通過國際 ISO22000 及 HACCP 食品驗證) 食品添加物名稱:無 廠商名稱:青荷國際有限公司 電話:03-359-4557 地址:桃園市龜山區振興路 1165-1 號 原產地:泰國 備註:產品資訊若與包裝上略有差異時、以實際包裝上標示為準 貼心小提醒 1.未滿一歲之嬰幼兒不宜食用 2.蜂蜜結晶為自然現象、並非變質或劣質假蜜、請安心食用 產地:泰國 產品標示內容 【食品業者登錄字號】H-124407269-00000-9 【投保產品責任險公司與字號】明台產物保險股份有限公司、字號:0009PDT00094 【製造廠商或國內負責廠商名稱】青荷國際有限公司 【製造廠商或國內負責廠商電話】03-359-4557 【製造廠商或國內負責廠商地址】桃園市龜山區振興路 1165-1 號 【食物過敏原標示】1.未滿一歲之嬰幼兒不宜食用 2.蜂蜜結晶為自然現象、並非變質或劣質假蜜、請安心食用 【其他揭露事項】訂購注意事項: ●商品有效日:消費者收受之商品 其有效日期至少距收受日 91 日以上 ●投保產品責任險公司與字號:明台產物保險股份有限公司、字號:0009PDT00094 ●運送方式:常溫 ●消費者取貨時 應從速檢查所受領之物;欲退換貨 應善盡商品保存之責任 ●販售人姓名:青荷國際有限公司 電話:03-359-4557 地址:桃園市龜山區振興路 1165-1 號 食品登錄字號 H-124407269-00000-9 ●消費爭議處理申訴專線:03-359-4557;如發生訴訟時雙方同意以桃園地方法院為第一審管轄法院 有機農產品驗證證書字號:1-009-210002,無,https://s1.myqr.com.tw/newshop/177/TypeGoods?type2=5425&type1=5964&type0=6202&pageIndex=0&goodId=29280,無,https://pshop.myqr.com.tw/qrssimage/GoodsImage/69/69354.jpg?11
4712572800686,亞麻黃金鹹豆奶/微鹹/30g*24入,常溫食品,沖調/飲品/咖啡/早餐,沖調飲品,無,551,0.0,16,呷七碗,產品特色 ?唯一權威知名預防醫學醫院健康推薦 ?不惜重本研發、以黃豆為基底、添加亞麻仁籽、營養好滋味 ?採用先進雙軸 10 秒瞬間熟化技術、營養不流失 ?高膳食纖維、高鐵、含鈣 ?全素食、無蛋、無奶、符合【臺安醫院健康新起點】健康概念 ?無添加精製鹽、嚴選天然岩鹽、微鹹無負擔 ?無添加奶精、糊精、豆膠等增稠劑、給您真材實料好口感 ?無人工添加物(香料、色素、甘味劑) ?SGS 檢驗合格、無重金屬、防腐劑、黃麴毒素、三聚氰氨、通過 398 項農藥檢測、生菌數、大腸桿菌檢測合格 商品規格 商品名稱 亞麻黃金鹹豆奶 品牌 呷七碗 包裝入數 2-10 入 商品種類 蔬果多穀 / 鹹豆奶 保存方法 請存放於陰涼乾燥處、開封後請盡快食用. 內容物成份 亞麻仁籽、黃豆、綠豆、碗豆、水解大豆蛋白、玉米、糙米、大麥、蕎麥、南瓜粉、天然紅藻粉、洋香菜葉、岩鹽、酵母抽出物 熱量 熱量 116 大卡 每份營養成份 蛋白質 5.2 公克、脂肪 2.5 公克(飽和脂肪 1.2 公克、反式脂肪 0.0 公克、膽固醇 0.0 毫克)、碳水化合物 16.1 公克(糖 5.9 公克、膳食纖維 2.9 公克)、鈉 250 毫克、鐵 1.6 毫克、鈣 56 毫克 內容量(g/ml) 30 公克*10 入 / 盒 食品添加物名稱 無 製造 / 加工地 台灣 廠商名稱 呷七碗健康生技(嘉義食品工業股份有限公司) 廠商電話號碼 (02)8228-7777 廠商地址 新北市中和區中正路 907 號 保存期限 18 個月 製造日期╱有效日期 依商品包裝標示 投保產品責任險字號 蘇黎世產險 A0-105-06535402-00008-PDL 其他揭露事項 本產品含有豆類、堅果、穀類及其製品,無,https://s1.myqr.com.tw/newshop/177/TypeGoods?type2=5425&type1=5964&type0=6202&pageIndex=0&goodId=29312,無,https://pshop.myqr.com.tw/qrssimage/GoodsImage/69/69581.jpg?94
4710799500327,南瓜五穀堅果飲-無糖/400g,常溫食品,沖調/飲品/咖啡/早餐,沖調飲品,無,200,0.0,12,源順,現代人飲食大多以精緻加工食品為主、除了美味以外、大多數因過度加工而喪失了食材的養分、使得往往吃進肚子裡的食物、除了熱量以外、沒有太多營養成分、源順南瓜五穀堅果飲、使用當季新鮮南瓜、保留整顆南瓜外皮與南瓜子的完整營養、以專業技術熟化後研磨成粉、特別加入多種五榖雜糧、除了增加香味以外、也讓營養成分更加分. 源順食品的堅持: 源順致力於多穀米與各式穀物原料的加工應用、是一間具健康養生概念的公司.對於即食商品的加工上源順提供了膨發、低溫烘焙、蒸煮、瞬間熟化等方式、滿足商品不同屬性的特色、除了原料供應之外、源順食品廠亦大力引進先進研磨設備. 【食用方法】 將 25 公克(約 2 茶匙)南瓜五穀堅果飲以 200CC 熱開水沖泡、攪拌均勻即可飲用、可依個人喜好增減濃淡、也可適量加入牛奶或豆漿沖調飲用、增加口感、營養更加分. 商品規格: 商品名稱:源順 - 南瓜五穀堅果飲(無添加糖) 成分:南瓜、雪蓮子、糙米、黑木耳、白米、小麥、白芝麻、小麥胚芽、黃豆、卵磷脂、蕎麥、燕麥、南瓜子、大麥、小米、核桃、杏仁、小麥蛋白、啤酒酵母 包裝規格:400 公克 / 包 保存期限:一年 產地:台灣製造 保存方式:放置陰涼乾燥處、避免陽光直射及高溫潮濕.開封後請冷藏密封保存、並盡快食用完畢. ※本產品含有芝麻、大豆、麩質之穀物、堅果及其製品. ※生產管線亦有花生、芝麻、大豆、堅果、牛奶及含麩質之穀物產品,無,https://s1.myqr.com.tw/newshop/177/TypeGoods?type2=5425&type1=5964&type0=6202&pageIndex=0&goodId=35453,無,https://pshop.myqr.com.tw/qrssimage/GoodsImage/86/86181.jpg?94
4712572800099,南瓜養生沖調/微鹹/28g*24入,常溫食品,沖調/飲品/咖啡/早餐,沖調飲品,無,551,0.0,32,呷七碗,品名:南瓜養生沖調(微鹹) 成份: 玉米(非基因改造)、糙米、燕麥、豆漿粉(非基因改造)、薏仁、南瓜、高麗菜、岩鹽、酵母抽出物、海帶芽、紅蘿蔔、糖蜜酵母、黑糖、發芽玄米、南瓜子、小米、芹菜. 食用方式: 隨身包撕開倒入杯中、加入 200cc 溫熱開水(80°C)、攪拌溶解即可、沖泡 2 分鐘後最佳品嚐、亦可加蛋、奶等食材、料理成濃湯風味更佳. 有效期限:24 個月 容量:28 公克&times;24 包 保存方式:避免放置於高溫、日照及潮濕處.開封後請儘速食用. 產地:台灣 營養標示每一份量含 28 公克本包裝含 24 份 每份每 100 公克 熱量 98.3 大卡 351.2 大卡 蛋白質 3.3 公克 11.8 公克 脂肪 0.5 公克 1.8 公克 飽和脂肪 0.1 公克 0.4 公克 反式脂肪 0 公克 0 公克 膽固醇 0 毫克 0 毫克 碳水化合物 21.0 公克 75.0 公克 糖 1.7 公克 6.1 公克 膳食纖維 1.7 公克 6.1 公克 鈉 212 毫克 757 毫克 維生素 C12.0 毫克 42.9 毫克 鐵 1.3 毫克 4.7 毫克 鈣 29 毫克 104 毫克,無,https://s1.myqr.com.tw/newshop/177/TypeGoods?type2=5425&type1=5964&type0=6202&pageIndex=0&goodId=29315,無,https://pshop.myqr.com.tw/qrssimage/GoodsImage/69/69603.jpg?94
4710799501362,客家風擂茶-無糖/500g,常溫食品,沖調/飲品/咖啡/早餐,沖調飲品,無,220,0.0,-1,源順,源順食品客家風擂茶(無糖) ●以養生食膳配方製成、含二十多種穀物、適合注重養生的人食用 ●吃得到芝麻粒的口感、給您最道地的客家擂茶 ●可加入精力湯一起調勻飲用、不僅味道香濃、口感升級、營養更加分 ●無添加糖配方、健康無負擔 ●本產品為奶素 食用方式 1.取 25 公克的穀粉加入 200C.C.的溫熱水中、攪拌均勻後即可食用 2.可加入豆漿或牛奶等飲品中、沖調飲用、增添風味及營養 3.可於調製蔬果汁時、加入穀粉一起攪打、即成營養美味的精力湯 成份:綠茶、糙米、燕麥、紅豆、黑豆、綠豆、黃豆、玉米、黑芝麻、白芝麻、蕎麥、大麥、雪蓮子、苜蓿、香菇、黑木耳、菊苣纖維、芡實、薏仁、山藥、茯苓、蓮子、卵磷脂 產地:台灣 產地:台灣製造 保存方法:避免陽光直射及高溫潮濕、開封後請確實將鏈袋密封、並盡快食用完畢 保存期限:1 年 規格:500G/ 包 廠商名稱:源順食品有限公司 廠商地址:雲林縣虎尾鎮文科路 498 號 廠商電話:05-6221108 食品業者登錄字號:P-164951027-00001-8 投保產物產險字號:130408AKP0001696,無,https://s1.myqr.com.tw/newshop/177/TypeGoods?type2=5425&type1=5964&type0=6202&pageIndex=0&goodId=35452,無,https://pshop.myqr.com.tw/qrssimage/GoodsImage/86/86179.jpg?31
4712572801522,活力松子堅果飲/微甜/30g*24入,常溫食品,沖調/飲品/咖啡/早餐,沖調飲品,無,551,0.0,11,呷七碗,?產品特色 臺安醫院健康發展部配方審定;嚴選超級營養素之稱濃度高達 90% 的芝麻素與松子、搭配各樣富含抗氧化維生素的天然穀物與養身堅果、以電腦雙軸滾輪乾燥技術、全程採用低溫熟化處理、製程短、完整保留食材營養價值及自然原味;一天一杯就可以攝取到 1800 粒芝麻所含的芝麻素、20 顆蘋果的鐵、5 根香蕉的膳食纖維、2 杯豆漿的鈣;非常適合年長者與正在發育的孩童、是您最安心、信賴的選擇. # 芝麻素 # 每日堅果 # 營養價值高 ?產品內容 重 量:30g?1 包(24 包 / 盒) 成 份:黃豆(非基因改造)、黑糖、糙米、燕麥、黑豆、綠豆、黑芝麻、白木耳、綠茶粉、豌豆、大麥、蕎麥、白芝麻、腰果、杏仁、夏威夷豆、南瓜子、松子、光中杏、芝麻素 過過敏原警示:本產品含麩質穀類和豆類、不適合其過敏體質者食用 食品添加物:純天然無添加 製造加工地:台灣 產品責任險:和泰產物保險 A0-110-09573573-00002-PDL 食品業者登錄字號:F-186761627-00000-6 ?食用方法 隨身包撕開倒入杯中、加入?冷開水攪拌溶解、再加入?熱開水、均勻攪拌即可享用. ?保存期限 12 個月(請存放於陰涼乾燥處、開封後請盡快食用.),無,https://s1.myqr.com.tw/newshop/177/TypeGoods?type2=5425&type1=5964&type0=6202&pageIndex=0&goodId=32543,無,https://pshop.myqr.com.tw/qrssimage/GoodsImage/78/78046.jpg?31
4712572801560,珍姬松茸鮮菇飲/鹹/28g*24入,常溫食品,沖調/飲品/咖啡/早餐,沖調飲品,無,551,0.0,23,呷七碗,?產品特色 臺安醫院健康發展部配方審定;嚴選所有菌菇類之冠在日本有姬松茸別名與神奇蘑菇之稱的『巴西蘑菇』、含有所有菇類最高的獨特珍貴豐富多醣體、與 18 種胺基酸、其中 8 種為人體無法自行製造的必需胺基酸、也是 2000 年美國食品藥物管理局登錄認可為最營養補充品;無精製油、無精製糖、無蛋、無動物奶、全素、高膳食纖維、零膽固醇、以電腦雙軸滾輪乾燥技術、全程採用低溫熟化處理、製程短、完整保留食材營養價值及自然原味、是您最安心、信賴的選擇. # 姬松茸 # 巴西蘑菇 # 必須胺基酸 ?產品內容 重 量:28g?1 包(24 包 / 盒) 成 份:玉米(非基因改造)、燕麥、糙米、薏仁、豆漿粉、高麗菜、岩鹽、綜合菇粉、香菇、洋菇、鴻喜菇、杏鮑菇、白精靈菇、珊瑚菇、黑美人菇、白美人菇、金針菇、黑糖、海帶芽、酵母抽出物、糖蜜酵母、紅蘿蔔、洋香菜葉、發芽玄米、紫山藥、巴西蘑菇萃取物、芹菜 過過敏原警示:本產品含麩質穀類和豆類、不適合其過敏體質者食用 食品添加物:純天然無添加 製造加工地:台灣 產品責任險:和泰產物保險 A0-111-11260930-0001-PDL 食品業者登錄字號:F-186761627-00000-6 ?食用方法 隨身包撕開倒入杯中、加入?(約 80cc)冷開水攪拌溶解、再加入?熱開水、均勻攪拌即可享用. ?保存期限 24 個月(請存放於陰涼乾燥處、開封後請盡快食用.),無,https://s1.myqr.com.tw/newshop/177/TypeGoods?type2=5425&type1=5964&type0=6202&pageIndex=0&goodId=46319,無,https://pshop.myqr.com.tw/qrssimage/GoodsImage/126/126286.jpeg?14
4710445343261,神脆脆 黑豆藜麥棒/13g*10入,常溫食品,沖調/飲品/咖啡/早餐,沖調飲品,無,120,0.0,30,源昶,黑豆藜麥棒 -10 入 / 包,無,https://s1.myqr.com.tw/newshop/177/TypeGoods?type2=5425&type1=5964&type0=6202&pageIndex=0&goodId=46296,無,https://pshop.myqr.com.tw/qrssimage/GoodsImage/126/126236.jpg?14
4710799500044,純杏仁霜-無糖/400g,常溫食品,沖調/飲品/咖啡/早餐,沖調飲品,無,330,0.0,21,源順,嚴選南杏仁製成 不添加修飾澱粉 不添加糖 不添加人工香精 **本產品為粗粉狀、純杏仁烘焙後磨製而成、不添加香精、不會有杏仁香精的刺鼻味、味道香醇散發自然的杏仁香氣、不添加修飾澱粉及其他添加物;不添加糖、不會造成身體負擔. **特別推薦給呼吸道不適的朋友食用. **可直接沖泡熱開水飲用、也可添加在牛奶、五穀粉、豆漿中、亦會增加風味. **杏仁為含油脂量較高的食物、但其所含脂肪為人體所需的單元不飽和脂肪酸、養生無負擔! 品名:【源順】純杏仁霜(450g/ 包) 內容物名稱(含食品添加物)*:南杏仁 內容物淨重(容量)或數量*:450g/ 包 原產地(國)*:台灣製造 保存期限*:12 個月 廠商名稱*:源順食品有限公司 廠商電話*:05-6221108 廠商地址*:雲林縣虎尾鎮文科路 498 號 投保產品責任險字號*:1304-05AKP0001348 食品業者登錄字號*:P-164951027-00000-7,無,https://s1.myqr.com.tw/newshop/177/TypeGoods?type2=5425&type1=5964&type0=6202&pageIndex=0&goodId=35449,無,https://pshop.myqr.com.tw/qrssimage/GoodsImage/86/86166.jpg?50
4710799500037,純黑芝麻粉-無糖/400g,常溫食品,沖調/飲品/咖啡/早餐,沖調飲品,無,165,0.0,31,源順,【源順】純黑芝麻粉(無添加糖) **嚴選優質黑芝麻粒、炒熟後研磨成粉、本產品未經抽油、保留了芝麻完整的營養素;無添加糖不會造成身體負擔;黑芝麻雖含油脂量極高、但其所含的油脂為人體所需的單元不飽和脂肪酸、就是所謂的&quot;好的脂肪&quot;除此之外、黑芝麻還有多種人體所需的營養素、可幫助補充身體所需的微量元素. **本產品通過黃麴毒素檢驗. **無添加人工香料、人工色素、防腐劑 ※本產品為全素 食用方式: 1.可加入牛奶沖調飲用、是早餐或消夜的最佳選擇 2.可加入豆漿調製成香濃營養的芝麻豆漿 3.製作甜點時、適量加入黑芝麻粉取代香料、可增加香氣外、天然養生又營養 4.可於製作手捲及沙拉時、加入適量黑芝麻粉、營養及口感更升級 5.可加入精力湯裡攪拌均勻、開啟一天的活力泉源 成分:黑芝麻 重量:400 公克 / 包 產地:台灣製造 保存期限:1 年 保存方式:因芝麻含油脂量較高、保存時請避免陽光照射及高溫潮濕、拆封後請務必將袋口密封放置陰涼處保存、並盡快食用完畢!,無,https://s1.myqr.com.tw/newshop/177/TypeGoods?type2=5425&type1=5964&type0=6202&pageIndex=0&goodId=35551,無,https://pshop.myqr.com.tw/qrssimage/GoodsImage/86/86542.png?85
4713517600071,曼寧玫瑰純露/560ml,常溫食品,沖調/飲品/咖啡/早餐,沖調飲品,無,570,0.0,14,曼寧,可添加於開水、飲料或用來製作甜點、蛋糕.等 取代化妝水、可直接輕拍於全臉使用 也可直接噴灑於身體 成份:玫瑰水 容量:560ml 原產地:玫瑰純露自伊朗進口、在台灣僅進行食品級分裝 保存期限:18 個月(未開封)、開封後需放置於冰箱冷藏 營養標示每一份量 10 毫升 每份 熱量 0 大卡 蛋白質 0 公克 脂肪 0 公克 飽和脂肪 0 公克 反式脂肪 0 公克 碳水化合物 0 公克 糖 0 公克 鈉 0 毫克 有效日期 / 剩餘保存期限有效日期常更新 消費者收受之商品其有效日期至少距收受日 151 日以上 食品業者登錄字號:E200173519-00000-9 國內負責廠商名稱:宣洋實業股份有限公司 國內負責廠商電話:02-25238800 國內負責廠商地址:台北市南京東路二段 76 號 9 樓,無,https://s1.myqr.com.tw/newshop/177/TypeGoods?type2=5425&type1=5964&type0=6202&pageIndex=0&goodId=28651,宣洋 有機認證,https://pshop.myqr.com.tw/qrssimage/GoodsImage/66/66966.jpg?85
4713943026018,淳味傳統冬瓜糖磚/310g,常溫食品,沖調/飲品/咖啡/早餐,沖調飲品,無,120,0.0,1,達益,品名:淳味傳統冬瓜糖磚 成份:生冬瓜、蔗糖、(食品級)氫氧化鈣. 食用方法: 1.將冬瓜茶 1 小塊(即 1/4 塊)、放入 600c.c.的水煮沸溶化、冷熱飲皆宜. 2.用少許水將茶塊煮化、成濃縮汁、飲用時再依個人口味以開水調開. 3.原味飲用外、加入不同材料、如檸檬、金桔&hellip;等水果、即為各種&ldquo;水果冬瓜茶&rdquo;. 4.作為各種甜湯的&ldquo;湯底&rdquo;. 5.&ldquo;冬瓜肉&rdquo;可以食用、美味可口. 重量:310 公克 保存期限:1 年 保存方法:請置於陰涼乾燥處、開封後請冷藏、並儘速食用. 原產地:台灣 營養標示每一份量 10 公克本包裝含 31 份 每份每 100 公克 熱量 37.4 大卡 374 大卡 蛋白質 0 公克 0.2 公克 脂肪 0 公克 0 公克 飽和脂肪 0 公克 0 公克 反式脂肪 0 公克 0 公克 碳水化合物 9.3 公克 93.3 公克 糖 8.5 公克 85.1 公克 鈉 0 毫克 5 毫克,無,https://s1.myqr.com.tw/newshop/177/TypeGoods?type2=5425&type1=5964&type0=6202&pageIndex=0&goodId=29773,無,https://pshop.myqr.com.tw/qrssimage/GoodsImage/71/71302.jpg?69
4715466100138,祥記梅子漿/600ml,常溫食品,沖調/飲品/咖啡/早餐,沖調飲品,無,466,0.0,11,祥記,【食品業者登錄字號】A-123886760-00000-8 【投保產品責任險公司與字號】新光產險 130006AKP0000287 【製造廠商或國內負責廠商名稱】崇贏實業股份有限公司 【製造廠商或國內負責廠商電話】02-28276918 【製造廠商或國內負責廠商地址】台北市北投區尊賢街 218 巷 42 號 1 樓 【食物過敏原標示】無 【葷 / 純素 / 奶蛋素】純素 【內容物成份】紫蘇梅、紫蘇葉、水、甘蔗糖、麥芽糖、紅糖 【內容量(重量)】600cc 【保存期限(總效期)】三年 【產地】:台灣,無,https://s1.myqr.com.tw/newshop/177/TypeGoods?type2=5425&type1=5964&type0=6202&pageIndex=0&goodId=29667,無,https://pshop.myqr.com.tw/qrssimage/GoodsImage/70/70861.jpg?69
4715466100077,祥記陳年梅子醋/600ml,常溫食品,沖調/飲品/咖啡/早餐,沖調飲品,無,635,0.0,11,祥記,【食品業者登錄字號】A123886760-00000-8 【投保產品責任險公司與字號】新光產險 130006AKP0000287 【製造廠商或國內負責廠商名稱】崇贏實業股份有限公司 【製造廠商或國內負責廠商電話】02-28276918 【製造廠商或國內負責廠商地址】台北市北投區尊賢街 218 巷 42 號 1 樓 【食物過敏原標示】無 【葷 / 純素 / 奶蛋素】純素 【內容物成份】台灣青梅、紅冰糖、陳年糙米醋 【內容量(重量)】600cc 【保存期限(總效期)】三年 【產地】:台灣,無,https://s1.myqr.com.tw/newshop/177/TypeGoods?type2=5425&type1=5964&type0=6202&pageIndex=0&goodId=29666,無,https://pshop.myqr.com.tw/qrssimage/GoodsImage/70/70850.jpg?6
4715466100053,祥記紫蘇梅汁/600ml,常溫食品,沖調/飲品/咖啡/早餐,沖調飲品,無,413,0.0,14,祥記,【食品業者登錄字號】A123886760-00000-8 【投保產品責任險公司與字號】新光產險 130006AKP0000287 【製造廠商或國內負責廠商名稱】崇贏實業股份有限公司 【製造廠商或國內負責廠商電話】02-28276918 【製造廠商或國內負責廠商地址】台北市北投區尊賢街 218 巷 42 號 1 樓 【食物過敏原標示】無 【葷 / 純素 / 奶蛋素】純素 【內容物成份】台灣青楊桃、海鹽、麥芽糖、糖、水、甘草粉 【內容量(重量)】600cc 【保存期限(總效期)】三年 【產地】:台灣,無,https://s1.myqr.com.tw/newshop/177/TypeGoods?type2=5425&type1=5964&type0=6202&pageIndex=0&goodId=29665,無,https://pshop.myqr.com.tw/qrssimage/GoodsImage/70/70839.jpg?6
4715466100152,祥記楊桃原汁/600ml,常溫食品,沖調/飲品/咖啡/早餐,沖調飲品,無,385,0.0,52,祥記,【食品業者登錄字號】A123886760-00000-8 【投保產品責任險公司與字號】新光產險 130006AKP0000287 【製造廠商或國內負責廠商名稱】崇贏實業股份有限公司 【製造廠商或國內負責廠商電話】02-28276918 【製造廠商或國內負責廠商地址】台北市北投區尊賢街 218 巷 42 號 1 樓 【食物過敏原標示】無 【葷 / 純素 / 奶蛋素】純素 【內容物成份】台灣青楊桃、海鹽、麥芽糖、糖、水、甘草粉 【內容量(重量)】600cc 【保存期限(總效期)】三年 【產地】:台灣,無,https://s1.myqr.com.tw/newshop/177/TypeGoods?type2=5425&type1=5964&type0=6202&pageIndex=0&goodId=29663,無,https://pshop.myqr.com.tw/qrssimage/GoodsImage/84/84721.png?6
4710415571007,麥芽膏/700克,常溫食品,沖調/飲品/咖啡/早餐,沖調飲品,無,275,0.0,1,羿方,商品介紹: 新莊百年名產 翁裕美麥芽膏遵循古法、以天然小麥發芽、再加上糯米提煉而成!最適合浸泡水果醋、沖泡牛奶、咖啡、豆漿、夾蘇打餅乾、烤肉、滷肉加入麥芽膏口味更棒! ps.本產品不可以放置於冰箱內! 原料:天然小麥、糯米. 有效期限:24 個月. 食用方法: 冷體質者:用少許麥芽糖(約一顆蛋黃大)、再加入生蛋黃一顆、一碗八分滿的水、以及少許鹽、用小火一煮、攪拌至滾、早晚飲用保養效果佳! 燥熱體質者:用不削皮生的白蘿蔔、洗淨後切小片、加入一些麥芽糖、少許鹽、放置約 30 分鐘後即可飲用湯汁(或蒸煮 10 分鐘後飲用)、早晚飲用保養效果佳! 營養標示(每 100 公克): 熱量:369.5 大卡蛋白質:0.098 公克 脂肪:0 公克碳水化合物:92.3 公克 鈉:5.6 毫克鈣:219ppm 維他命 E:0.63ppm 鐵:11.8ppm,無,https://s1.myqr.com.tw/newshop/177/TypeGoods?type2=5425&type1=5964&type0=6202&pageIndex=0&goodId=29884,無,https://pshop.myqr.com.tw/qrssimage/GoodsImage/71/71646.jpg?41
4712572800075,滋補黑穀沖調/微甜/32g*24入,常溫食品,沖調/飲品/咖啡/早餐,沖調飲品,無,551,0.0,34,呷七碗,?唯一權威知名預防醫學醫院健康推薦 ?不惜重本研發、嚴選多種穀物及漢方素材、滋補不燥熱 ?採用先進雙軸 10 秒瞬間熟化技術、營養不流失 ?高鐵、高膳食纖維、零膽固醇 ?全素食、無蛋、無奶、符合【臺安醫院健康新起點】健康概念 ?無添加精製糖、嚴選沖繩黑糖、微甜無負擔 ?無添加奶精、糊精、豆膠等增稠劑、給您真材實料好口感 ?無人工添加物(香料、色素、甘味劑) ?SGS 檢驗合格、無重金屬、防腐劑、黃麴毒素、三聚氰氨、通過 398 項農藥檢測、生菌數、大腸桿菌檢測合格 商品規格 商品名稱 呷七碗黑穀滋補沖調飲(32gx24 入) 品牌 呷七碗 包裝入數 21-30 入 商品種類 穀物粉 / 燕麥奶 保存方法 請存放於陰涼乾燥處、開封後請盡快食用. 內容物成份 黑芝麻、糙米、黑豆、大麥、黑米、薏仁、沖繩黑糖、當歸、黑木耳、黑棗、發芽玄米、燕麥 熱量 135 大卡 每份營養成份 蛋白質 5.5 公克、脂肪 3.1 公克(飽和脂肪 0.4 公克、反式脂肪 0.0 公克、膽固醇 0.0 毫克)、碳水化合物 21.3 公克(糖 4.4 公克、膳食纖維 2.7 公克)、鈉 86 毫克、鐵 1.8 毫克、鈣 4 毫克 內容量(g/ml) 32 公克*24 入 / 盒 食品添加物名稱 無 製造 / 加工地 台灣 廠商名稱 呷七碗健康生技(嘉義食品工業股份有限公司) 廠商電話號碼 (02)8228-7777 廠商地址 新北市中和區中正路 907 號 保存期限 24 個月(請存放於陰涼乾燥處、開封後請盡快食用.) 製造日期╱有效日期 依商品包裝標示 投保產品責任險字號 蘇黎世產險 A0-105-06535402-00008-PDL 投保產品責任險字號 蘇黎世產險 A0-105-06535402-00008-PDL,無,https://s1.myqr.com.tw/newshop/177/TypeGoods?type2=5425&type1=5964&type0=6202&pageIndex=0&goodId=29313,無,https://pshop.myqr.com.tw/qrssimage/GoodsImage/69/69591.jpg?25
4710799501331,黑米芝麻糊-無糖/500g,常溫食品,沖調/飲品/咖啡/早餐,沖調飲品,無,220,0.0,18,源順,**以養生食膳配方製成、包含 10 幾種天然素材、營養均衡;符合現代人養生概念 **無人工香料、無人工色素、口感香濃滑順~ *沖調方式: 取 25 公克的黑米芝麻粉加入 200C.C.的熱水中、攪拌均勻後即可食用 也可加入蔬果汁中攪打均勻、即成美味又營養的精力湯、作為早餐、點心或消夜都是營養百分百! ※本產品為全素 ※無添加糖配方、健康無負擔! 【商品介紹】成分:黑芝麻、黑豆、糙米、黑米、燕麥、麥微纖、南瓜子、小麥胚芽、菊糖、杏仁、核桃、黑木耳、香菇、茯苓、大豆卵磷脂. 淨重:500g/ 包 產地:台灣製造 保存期限:1 年 廠商名稱:源順食品有限公司 廠商電話:(05)6221108 廠商地址:雲林縣虎尾鎮文科路 498 號 投保產品責任險字號:1304-04AKP0001032 食品業者登錄字號:P-164951027-00000-7 【商品保固】收到商品請立即拆箱檢查、如有數量不符、包裝破損等現象、請於收到商品七日內與客服人員聯絡. 【商品備註】★本產品含有過敏原:芝麻、堅果、大豆、燕麥、麩質穀物類,無,https://s1.myqr.com.tw/newshop/177/TypeGoods?type2=5425&type1=5964&type0=6202&pageIndex=0&goodId=35451,無,https://pshop.myqr.com.tw/qrssimage/GoodsImage/86/86175.jpg?61
4710097112093,源順三道研磨超細黑芝麻粉/300g,常溫食品,沖調/飲品/咖啡/早餐,沖調飲品,無,270,0.0,6,源昶,產品容量:300 公克╱包 成份說明:全素食、生機健康產品成份 / 超細黑芝麻粉 產品說明: 產品特色: 1.本產品芝麻粉、經三道研磨、粉質絕對細緻. 2.可使用於牛奶、豆漿、稀飯、果汁、、、等日常飲食中添加入、非常好用、芝麻粉非常好吸收、絕對適合銀髮族使用. 3.超微細芝麻粉約為一般芝麻粉的三倍細、因此非常適合銀髮族及小朋友食用好消化. 有效期限:12 個月,無,https://s1.myqr.com.tw/newshop/177/TypeGoods?type2=5425&type1=5964&type0=6202&pageIndex=0&goodId=47756,無,https://pshop.myqr.com.tw/qrssimage/GoodsImage/130/130112.jpg?61
4713012301435,蜜笈系列-龍眼蜜/700g,常溫食品,沖調/飲品/咖啡/早餐,沖調飲品,無,765,0.0,12,宏基,★炎炎夏日即將到來、時下最流行清涼飲品、蜂蜜醃檸檬、可以搭配宏基蜂蜜自行 DIY 唷~~ 【商品特色】 低溫濃縮、保持酵素活性與維生素之完整. 蜂蜜是來自花蕊花藥枝蜜腺 所分泌的天然甜液、甜液經蜜蜂採集返巢 在經其分解、轉化、除水而成蜂蜜. 本商品規格 內容物名稱 蜂蜜 內容量 700g/ 每瓶 原產地(國) 台灣 保存期限 720 日 廠商名稱 家庭億得行銷股份有限公司 廠商電話 02-8771-0222 廠商地址 台北市大安區忠孝東路四段 218 號 13 樓 投保產品責任險字號 0500 字第 18AML0001182 號 食品業者登錄字號 家庭億得 A-150792822-0000,無,https://s1.myqr.com.tw/newshop/177/TypeGoods?type2=5425&type1=5964&type0=6202&pageIndex=0&goodId=29330,無,https://pshop.myqr.com.tw/qrssimage/GoodsImage/69/69673.jpg?44
4712834521854,歐特有機山藥穀飲-零添加糖/400g,常溫食品,沖調/飲品/咖啡/早餐,沖調飲品,無,538,0.0,32,歐特,嚴選台灣有機山藥 即沖即飲、加入濃郁椰奶與香醇豆奶濃醇滑順更加入口 100% 堅持純淨有機無添加糖 回歸食材的原始純粹、調配出純正的香濃風味與真實口感呈現、呈現穀物最健康的原色原味. 食用方法: 將 4 匙(約 23g)歐特有機山藥穀飲、加入少量熱開水充份攪拌溶解. 再將熱開水加至 180c.c.的建議水量. 攪拌均勻、即可享用濃、純、無添加的有機多穀奶. 可依個人口味濃淡增減水量. 品名:歐特有機山藥穀飲 - 零添加糖 內容物:有機豆奶粉(中國)、有機黑糯糙米(台灣)、非基因改造有機黃豆(美國、加拿大、台灣)、有機椰奶粉(有機椰肉、有機麥芽糊精)(斯里蘭卡)、有機燕麥(台灣、芬蘭)、有機糙米(台灣)、有機山藥(台灣)、有機黑豆(台灣、中國)/p&gt; 淨重:400g 原產地:台灣 有機驗證字號:1-009-210078 有機驗證機構:慈心有機驗證股份有限公司 保存期限:18 個月(未開封) 製造日期 / 有效日期:詳見包裝標示 保存方式:請存放於陰涼乾燥處、開封後請儘快食用完畢. 製造廠商或國內負責廠商:正原有機國際有限公司 食品業者登錄字號:F-180226959-00000-4 注意事項: 本產品含有麩質的穀類、大豆及其製品、不適合其過敏體質者食用. 本產品生產製程廠房、其設備或生產管線有處理堅果種子類、含有麩質的穀類、大豆及其製品. 本產品不使用人工添加物、沖泡時較不易溶解、如有結塊屬自然現象、請攪拌均勻即可. 內附脫氧劑請勿食用.,無,https://s1.myqr.com.tw/newshop/177/TypeGoods?type2=5425&type1=5964&type0=6202&pageIndex=0&goodId=28619,歐特 慈心驗證 慈心認證 慈心有機驗證,https://pshop.myqr.com.tw/qrssimage/GoodsImage/66/66808.jpg?80
4712834521939,歐特有機全豆豆漿粉-零添加糖/350g,常溫食品,沖調/飲品/咖啡/早餐,沖調飲品,無,538,0.0,154,歐特,商品規格與注意事項 內容物組合:350g/ 罐 重(容)量:350g/ 罐 內容物名稱:非基因改造有機豆奶粉(中國)、非基因改造有機黃豆(美國、加拿大、台灣) 食品添加物名稱:無 是否有過敏源: 1.本產品含有麩質的穀類、大豆及其製品、不適合過敏體質者食用. 2.本產品生產製程廠房、其設備或生產管線有處理堅果種子類、含有麩質的穀類、大豆、芝麻及其製品. 原產地:台灣 製造廠商或國內負責廠商:正原有機國際有限公司 保存期限:18 個月 製造日期 / 有效日期:詳見包裝標示 食品業者登錄字號:F-180226959-00000-4,無,https://s1.myqr.com.tw/newshop/177/TypeGoods?type2=5425&type1=5964&type0=6202&pageIndex=0&goodId=28611,歐特 有機認證,https://pshop.myqr.com.tw/qrssimage/GoodsImage/66/66755.jpg?16
4712834521120,歐特有機即食3彩藜麥粉/210g,常溫食品,沖調/飲品/咖啡/早餐,沖調飲品,無,474,0.0,4,歐特,產品內容物與規格說明 / 保固資訊 品名:歐特有機即食三彩藜麥粉 內容物:有機三色藜麥粉(有機紅藜麥、有機黑藜麥、有機白藜麥)(台灣) 食品添加物:無 淨重:210g 原產地:台灣 有機驗證字號:1-009-210078 有機驗證機構:慈心有機驗證股份有限公司 保存期限:18 個月(未開封) 保存方式:請存放於陰涼乾燥處、開封後請冷藏或儘快食用完畢. 注意事項:內附脫氧劑請勿食用. 國內負責廠商資料 名稱:正原有機國際有限公司 電話:(02)2957-6628 食品業者登錄字號:F-180226959-00000-4 投保產品責任險字號:富邦產物保險 0500 字第 18AML0000545 號 產地:台灣 【食品業者登錄字號】F-180226959-00000-4 【投保產品責任險公司與字號】富邦產物保險 0500 字第 18AML0000545 號 【製造廠商或國內負責廠商名稱】正原有機國際有限公司 【製造廠商或國內負責廠商電話】02)2957-6628 【製造廠商或國內負責廠商地址】新北市板橋區信義路 163 巷 7 號 10 樓 【食物過敏原標示】詳如規格說明 【葷 / 純素 / 奶蛋素】純素 【內容物成份】有機三色藜麥粉(有機紅藜麥、有機黑藜麥、有機白藜麥)(台灣) 【內容量(重量)】210g 【食品添加物名稱】無 【保存期限(總效期)】18 個月(未開封),無,https://s1.myqr.com.tw/newshop/177/TypeGoods?type2=5425&type1=5964&type0=6202&pageIndex=0&goodId=28623,歐特 慈心驗證 慈心認證 慈心有機驗證,https://pshop.myqr.com.tw/qrssimage/GoodsImage/66/66836.jpg?16
4712834521847,歐特有機杏仁飲-零添加糖/400g,常溫食品,沖調/飲品/咖啡/早餐,沖調飲品,無,538,0.0,78,歐特,★嚴選頂級有機光中杏低溫烘焙細緻研磨 ★使用有機穀物與高營養價值的杏仁做搭配、是早餐首選飲品之一 ★不添加人工化學添加物來增加口感香氣、呈現穀物最健康的原色原味 ■溫潤香醇、即沖即飲、濃醇滑順更加入口 ■無添加食用膠來增加口感糊度、用真實原味呈現穀物最天然味道 ■嚴選有機光中杏與多種頂級有機多穀物、低溫烘焙精細研磨 食品業者登錄字號】F-180226959-00000-4 【投保產品責任險公司與字號】富邦產物保險 0500 字第 18AML0000545 號 【製造廠商或國內負責廠商名稱】綠指南貿易有限公司 【製造廠商或國內負責廠商電話】(02)2951-8389 【製造廠商或國內負責廠商地址】新北市板橋區信義路 163 巷 5 號 10 樓 【食物過敏原標示】本產品有堅果種子類、含有麩質的穀類、大豆及其製品、不適合其過敏體質者食用. 本產品生產製程廠房、其設備或生產管線有處理堅果種子類、含有麩質的穀類、大豆、芝麻及其製品. 【葷 / 純素 / 奶蛋素】純素 【內容物成份】有機光中杏(中國)、有機豆奶粉(中國)、非基因改造有機黃豆(美國、加拿大、台灣)、有機燕麥(台灣、芬蘭)、有機糙米(台灣)、有機黑豆(中國、台灣)、有機五穀粉(有機燕麥、有機紅扁豆、有機珍珠大麥、有機小米、有機黑豆)(台灣) 【內容量(重量)】400g 【食品添加物名稱】無 【保存期限(總效期)】18 個月 【有機認證字號】1-009-210078 慈心有機驗證設份有限公司,無,https://s1.myqr.com.tw/newshop/177/TypeGoods?type2=5425&type1=5964&type0=6202&pageIndex=0&goodId=28616,歐特 有機認證,https://pshop.myqr.com.tw/qrssimage/GoodsImage/66/66793.jpg?36
4712834521946,歐特有機亞麻仁粉/400g,常溫食品,沖調/飲品/咖啡/早餐,沖調飲品,無,473,0.0,-1,歐特,富含優質脂肪素食界魚油之稱 100% 未經榨油溫火慢焙 無漂白、香料、澱粉 成份:有機亞麻仁籽(加拿大) 規格:400g/ 包 保存期限:18 個月(未開封) 原產地:台灣 營養標示:如圖 驗證單位:慈心有機驗證股份有限公司 驗證字號:1-009-210078,無,https://s1.myqr.com.tw/newshop/177/TypeGoods?type2=5425&type1=5964&type0=6202&pageIndex=0&goodId=32344,歐特 慈心驗證 慈心認證 慈心有機驗證,https://pshop.myqr.com.tw/qrssimage/GoodsImage/81/81016.png?36
4712834521618,歐特有機青汁多穀奶/800g,常溫食品,沖調/飲品/咖啡/早餐,沖調飲品,無,473,0.0,14,歐特,商品規格 品名:歐特有機青汁多穀奶(罐) 內容物:有機綜合穀粉(非基因改造有機黃豆、有機大燕麥片、有機糙米、有機黑豆)(台灣)、有機砂糖(巴西)、有機綜合雜糧粉(非基因改造有機黃豆、有機黑豆、有機糙米、有機燕麥、有機小米、有機珍珠大麥、有機小麥、有機黑麥、有機青豌豆、有機黑糯糙米、有機紅扁豆、有機綠扁豆、有機紫麥片、有機綠豆、有機蕎麥、有機紅糯糙米、有機藜麥、有機亞麻仁籽、有機雞豆、有機紅豆)(台灣)、有機大麥苗粉(紐西蘭)、有機明日葉粉(台灣) 食品添加物:無 淨重:800g 原產地:台灣 有機驗證字號:1-009-210078 購買注意事項 本產品有堅果種子類、含有麩質的穀類、大豆及其製品、不適合其過敏體質者食用. 本產品生產製程廠房、其設備或生產管線有處理堅果種子類、含有麩質的穀類、大豆及其製品. 本產品不使用人工添加物、沖泡時較不易溶解、如有結塊屬自然現象、請攪拌均勻即可. 內附脫氧劑請勿食用.,無,https://s1.myqr.com.tw/newshop/177/TypeGoods?type2=5425&type1=5964&type0=6202&pageIndex=0&goodId=46216,歐特,https://pshop.myqr.com.tw/qrssimage/GoodsImage/125/125925.jpg?71
4712834521953,歐特有機青汁植物纖穀奶/430g,常溫食品,沖調/飲品/咖啡/早餐,沖調飲品,無,473,0.0,67,歐特,使用方式 1.將 4 匙半(約 25g)歐特有機青汁植物纖穀奶、加入少量熱開水充份攪拌溶解. 2.再將熱開水加至 180c.c.建議水量. 3.攪拌均勻、即可享用濃、純、無添加的歐特有機青汁植物纖穀奶 4.可依個人口味濃淡增減水量. 注意事項 1.本產品含有麩質的穀類、大豆及其製品、不適合其過敏體質食用. 2.本產品生產製程廠房、其設備或生產管線有處理堅果種子類、含有麩質的榖類、大豆、芝麻及其製品. 3.本產品不食用人工添加物、沖泡時較不易溶解、如有結塊屬自然現象、敬請安心食用. 4.內含脫氧劑請問食用. 產品內容物與規格說明 / 保固資訊 品名:歐特有機青汁植物纖穀奶 內容物:非基因改造有機黃豆(美國、加拿大、台灣)、有機燕麥(台灣、芬蘭)、有機砂糖(巴西)、有機糙米(台灣)、有機黑豆(中國、台灣)、有機五穀粉(有機燕麥、有機紅扁豆、有機珍珠大麥、有機小米、有機黑豆(台灣)、有機明日葉(台灣)、有機大麥苗粉(紐西蘭) 淨重:430 公克 原產地:台灣 有機驗證字號:1-009-210078 有機驗證機構:慈心有機驗證股份有限公司 保存期限:18 個月(未開封) 有期日期:標示於罐底(西元年 / 月 / 日) 保存方式:請存放於陰涼乾燥處、開封後請儘快食用完畢. 產地:台灣 【食品業者登錄字號】F-180226959-00000-4 【投保產品責任險公司與字號】富邦產物保險 0500 字第 18AML0000545 號 【製造廠商或國內負責廠商名稱】正原有機國際有限公司 【製造廠商或國內負責廠商電話】02-29576628 【製造廠商或國內負責廠商地址】新北市板橋區信義路 163 巷 5 號 10 樓 【食物過敏原標示】1.本產品含有麩質的穀類、大豆及其製品、不適合其過敏體質食用. 2.本產品生產製程廠房、其設備或生產管線有處理堅果種子類、含有麩質的榖類、大豆、芝麻及其製品. 【葷 / 純素 / 奶蛋素】全素 【內容物成份】非基因改造有機黃豆(美國、加拿大、台灣)、有機燕麥(台灣、芬蘭)、有機砂糖(巴西)、有機糙米(台灣)、有機黑豆(中國、台灣)、有機五穀粉(有機燕麥、有機紅扁豆、有機珍珠大麥、有機小米、有機黑豆(台灣)、有機明日葉(台灣)、有機大麥苗粉(紐西蘭) 【內容量(重量)】430g 【食品添加物名稱】無 【保存期限(總效期)】18 個月 【有機認證字號】1-009-210078,無,https://s1.myqr.com.tw/newshop/177/TypeGoods?type2=5425&type1=5964&type0=6202&pageIndex=0&goodId=28609,歐特 慈心驗證 慈心認證 慈心有機驗證,https://pshop.myqr.com.tw/qrssimage/GoodsImage/66/66729.jpg?55
4712834521922,歐特有機紅薏仁飲-零添加糖/350g,常溫食品,沖調/飲品/咖啡/早餐,沖調飲品,無,538,0.0,70,歐特,產品內容物與規格說明 / 保固資訊 品名:歐特有機紅薏仁飲 - 零添加糖 內容物:有機紅薏仁(台灣)、有機燕麥(台灣、芬蘭)、有機糙米(台灣)、非基因改造有機黃豆(美國、加拿大、台灣)、有機五穀粉(有機燕麥、有機紅扁豆、有機珍珠大麥、有機小米、有機黑豆)(台灣) 食品添加物:無 淨重:350g 原產地:台灣 有機驗證字號:1-009-210078 有機驗證機構:慈心有機驗證股份有限公司 保存期限:18 個月(未開封) 有效日期:標示於罐底(西元年 / 月 / 日) 保存方式:請存放於陰涼乾燥處、開封後請儘快食用完畢. 注意事項: 1.孕婦及經期婦女不宜食用. 2.本產品含有麩質的穀類、大豆及其製品、不適合其過敏體質者食用. 3.本產品生產製程廠房、其設備或生產管線有處理堅果種子類、含有麩質的穀類、大豆及其製品. 4.本產品不使用人工添加物、沖泡時較不易溶解、如有結塊屬自然現象、請攪拌均勻即可. 5.內附脫氧劑請勿食用. 產地:台灣,無,https://s1.myqr.com.tw/newshop/177/TypeGoods?type2=5425&type1=5964&type0=6202&pageIndex=0&goodId=28613,歐特,https://pshop.myqr.com.tw/qrssimage/GoodsImage/81/81017.png?55
4712834521786,歐特有機紅藜穀飲/450g,常溫食品,沖調/飲品/咖啡/早餐,沖調飲品,無,473,0.0,80,歐特,★藜麥幾乎囊括人類所需的基本營養元素、營養補充更全面 ★使用有機穀物與高營養價值的紅藜做搭配、是早餐首選飲品之一 ★不添加人工化學添加物來增加口感香氣、呈現穀物最健康的原色原味 提供全方位營養的超級食物 藜麥、被國際營養學家視為「營養黃金」、幾乎囊括人類所需的基本營養元素、這些營養和人體需求完美匹配、而素食者攝取不到的肉類優良蛋白質、在藜麥這個超級食物裡也能輕鬆補充.是聯合國糧農組織認定、唯一一種單體植物可滿足人體基本營養需求的食物、適合男女老幼方便補充營養的優良食材. 無人工添加 100% 真材實料 回歸食材的原始純粹、調配出純正的香濃風味與真實口感呈現、無人工香料、無奶精、無色素、以 100% 真材實料呈現穀物最健康的原色原味. 食用方法: 1.將 4 匙(約 25g)歐特有機紅藜穀飲、加入少量熱開水充份攪拌溶解. 2.再將熱開水加至 180c.c.的建議水量. 3.攪拌均勻、即可享用濃、純、無添加的有機多穀奶. 4.可依個人口味濃淡增減水量. 內容物:有機燕麥(台灣、芬蘭)、有機砂糖(巴西)、非基因改造有機黃豆(美國、加拿大、台灣)、有機紅藜麥(秘魯、玻利維亞)、有機糙米(台灣)、有機黑豆(台灣、中國) 食品添加物:無 淨重:450g 原產地:台灣 有機驗證字號:TOC-P0110 有機驗證機構:慈心有機驗證股份有限公司 保存期限:18 個月(未開封) 保存方式:請存放於陰涼乾燥處、開封後請儘快食用完畢. 注意事項: 1.本產品含有麩質的穀類、大豆及其製品、不適合其過敏體質者食用. 2.本產品生產製程廠房、其設備或生產管線有處理堅果種子類、含有麩質的穀類、大豆及其製品. 3.本產品不使用人工添加物、沖泡時較不易溶解、如有結塊屬自然現象、請攪拌均勻即可. 4.內附脫氧劑請勿食用. 國內負責廠商資料 名稱:正原有機國際有限公司,無,https://s1.myqr.com.tw/newshop/177/TypeGoods?type2=5425&type1=5964&type0=6202&pageIndex=0&goodId=28622,歐特 慈心驗證 慈心認證 慈心有機驗證,https://pshop.myqr.com.tw/qrssimage/GoodsImage/66/66830.jpg?91
4712834521717,歐特有機真穀多穀奶/550g,常溫食品,沖調/飲品/咖啡/早餐,沖調飲品,無,473,0.0,5,歐特,商品規格 ●550g/ 罐 購買注意事項 本產品有堅果類、種子類、含有麩質的穀類、大豆及其製品、不適合其過敏體質者食用. 本產品生產製程廠房、其設備或生產管線有處理堅果類、種子類、含有麩質的穀類、大豆、芝麻及其製品. 本產品不使用人工添加物、沖泡時較不易溶解、如有結塊屬自然現象、請攪拌均勻即可.,無,https://s1.myqr.com.tw/newshop/177/TypeGoods?type2=5425&type1=5964&type0=6202&pageIndex=0&goodId=46219,歐特,https://pshop.myqr.com.tw/qrssimage/GoodsImage/125/125945.jpg?91
4712834520291,歐特有機高鈣黑芝麻粉/350g,常溫食品,沖調/飲品/咖啡/早餐,沖調飲品,300克,473,0.0,30,歐特,品名:有機高鈣黑芝麻粉 成份: 有機黑芝麻(墨西哥、玻利維亞、斯里蘭卡、中國、台灣)、有機紅海藻鈣(英國). 食用方法: 可直接加入歐特有機多穀奶中一起沖泡、或搭配牛奶、豆漿等各類飲品一起調勻飲用. 淨重:350 公克 / 包 保存期限:1 年(未開封) 保存方式:請存放於陰涼乾燥處、開封後請儘快食用完畢. 原產地:台灣 營養標示每一份量 10 公克本包裝含 35 份 每份每 100 公克 熱量 57 大卡 568 大卡 蛋白質 2 公克 20 公克 脂肪 4.9 公克 49.3 公克 飽和脂肪 0.8 公克 8 公克 反式脂肪 0 公克 0 公克 碳水化合物 2 公克 20.1 公克 糖 0 公克 0 公克 膳食纖維 1.8 公克 17.9 公克 鈉 3 毫克 33 毫克 鈣 245 毫克 2450 毫克 正原有機國際有限公司 (02)2957-6628 新北市板橋區信義路 163 巷 5 號 10 樓 慈心有機驗證股份有限公司驗證 驗證證書字號:1-009-210078 食品業者登錄字號:B-145866507,無,https://s1.myqr.com.tw/newshop/177/TypeGoods?type2=5425&type1=5964&type0=6202&pageIndex=0&goodId=36580,無,https://pshop.myqr.com.tw/qrssimage/GoodsImage/90/90083.jpg?74
4712834521632,歐特有機紫麥多穀奶/800g,常溫食品,沖調/飲品/咖啡/早餐,沖調飲品,無,473,0.0,7,歐特,商品規格 品名:歐特有機紫麥多穀奶(罐) 內容物:有機綜合穀粉(非基因改造有機黃豆、有機大燕麥片、有機糙米、有機黑豆)(台灣)、有機砂糖(巴西)、有機紫麥粉(台灣)、有機綜合雜糧粉(非基因改造有機黃豆、有機黑豆、有機糙米、有機燕麥、有機小米、有機珍珠大麥、有機小麥、有機黑麥、有機青豌豆、有機黑糯糙米、有機紅扁豆、有機綠扁豆、有機紫麥片、有機綠豆、有機蕎麥、有機紅糯糙米、有機藜麥、有機亞麻仁籽、有機雞豆、有機紅豆)(台灣) 食品添加物:無 淨重:800g 原產地:台灣 有機驗證字號:1-009-210078 有機驗證機構:慈心有機驗證股份有限公司 保存期限:18 個月(未開封) 保存方式:請存放於陰涼乾燥處、開封後請儘快食用完畢. 購買注意事項 本產品有堅果種子類、含有麩質的穀類、大豆及其製品、不適合其過敏體質者食用. 本產品生產製程廠房、其設備或生產管線有處理堅果種子類、含有麩質的穀類、大豆及其製品. 本產品不使用人工添加物、沖泡時較不易溶解、如有結塊屬自然現象、請攪拌均勻即可. 內附脫氧劑請勿食用.,無,https://s1.myqr.com.tw/newshop/177/TypeGoods?type2=5425&type1=5964&type0=6202&pageIndex=0&goodId=46218,歐特,https://pshop.myqr.com.tw/qrssimage/GoodsImage/125/125939.jpg?74
4712834521960,歐特有機紫麥植物纖穀奶/430g,常溫食品,沖調/飲品/咖啡/早餐,沖調飲品,無,473,0.0,20,歐特,使用方式 1.將 4 匙(約 25g)歐特有機紫麥植物纖穀奶、加入少量熱開水充份攪拌溶解. 2.再將熱開水加至 180c.c.建議水量. 3.攪拌均勻、即可享用濃、純、無添加的紫麥植物纖穀奶 4.可依個人口味濃淡增減水量. 注意事項 1.本產品含有麩質的穀類、大豆及其製品、不適合其過敏體質者食用. 2.本產品生產製程廠房、其設備或生產管線有處理堅果種子類、含有麩質的穀類、大豆、芝麻及其製品. 3.本產品不使用人工添加物、沖泡時較不易溶解、如有結塊屬自然現象、請攪拌均勻即可. 4.內含脫氧劑請勿食用. 產品內容物與規格說明 / 保固資訊 品名:歐特有機紫麥植物纖穀飲 ◎內容物:非基因改造有機黃豆(美國、加拿大、台灣)、有機砂糖(巴西)、有機燕麥(台灣、芬蘭)、有機紫麥片(奧地利、加拿大)、有機糙米(台灣)、有機黑豆(中國、台灣)、有機五穀粉(有機燕麥、有機紅扁豆、有機珍珠大麥、有機小米、有機黑豆)(台灣) ◎食品添加物:無 ◎淨重:430g ◎原產地:台灣 ◎保存期限:18 個月(未開封) ◎有效日期:標示於罐底(西元年 / 月 / 日) ◎保存方式:請存放於陰涼乾燥處、開封後請盡快食用 【食品業者登錄字號】F-180226959-00000-4 【投保產品責任險公司與字號】富邦產物保險 0500 字第 18AML0000545 號 【製造廠商或國內負責廠商名稱】正原有機國際有限公司 【製造廠商或國內負責廠商電話】02-29576628 【製造廠商或國內負責廠商地址】新北市板橋區信義路 163 巷 7 號 10 樓 【食物過敏原標示】 1.本產品含有麩質的穀類、大豆及其製品、不適合其過敏體質者食用. 2.本產品生產製程廠房、其設備或生產管線有處理堅果種子類、含有麩質的穀類、大豆、芝麻及其製品. 【葷 / 純素 / 奶蛋素】全素 【內容物成份】非基因改造有機黃豆(美國、加拿大、台灣)、有機砂糖(巴西)、有機燕麥(台灣、芬蘭)、有機紫麥片(奧地利、加拿大)、有機糙米(台灣)、有機黑豆(中國、台灣)、有機五穀粉(有機燕麥、有機紅扁豆、有機珍珠大麥、有機小米、有機黑豆)(台灣) 【內容量(重量)】430g 【保存期限(總效期)】18 個月,無,https://s1.myqr.com.tw/newshop/177/TypeGoods?type2=5425&type1=5964&type0=6202&pageIndex=0&goodId=28610,歐特 有機認證,https://pshop.myqr.com.tw/qrssimage/GoodsImage/66/66742.jpg?11
4712834521779,歐特有機黑芝麻糊/450g,常溫食品,沖調/飲品/咖啡/早餐,沖調飲品,無,473,0.0,20,歐特,商品介紹 ★嚴選未榨油黑芝麻原粒、保留完整油脂營養 ★經 2 道研磨的黑芝麻、口感細緻好吸收 ★無添加糊精、食用膠、呈現穀物最天然的味道 純淨有機成分無人工添加 嚴選顆粒飽滿、有機純淨的黑芝麻、蘊含大地豐沛的健康能量、 百分百未經榨油、完整保留黑芝麻的豐富營養素、研磨成粉狀後更容易被人體吸收、 入口綿密細緻、濃郁香醇、散發自然純淨風味、 給予全身滿滿的活力滋養、是現代人營養滋補的優質來源. 無人工添加 100% 真材實料 回歸食材的原始純粹、調配出純正的香濃風味與真實口感呈現、無人工香料、無奶精、無色素、以 100% 真材實料呈現穀物最健康的原色原味. 食用方法: 將 5 匙(約 30g)歐特有機黑芝麻糊、加入少量熱開水充份攪拌溶解. 再將熱開水加至 150c.c.的建議水量. 攪拌均勻、即可享用濃、純、無添加的有機多穀奶. 可依個人口味濃淡增減水量. 產品內容物與規格說明 / 保固資訊 品名:歐特有機黑芝麻糊 內容物:有機黑芝麻(玻利維亞、斯里蘭卡、墨西哥、中國、台灣)、有機燕麥(台灣、芬蘭)、有機砂糖(巴西)、有機黑糯糙米(台灣)、有機杏仁(台灣、西班牙)、非基因改造有機黃豆(美國、加拿大、台灣)、有機黑豆(中國、台灣) 食品添加物:無 淨重:450g 原產地:台灣 有機驗證字號:1-009-210078 有機驗證機構:慈心有機驗證股份有限公司 保存期限:18 個月(未開封) 保存方式:請存放於陰涼乾燥處、開封後請儘快食用完畢. 注意事項: 本產品有堅果種子類、含有麩質的穀類、大豆及其製品、不適合其過敏體質者食用. 本產品生產製程廠房、其設備或生產管線有處理堅果種子類、含有麩質的穀類、大豆及其製品. 本產品不使用人工添加物、沖泡時較不易溶解、如有結塊屬自然現象、請攪拌均勻即可. 內附脫氧劑請勿食用. 國內負責廠商資料 名稱:正原有機國際有限公司 電話:(02)2957-6628 食品業者登錄字號:F-180226959-00000-4 投保產品責任險字號:富邦產物保險 0500 字第 18AML0000545 號 產地:台灣,https://www.youtube.com/embed/L6_RtiL9KTo,https://s1.myqr.com.tw/newshop/177/TypeGoods?type2=5425&type1=5964&type0=6202&pageIndex=0&goodId=28620,歐特 慈心驗證 慈心認證 慈心有機驗證,https://pshop.myqr.com.tw/qrssimage/GoodsImage/66/66818.jpg?46
4713012301527,龍眼蜂蜜(小單桶)/1800g,常溫食品,沖調/飲品/咖啡/早餐,沖調飲品,無,1152,0.0,8,宏基,★炎炎夏日即將到來、時下最流行清涼飲品、蜂蜜醃檸檬、可以搭配宏基蜂蜜自行 DIY 唷~~ 【商品特色】 低溫濃縮、保持酵素活性與維生素之完整. 蜂蜜是來自花蕊花藥枝蜜腺 所分泌的天然甜液、甜液經蜜蜂採集返巢 在經其分解、轉化、除水而成蜂蜜. 本商品規格 內容物名稱 蜂蜜 內容量 1800g/ 每桶 原產地(國) 台灣 保存期限 720 日 廠商名稱 家庭億得行銷股份有限公司 廠商電話 02-8771-0222 廠商地址 台北市大安區忠孝東路四段 218 號 13 樓 投保產品責任險字號 0500 字第 18AML0001182 號 食品業者登錄字號 家庭億得 A-150792822-0000,無,https://s1.myqr.com.tw/newshop/177/TypeGoods?type2=5425&type1=5964&type0=6202&pageIndex=0&goodId=29331,無,https://pshop.myqr.com.tw/qrssimage/GoodsImage/69/69684.jpg?30
4712511471014,米森有機大紅棗/295g,常溫食品,養身/酵素,養身食品,無,275,0.0,29,米森,商品特色 ★有機級 無添加防腐劑、人工香料及色素 嚴選特級有機大紅棗 漢方草本食材 銷售重點 藥膳聖品∼紅棗 大棗俗稱為紅棗、是大棗的鮮品經乾燥製成、在「神農本草經」中和枸杞、人參列為上品食材、本產品嚴選有機認證的棗樹、配合獨特的地理特質、充足的日照及溫和的氣候、所以能種植出皮薄核小、果肉鬆軟如海綿狀的有機大紅棗. 【青荷御膳房】 當歸紅棗粥: 食材:當歸 15 克、糙米 50 克、紅棗 5 顆 調味料:紅糖適量 1.將當歸用 200C.C.的溫水浸泡片刻、過濾取出汁液約 100C.C.. 2.再加入糙米、紅棗、紅糖、及 300C.C.的水、煮至米熟湯稠即可. 吃法:早晚空腹溫熱服食用、10 天為一療程. 注意事項 1.孕婦及糖尿病患者請先詢問醫師後、酌量食用 2.紅棗含糖量較高、表面容易產生白色糖化顆粒、為正常現象、請安心食用 3.有機大紅棗內有果核、請勿吞食 產品內容物與規格說明 / 保固資訊 【商品規格】 原料:有機大紅棗(有果核) 驗證單位:慈心有機驗證股份有限公司 有機農產品驗證證書字號:1-009-210002 規格:295 公克 保存期限:12 個月(未開封前) 保存方式:避免日光直射、置於陰涼乾燥處、開封後請冷藏並請儘快食用完畢 產地:中國 【產品標示內容】 【食品業者登錄字號】H-124407269-00000-9 【投保產品責任險公司與字號】明台產物保險股份有限公司 字號:8510PDT00634 【製造廠商或國內負責廠商名稱】青荷國際有限公司 【製造廠商或國內負責廠商電話】03-359-4557 【製造廠商或國內負責廠商地址】桃園市龜山區振興路 1165-1 號 【食物過敏原標示】無 【葷 / 純素 / 奶蛋素】純素 【其他揭露事項】訂購注意事項: ●商品有效日:消費者收受之商品 其有效日期至少距收受日 91 日以上 ●運送方式:常溫 ●消費者取貨時 應從速檢查所受領之物;欲退換貨 應善盡商品保存之責任 ●販售人姓名:青荷國際有限公司 電話:03-359-4557 ●地址:桃園市龜山區振興路 1165-1 號 食品登錄字號 H-124407269-00000-9 ●消費爭議處理申訴專線:03-359-4557;如發生訴訟時雙方同意以桃園地方法院為第一審管轄法院 ●產品資訊若與包裝上略有差異時 以實際包裝上標示為準 ●有機農產品驗證證書字號 1-009-210002 【內容物成份】有機大,無,https://s1.myqr.com.tw/newshop/177/TypeGoods?type2=5425&type1=5965&type0=5994&pageIndex=0&goodId=28596,青荷 有機認證,https://pshop.myqr.com.tw/qrssimage/GoodsImage/71/71441.jpg?30
4714379952056,米森有機漢方枸杞子/135g,常溫食品,養身/酵素,養身食品,無,295,0.0,24,米森,無添加防腐劑、人工香料及色素 ★增強體力、調整生理機能 ★料理常備品、可加入各式中式料理 謙善草本有機枸杞子 謙善草本─謙和為善∼草本養生. 「謙善草本」以謙和為善的中心理念、來提供全天然的有機漢方養生產品、除了遵循百年漢方典籍、更以現代高規格的食品衛生為生產標準、努力追求真正安全的天然草本養生. 精選來自中國高原地區的完熟大枸杞、果實飽滿且氣味香濃、並通過國際有機驗證、品質有保障. 1.嚴選有機食材、保留純天然的成份及自然原味. 2.漢方枸杞子原料為國人料理常備品、不論台菜、燉湯、泡茶都可增添風味. 3.神農本草經記載枸杞為養生上品、是中國漢方養生聖品. 【商品規格】 原料:有機枸杞子(中國) 驗證單位:慈心有機驗證股份有限公司 有機農產品驗證證書字號:1-009-210002 規格:135 公克 保存期限:12 個月(未開封前) 保存方式:避免日光直射、置於陰涼乾燥處、開封後請冷藏並請儘快食用完畢 產地:中國(委託台灣授權有機工廠分裝) 【產品標示內容】 【食品業者登錄字號】H-124407269-00000-9 【投保產品責任險公司與字號】明台產物保險股份有限公司 字號:8510PDT00634 【製造廠商或國內負責廠商名稱】青荷國際有限公司 【製造廠商或國內負責廠商電話】03-359-4557 【製造廠商或國內負責廠商地址】桃園市龜山區振興路 1165-1 號 【食物過敏原標示】無 【葷 / 純素 / 奶蛋素】純素 【其他揭露事項】訂購注意事項: ●商品有效日:消費者收受之商品 其有效日期至少距收受日 91 日以上 ●運送方式:常溫 ●消費者取貨時 應從速檢查所受領之物;欲退換貨 應善盡商品保存之責任 ●販售人姓名:青荷國際有限公司 電話:03-359-4557 ●地址:桃園市龜山區振興路 1165-1 號 食品登錄字號 H-124407269-00000-9 ●消費爭議處理申訴專線:03-359-4557;如發生訴訟時雙方同意以桃園地方法院為第一審管轄法院 ●產品資訊若與包裝上略有差異時 以實際包裝上標示為準 ●有機農產品驗證證書字號 1-009-210002 【內容物成份】有機枸杞子(中國) 【內容量(重量)】135 公克 【熱量】詳見營養標示 【每份營養成份】詳見營養標示 【食品添加物名稱】無 【保存期限(總效期)】12 個月(未開封) 【有機認證字號】1-00,無,https://s1.myqr.com.tw/newshop/177/TypeGoods?type2=5425&type1=5965&type0=5994&pageIndex=0&goodId=28595,青荷 有機認證,https://pshop.myqr.com.tw/qrssimage/GoodsImage/71/71442.jpg?66
4714379954685,米森乳酸菌咬咬牛奶優格(恐龍)/10g*5包,常溫食品,養身/酵素,養身食品,無,285,0.0,-135,米森,本商品規格 內容物名稱 冷凍乾燥優格塊 - 原味(優格(脫脂奶粉、保加利亞乳桿菌、嗜熱鏈球菌)、砂糖) 內容量 10 公克 /5 包 原產地(國) 泰國 保存期限 365 日 廠商名稱 青荷國際有限公司 廠商電話 (03)359-4557 廠商地址 桃園市龜山區振興路 1165-1 號 投保產品責任險字號 明台產物保險股份有限公司、字號:0009PDT00094 食品業者登錄字號 H-124407269-00000-9 其他應揭露事項 訂購注意事項:●商品有效日:消費者收受之商品 其有效日期至少距收受日 91 日以上●投保產品責任險公司與字號:明台產物保險股份有限公司 字號:0009PDT00094●運送方式:常溫●消費者取貨時 應從速檢查所受領之物;欲退換貨 應善盡商品保存之責任●販售人姓名:青荷國際有限公司 電話:03-359-4557 地址:桃園市龜山區振興路 1165-1 號 食品登錄字號 H-124407269-00000-9●消費爭議處理申訴專線:03-359-4557;如發生訴訟時雙方同意以桃園地方法院為第一審管轄法院●產品資訊若與包裝上略有差異時 以實際包裝上標示為準(本產品含有牛奶及其製品、不適合對其過敏體質者食用),無,https://s1.myqr.com.tw/newshop/177/TypeGoods?type2=5425&type1=5965&type0=5994&pageIndex=0&goodId=29286,無,https://pshop.myqr.com.tw/qrssimage/GoodsImage/69/69397.jpg?66
4714379955361,米森乳酸菌咬咬蜂蜜優格(恐龍)/10g*5包,常溫食品,養身/酵素,養身食品,無,285,0.0,-120,米森,商品特色 每袋 50 億乳酸菌 龍眼蜜獨特調味 5 倍濃縮、豐富鈣質 固態優格新吃法 童趣恐龍造型 無添加人工香料及色素 銷售重點 【無添加砂糖!滿滿乳酸菌】 米森與國際大廠合作、採用超低溫急速冷凍技術、加入純正龍眼蜂蜜、以無添加砂糖配方、製作出濃縮五倍、可常溫保存的咬咬蜂蜜優格、完整保留優格營養、幫助維持消化道機能、改變細菌叢生態、讓全家人安全享受入口即化的甜蜜馨香. 產品標示內容 【食品業者登錄字號】H-124407269-00000-9 【投保產品責任險公司與字號】明台產物保險股份有限公司、字號:8510PDT00634 【製造廠商或國內負責廠商名稱】青荷國際有限公司 【製造廠商或國內負責廠商電話】03-359-4557 【製造廠商或國內負責廠商地址】桃園市龜山區振興路 1165-1 號 【食物過敏原標示】本產品含有牛奶及其製品、不適合對其過敏體質者食用 本產品含有蜂蜜、未滿 1 歲之嬰幼兒不宜食用 【葷 / 純素 / 奶蛋素】奶蛋素 【其他揭露事項】訂購注意事項: ●商品有效日:消費者收受之商品 其有效日期至少距收受日 91 日以上 ●運送方式:常溫 ●消費者取貨時 應從速檢查所受領之物;欲退換貨 應善盡商品保存之責任 ●販售人姓名:青荷國際有限公司 電話:03-359-4557 ●地址:桃園市龜山區振興路 1165-1 號 食品登錄字號 H-124407269-00000-9 ●消費爭議處理申訴專線:03-359-4557;如發生訴訟時雙方同意以桃園地方法院為第一審管轄法院 ●產品資訊若與包裝上略有差異時 以實際包裝上標示為準 【內容物成份】冷凍乾燥優格塊 - 蜂蜜(優格(脫脂奶粉、保加利亞乳桿菌、嗜熱鏈球菌)、蜂蜜) 【內容量(重量)】10 公克 X5 包、50 公克╱袋 【熱量】詳見營養標示 【每份營養成份】詳見營養標示 【食品添加物名稱】無 (本產品含有牛奶及其製品、不適合對其過敏體質者食用) 產地:泰國,無,https://s1.myqr.com.tw/newshop/177/TypeGoods?type2=5425&type1=5965&type0=5994&pageIndex=0&goodId=29283,無,https://pshop.myqr.com.tw/qrssimage/GoodsImage/69/69378.jpg?2
4714379953596,米森乳酸菌咬咬藍莓優格(恐龍)/10g*5包,常溫食品,養身/酵素,養身食品,無,285,0.0,14,米森,【原料】:冷凍乾燥優格塊藍莓優格?脂奶粉、保加利亞乳桿菌、嗜熱鏈球菌、砂糖、冷凍藍莓 【淨重】:10 公克 X5 包、50 公克╱盒 【保存期限】:12 個月(未開封) 【有效日期】:標示於外包裝上(西元年╱月╱日) 【保存方式】:避免日光直射、置於陰涼乾燥處、開封後請盡快食用完畢. 【委託工廠】:簡單生活開發有限公司(通過國際 ISO22000 及 HACCP 食品安全驗證) 【原產地】:泰國 【過敏原資訊】:本產品含有牛奶及其製品、不適合對其過敏體質者食用. 【備註】:產品資訊若與包裝上略有差異時、以實際包裝上標示為準,無,https://s1.myqr.com.tw/newshop/177/TypeGoods?type2=5425&type1=5965&type0=5994&pageIndex=0&goodId=34423,無,https://pshop.myqr.com.tw/qrssimage/GoodsImage/82/82776.jpg?2
4714379954111,米森益生菌手作優格粉/2g*5包,常溫食品,養身/酵素,養身食品,無,285,0.0,3,米森,活力三益菌、改變細菌叢生態、使排便順暢 常溫發酵免機器、30 秒手作 加拿大菌種大廠共同研發、無糖配方 產品內容 成份:乳酸菌及酵母(乳酸乳球菌、乳脂乳酸球菌、丁二酮乳酸球菌、長雙歧桿菌(比菲德氏龍根菌)、乳酸雙歧桿菌(雷特氏 B 菌)、嗜酸乳桿菌(A 菌)、釀酒酵母、克魯維酵母)、脫脂奶粉(脫脂奶粉、乳糖). 重量:2 公克 X5 包、10 公克╱盒 保存期限:18 個月(未開封前) 有效日期:標於包裝上 保存方式:為確保菌種活性、避免日光直射.開盒後、請將優格粉置於冰箱冷藏. 產地:加拿大,無,https://s1.myqr.com.tw/newshop/177/TypeGoods?type2=5425&type1=5965&type0=5994&pageIndex=0&goodId=29244,無,https://pshop.myqr.com.tw/qrssimage/GoodsImage/69/69099.jpg?85
4715466100268,祥記煉梅膏狀青梅精/50g,常溫食品,養身/酵素,養身食品,無,765,0.0,1,無,嚴選嘉義東興梅園農場的青梅、祥記的煉梅是採本土無污染的青梅、以科技方式提煉而成、沒有手工熬煮的焦味疑慮、而且濃度甚高、安全又衛生. 1.台灣青梅精 -- 祥記煉梅. 2.祥記煉梅以科技方式加工、讓您吃得到青梅精裡最豐富的檸檬酸(枸櫞酸)、還含有 MUMEFURAL(梅華)的新物質、最特別的是祥記煉梅還含有天然糖體、乳酸酵素、苦杏素、這是梅籽內酷似杏仁的內在美、是一般傳統做法膏狀的青梅精無法得到的成分. 3.祥記煉梅吃得到整顆青梅的精華. 產品規格: 成分:台灣青梅 容量:50g/ 罐 保存期限:3 年 食用方法:每次 1 克(約包裝內附湯匙 1 小匙;每日 2-3 次)、飯後食用可稀釋加溫開水或搭配蜂蜜與果汁飲用、請稀釋食用. 保存期限:3 年 內容量:50g/ 罐 廠商名稱:崇贏實業 廠商地址:台北市北投區尊賢街 218 巷 42 號 1 樓 廠商電話號碼:02-28276918 熱量:100g/285.9 大卡 內容物成份:台灣青梅 產地:台灣,無,https://s1.myqr.com.tw/newshop/177/TypeGoods?type2=5425&type1=5965&type0=5994&pageIndex=0&goodId=29696,無,https://pshop.myqr.com.tw/qrssimage/GoodsImage/71/71006.jpg?22
4715466100183,祥記煉梅雙瓶/80粒*2瓶/贈2盒隨身包,常溫食品,養身/酵素,養身食品,無,1647,0.0,2,祥記,【祥記】煉梅(雙瓶入) 嚴選嘉義東興梅園農場的青梅、慈心有機梅園認證 1 顆煉梅=20 顆青梅 整粒青梅提煉濃縮、連梅仁的精華吃得到 GMP 標準製程、安全衛生無污染 攜帶方便、健康隨身帶著走 不同於一般在市場銷售的梅肉精.千年來善用梅、視梅為珍寶的日本是採取將青梅去籽將果肉磨碎濾雜、再利用小火慢熬成黑色漿液的梅肉精;台灣一般採用手工去籽、再將去籽的梅肉磨碎熬成膏狀;祥記耗費兩年時間研製的煉梅、全程以 GMP 廠設備製成、提煉濃縮過程安全、衛生、且不會產生人工熬煮的焦味、將整顆含籽青梅攪碎萃取、經過約三天低溫烘製而成. 祥記煉梅以科技方式加工、除了吃得到青梅精裡最豐富的檸檬酸(枸櫞酸)、多種有機酸外、還含有 MUMEFURAL(梅華)的新物質、由於梅子富含 85% 的檸檬酸、每天只需三公克的煉梅、就可讓出門、出國在外的遊子們、有更便利的保健、讓過海關也輕鬆容易. 最特別的是祥記煉梅連梅仁的精華也粹取得到:梅籽內的梅仁酷似杏仁含有天然醣體、乳酸酵素、苦杏素、是一般傳統做法膏狀的青梅精無法得到的成分. 產品規格 成分:台灣青梅、山藥粉、蜂蜜 容量:40g(約 80 粒)/ 瓶•2 瓶 / 盒 保存期限:3 年 本商品投保產物險:新光產險 / 產品責任險 2000 萬 產品說明 每日 2~3 次;每次飯後 2 粒.應酬前、後各 2~4 粒、可依個人需要增減食用、建議飯後食用(直接含或是配水吞即可)、本商品屬於食品、如有任何身體特殊狀況、宜請教醫師. 食用方便 以顆粒狀呈現給消費者、克服膏狀梅肉精難以入口的缺點. 每顆煉梅含有 0.4mg 的濃縮有機酸成份、可含食、怕酸的人可用吞食. 無鹽、無糖、解決不能吃醃漬梅者的煩惱. 方便攜帶 出國、外出旅遊的最佳良伴. 適合全家大小隨身攜帶、永保健康平安. 適合族群 開車的人、工作疲勞的人、熬夜的人、外食的人、應酬多的人、老師、講師、常說話的人、出門在外的人、出國旅遊的人、常在電腦前工作的人、調整體質的人,無,https://s1.myqr.com.tw/newshop/177/TypeGoods?type2=5425&type1=5965&type0=5994&pageIndex=0&goodId=29695,無,https://pshop.myqr.com.tw/qrssimage/GoodsImage/70/70998.jpg?22
4710859511881,綠色生活黑啤酒酵母粉/300g,常溫食品,養身/酵素,養身食品,無,428,0.0,15,綠色生活,提供全方位維生素 B 群 ●品名:綠色生活 - 啤酒酵母粉 ●原產地:法國 ●成分:啤酒酵母粉 ●特色:「啤酒花」所培養的營養酵母、能提供全方位維生素 B 群寶庫、具有健康維持、可促進食慾、幫助消化、對忙碌的現代人、發育中兒童、孕婦、中老年人及素食者、極有助益. ●內容量:300 公克╱罐 ●食用方法:每日 2 次、飯後食用、成人每次 2∼3 茶匙、兒童量減半. ●保存期限:常溫 2 年,無,https://s1.myqr.com.tw/newshop/177/TypeGoods?type2=5425&type1=5965&type0=5994&pageIndex=0&goodId=29812,無,https://pshop.myqr.com.tw/qrssimage/GoodsImage/71/71432.jpg?5
4710859515582,綠色生活優質卵磷脂/250g,常溫食品,養身/酵素,養身食品,無,380,0.0,19,綠色生活,品名:綠色生活 - 優質卵磷脂 ●成分:大豆卵磷脂 ●內容量:250 公克╱瓶 ●食用方法:每日一茶匙(10 公克)、可加入冷飲或直接食用.(注意:請勿以熱開水或高溫沖調) ●原產地:美國 ●保存期限:常溫 2 年,無,https://s1.myqr.com.tw/newshop/177/TypeGoods?type2=5425&type1=5965&type0=5994&pageIndex=0&goodId=29814,無,https://pshop.myqr.com.tw/qrssimage/GoodsImage/71/71439.jpg?5
4710696105885,人蔘茶/330ml*24入,常溫食品,養身/酵素,養身飲品,無,821,0.0,1,潤泉,嚴選人蔘萃取、添加蜜棗、黃耆、全程監控一氣呵成、原汁精華盡在其中、絕非以濃縮液再加工製作. 容量:330ml 保存期限:一年 ★本平台所有產品均為正統公司貨我們亦為正統經銷商絕非其他平台來路不明之商品★ ★平台所有產品圖片及說明僅供參考以實際出貨商品為主如有疑問請洽 line:@organicmetta 客服人員★ 潤泉國際公司立地在好山好水、自然環境純淨的蘭陽平原已超過二十年、以生產行銷「怡康礦泉水」聞名全台、其後擴大經營版圖生產行銷無人工添加物之果汁飲品;1995 年公司經營者在偶然機緣下接觸到添加物對人及環境為害、深受其健康環保的主張所打動、其後決心轉變企業經營方向、全力投入以健康素材為基底、無人工添加物增味、天然的口感、自然的味覺又具養生功效的飲品及食品. 潤泉立地在蘭陽平原已超過二十年 .1999 年:全力聚焦開發具自然、天然、健康及具養生保健之飲品. .2001 年:通過 ISO9001 品保認證、品質更上一層樓. .2004 年:成為知名連鎖有機里仁商店之供應商、以『潤之泉』的品牌推出天然、零添加之飲品、推出烏梅汁、菊花茶等系列、大受愛好天然口感的消費者偏愛、暢銷至今. .2008 年:參加香港有機食品展及亞洲有機樂活展、得到許多客戶肯定開拓外銷市場. .2008 年:通過台北清真大寺 HALAL 認證. .2009 年:追求高品質不懈怠、獲得 HACCP 以及 ISO22000 等食品安全認證. .2009 年:通過(財)慈心有機農業發展基金會之有機農產品加工驗證. .2009 年:推出『潤之泉』一系列有機飲品、上市「有機黃金燕麥堅果樂活飲」、「有機黃金燕麥、紅薏仁樂活飲」、皆獲得有機認證. .2010 年:潤之泉有機美妍雙膠木耳精華飲通過慈心有機認證、並在全省知名連鎖有機商店上架. 回歸大地澄淨如泉 潤之泉、依傍在一片美麗的蘭陽平原旁、孕育出一座以健康有機為概念的綠色城堡、過去以生產「怡康礦泉水」聞名全台、現今成為以生產無人工添加及純天然飲品為取向的專業經營團隊. 曾在因緣際會下帶著一雙兒女參加青少年成長班、於課程中講師搬出了一大袋的人工添加物、提到這些傷害健康的物質皆為人體一年內可能吃進的添加物、故現今許多文明病、癌症等均是日常飲食所造成、面對著滿滿一桌的添加物當場讓我相當震驚、也深刻體會到有害物質不時的圍繞於生活之中、震驚之餘當下期許自己要生產最健康無毒的食品、一定要以生產自,無,https://s1.myqr.com.tw/newshop/177/TypeGoods?type2=5425&type1=5965&type0=5995&pageIndex=0&goodId=29328,無,https://pshop.myqr.com.tw/qrssimage/GoodsImage/69/69667.png?41
4714379956061,米森有機黑糖老薑茶/20g*8入,常溫食品,養身/酵素,養身飲品,無,145,0.0,41,米森,★安心級 無添加防腐劑、人工香料及色素 完熟老薑、暖口不嗆辣 經 SGS 檢驗不含農藥 無添加化學抗凝結劑、故黑糖結塊屬正常現象、請安心食用 完熟老薑∼暖口不嗆辣 特別採用完熟老薑調配特濃黑糖、完美呈現老薑的暖口不嗆辣及濃郁黑糖風味、為最佳冬季溫暖飲品、適合全家安心食用. ※本產品無添加化學抗凝結劑、其黑糖產生結塊為正常現象、沖泡後即可溶解 請安心食用. 【米森御膳房】 1.取出有機黑糖老薑茶、直接倒入杯中. 2.以 200~250 毫升的熱開水沖入杯中. 3.充分攪拌後、即可飲用. ※可依個人喜好、增減水量、調整濃淡※ 【商品規格】 原料黑糖粉(菲律賓╱澳洲)、砂糖(巴西╱澳洲)、薑粉(德國╱斯里蘭卡) 規格 20 公克 x8 包、160 公克╱盒 保存期限 18 個月(未開封前) 有效日期標示於外包裝上(西元年╱月╱日) 保存方式避免日光直射、開封後請冷藏並請儘快食用完畢 產地台灣 貼心提醒本產品無添加化學抗凝結劑、其黑糖產生結塊為正常現象、沖泡後即可溶解 請安心食用. 備註產品資訊若與包裝上略有差異時、以實際包裝上標示為準,無,https://s1.myqr.com.tw/newshop/177/TypeGoods?type2=5425&type1=5965&type0=5995&pageIndex=0&goodId=29282,無,https://pshop.myqr.com.tw/qrssimage/GoodsImage/69/69371.jpg?41
4714379952018,米森有機黑糖老薑茶-隨身包/20g,常溫食品,養身/酵素,養身飲品,無,18,0.0,-80,米森,★安心級 無添加防腐劑、人工香料及色素 完熟老薑、暖口不嗆辣 經 SGS 檢驗不含農藥 無添加化學抗凝結劑、故黑糖結塊屬正常現象、請安心食用 完熟老薑∼暖口不嗆辣 特別採用完熟老薑調配特濃黑糖、完美呈現老薑的暖口不嗆辣及濃郁黑糖風味、為最佳冬季溫暖飲品、適合全家安心食用. ※本產品無添加化學抗凝結劑、其黑糖產生結塊為正常現象、沖泡後即可溶解 請安心食用. 【米森御膳房】 1.取出有機黑糖老薑茶、直接倒入杯中. 2.以 200~250 毫升的熱開水沖入杯中. 3.充分攪拌後、即可飲用. ※可依個人喜好、增減水量、調整濃淡※ 【商品規格】 原料黑糖粉(菲律賓╱澳洲)、砂糖(巴西╱澳洲)、薑粉(德國╱斯里蘭卡) 規格 20 公克 x8 包、160 公克╱盒 保存期限 18 個月(未開封前) 有效日期標示於外包裝上(西元年╱月╱日) 保存方式避免日光直射、開封後請冷藏並請儘快食用完畢 產地台灣 貼心提醒本產品無添加化學抗凝結劑、其黑糖產生結塊為正常現象、沖泡後即可溶解 請安心食用. 備註產品資訊若與包裝上略有差異時、以實際包裝上標示為準,無,https://s1.myqr.com.tw/newshop/177/TypeGoods?type2=5425&type1=5965&type0=5995&pageIndex=0&goodId=47749,無,https://pshop.myqr.com.tw/qrssimage/GoodsImage/69/69371.jpg?41
4714379957259,米森有機漢方紅棗枸杞茶/6g*8包,常溫食品,養身/酵素,養身飲品,無,185,0.0,23,米森,品名:有機漢方紅棗枸杞茶 成份:有機紅棗(中國)、有機枸杞(中國) 沖泡方式: 1.下午茶:取出茶包使用 85~90 度 C 的熱水沖泡、靜待 4~5 分鐘後、即可飲用. 2.養顏雞湯:放進電鍋作為湯底、加入嫩雞腿及香菇、灑點薄鹽調味後即可享用. 淨重:6 公克&times;8 茶包、48 公克 / 盒 保存方式:避免日光直射、開封後請儘快食用完畢. 保存期限:18 個月(未開封) 原產地:中國(台灣加工) 營養標示每一份量 150 毫升本包裝含 8 份 每份每 100 毫升 熱量 6 大卡 4 大卡 蛋白質 0.2 公克 0.1 公克 脂肪 0 公克 0 公克 飽和脂肪 0 公克 0 公克 反式脂肪 0 公克 0 公克 碳水化合物 1.4 公克 0.9 公克 糖 0 公克 0 公克 鈉 3 毫克 2 毫克 青荷國際有限公司 033594557 桃園市龜山區振興路 1165-1 號 慈心有機驗證股份有限公司驗證 驗證證書字號:1-009-210002 號,無,https://s1.myqr.com.tw/newshop/177/TypeGoods?type2=5425&type1=5965&type0=5995&pageIndex=0&goodId=32419,青荷 慈心驗證 慈心認證 慈心有機驗證,https://pshop.myqr.com.tw/qrssimage/GoodsImage/77/77726.jpg?76
4714379956092,米森有機漢方養氣茶/6g*8包,常溫食品,養身/酵素,養身飲品,無,185,0.0,31,米森,米森有機漢方養氣茶 「米森」以謙和為善的中心理念、來提供全天然的有機漢方養生產品、除了遵循百年漢方典籍、更以現代高規格的食品衛生為生產標準、努力追求真正安全的天然草本養生. 漢方草本 - 原味呈現 嚴選上等有機枸杞子、有機黃耆(正北耆)、有機大紅棗、依循專業漢方養氣配方及有機食品廠專業生產、安心有保障、並通過國際有機驗證品質有保障. 【有機枸杞子】精選來自中國高原地區的完熟大枸杞、果實飽滿且氣味香濃. 【有機大紅棗】精選來自中國黃河灘上的有機栽培棗樹、品種純正、顆粒圓大且味道香甜、並通過國際有機驗證品質有保障. 【有機黃耆】精選來自黃河以北地區的正北耆、又稱膜莢黃耆、味道較甘甜、並通過國際有機驗證品質有保障. 【商品規格】 原料:有機大紅棗(中國)、有機枸杞子(中國)、有機黃耆(中國) 驗證單位:慈心有機驗證股份有限公司 規格:48 公克 / 盒、6 公克 x8 包 保存期限:18 個月(未開封前) 保存方式:避免日光直射、置於陰涼乾燥處、開封後請冷藏並請儘快食用完畢 委託工廠:簡單生活開發有限公司(通過國際 ISO22000 及 HACCP 食品安全認證) 原產地:中國(台灣加工),無,https://s1.myqr.com.tw/newshop/177/TypeGoods?type2=5425&type1=5965&type0=5995&pageIndex=0&goodId=28594,慈心驗證 慈心認證 慈心有機驗證,https://pshop.myqr.com.tw/qrssimage/GoodsImage/66/66625.jpg?76
4710696105892,紅棗茶/330ml*24入,常溫食品,養身/酵素,養身飲品,無,821,0.0,1,潤泉,嚴選紅棗萃取、添加枸杞、黃耆、全程監控一氣呵成、原汁精華盡在其中、絕非以濃縮液再加工製作. 容量:330ml 保存期限:一年 ★本平台所有產品均為正統公司貨我們亦為正統經銷商絕非其他平台來路不明之商品★ ★平台所有產品圖片及說明僅供參考以實際出貨商品為主如有疑問請洽 line:@organicmetta 客服人員★ 潤泉國際公司立地在好山好水、自然環境純淨的蘭陽平原已超過二十年、以生產行銷「怡康礦泉水」聞名全台、其後擴大經營版圖生產行銷無人工添加物之果汁飲品;1995 年公司經營者在偶然機緣下接觸到添加物對人及環境為害、深受其健康環保的主張所打動、其後決心轉變企業經營方向、全力投入以健康素材為基底、無人工添加物增味、天然的口感、自然的味覺又具養生功效的飲品及食品. 潤泉立地在蘭陽平原已超過二十年 .1999 年:全力聚焦開發具自然、天然、健康及具養生保健之飲品. .2001 年:通過 ISO9001 品保認證、品質更上一層樓. .2004 年:成為知名連鎖有機里仁商店之供應商、以『潤之泉』的品牌推出天然、零添加之飲品、推出烏梅汁、菊花茶等系列、大受愛好天然口感的消費者偏愛、暢銷至今. .2008 年:參加香港有機食品展及亞洲有機樂活展、得到許多客戶肯定開拓外銷市場. .2008 年:通過台北清真大寺 HALAL 認證. .2009 年:追求高品質不懈怠、獲得 HACCP 以及 ISO22000 等食品安全認證. .2009 年:通過(財)慈心有機農業發展基金會之有機農產品加工驗證. .2009 年:推出『潤之泉』一系列有機飲品、上市「有機黃金燕麥堅果樂活飲」、「有機黃金燕麥、紅薏仁樂活飲」、皆獲得有機認證. .2010 年:潤之泉有機美妍雙膠木耳精華飲通過慈心有機認證、並在全省知名連鎖有機商店上架. 回歸大地澄淨如泉 潤之泉、依傍在一片美麗的蘭陽平原旁、孕育出一座以健康有機為概念的綠色城堡、過去以生產「怡康礦泉水」聞名全台、現今成為以生產無人工添加及純天然飲品為取向的專業經營團隊. 曾在因緣際會下帶著一雙兒女參加青少年成長班、於課程中講師搬出了一大袋的人工添加物、提到這些傷害健康的物質皆為人體一年內可能吃進的添加物、故現今許多文明病、癌症等均是日常飲食所造成、面對著滿滿一桌的添加物當場讓我相當震驚、也深刻體會到有害物質不時的圍繞於生活之中、震驚之餘當下期許自己要生產最健康無毒的食品、一定要以生產自,無,https://s1.myqr.com.tw/newshop/177/TypeGoods?type2=5425&type1=5965&type0=5995&pageIndex=0&goodId=29329,無,https://pshop.myqr.com.tw/qrssimage/GoodsImage/69/69669.png?60
4710696998890,紅棗黑木耳露/320ml*24入,常溫食品,養身/酵素,養身飲品,無,821,0.0,3,潤泉,嚴選頂級黑木耳及蜜棗、富含豐富鈣、鐵、膳食纖維、膠質. 容量:320ml 保存期限:一年 ★本平台所有產品均為正統公司貨我們亦為正統經銷商絕非其他平台來路不明之商品★ ★平台所有產品圖片及說明僅供參考以實際出貨商品為主如有疑問請洽 line:@organicmetta 客服人員★ 潤泉國際公司立地在好山好水、自然環境純淨的蘭陽平原已超過二十年、以生產行銷「怡康礦泉水」聞名全台、其後擴大經營版圖生產行銷無人工添加物之果汁飲品;1995 年公司經營者在偶然機緣下接觸到添加物對人及環境為害、深受其健康環保的主張所打動、其後決心轉變企業經營方向、全力投入以健康素材為基底、無人工添加物增味、天然的口感、自然的味覺又具養生功效的飲品及食品. 潤泉立地在蘭陽平原已超過二十年 .1999 年:全力聚焦開發具自然、天然、健康及具養生保健之飲品. .2001 年:通過 ISO9001 品保認證、品質更上一層樓. .2004 年:成為知名連鎖有機里仁商店之供應商、以『潤之泉』的品牌推出天然、零添加之飲品、推出烏梅汁、菊花茶等系列、大受愛好天然口感的消費者偏愛、暢銷至今. .2008 年:參加香港有機食品展及亞洲有機樂活展、得到許多客戶肯定開拓外銷市場. .2008 年:通過台北清真大寺 HALAL 認證. .2009 年:追求高品質不懈怠、獲得 HACCP 以及 ISO22000 等食品安全認證. .2009 年:通過(財)慈心有機農業發展基金會之有機農產品加工驗證. .2009 年:推出『潤之泉』一系列有機飲品、上市「有機黃金燕麥堅果樂活飲」、「有機黃金燕麥、紅薏仁樂活飲」、皆獲得有機認證. .2010 年:潤之泉有機美妍雙膠木耳精華飲通過慈心有機認證、並在全省知名連鎖有機商店上架. 回歸大地澄淨如泉 潤之泉、依傍在一片美麗的蘭陽平原旁、孕育出一座以健康有機為概念的綠色城堡、過去以生產「怡康礦泉水」聞名全台、現今成為以生產無人工添加及純天然飲品為取向的專業經營團隊. 曾在因緣際會下帶著一雙兒女參加青少年成長班、於課程中講師搬出了一大袋的人工添加物、提到這些傷害健康的物質皆為人體一年內可能吃進的添加物、故現今許多文明病、癌症等均是日常飲食所造成、面對著滿滿一桌的添加物當場讓我相當震驚、也深刻體會到有害物質不時的圍繞於生活之中、震驚之餘當下期許自己要生產最健康無毒的食品、一定要以生產自己敢吃才給別人吃為前提的無添加食品作,無,https://s1.myqr.com.tw/newshop/177/TypeGoods?type2=5425&type1=5965&type0=5995&pageIndex=0&goodId=29327,無,https://pshop.myqr.com.tw/qrssimage/GoodsImage/69/69664.jpg?60
4713517167475,曼寧有機枸杞明采茶/6g*12入,常溫食品,養身/酵素,養身飲品,無,280,0.0,24,曼寧,安心看得到有機原料 無農藥殘留、安全安心 不含咖啡因及人工添加物 產品內容物與規格說明 / 保固資訊 國家產地:其他 沖泡類別:茶包 規格組合:單件 國家認證:慈心有機認證 商品規格: 1.商品組合 / 規格:規格:6gx12 入 2.商品品名:曼寧有機枸杞明采茶(6gx12 入) 3.商品重(容)量:72g 4.內容物名稱(成分):有機枸杞、有機藍莓 5.食品添加物名稱:無 6.原產地(國):有機枸杞(中國)、有機藍莓(波士尼亞赫塞哥維納) 7.製造廠商或國內負責廠商名稱:宣洋實業股份有限公司 8.製造廠商或國內負責廠商地址:宣洋實業股份有限公司 9.製造廠商或國內負責廠商電話:02-25238800 10.以消費者收受日算起、至少距有效日期前?日以上:109 11.食品業者登錄字號:A-184747208-00000-8 12.投保產品責任險字號:0510 字第 18AML0000334 號 備註欄:無 產地:中國 【食品業者登錄字號】A-184747208-00000-8 【投保產品責任險公司與字號】0510 字第 18AML0000334 號 【製造廠商或國內負責廠商名稱】宣洋實業股份有限公司 【製造廠商或國內負責廠商電話】02-25238800 【製造廠商或國內負責廠商地址】台北市南京東路二段 76 號 9 樓 【食物過敏原標示】無 【內容物成份】有機枸杞、有機藍莓 【內容量(重量)】6gx12 入 【保存期限(總效期)】18 個月,無,https://s1.myqr.com.tw/newshop/177/TypeGoods?type2=5425&type1=5965&type0=5995&pageIndex=0&goodId=28658,宣洋 慈心驗證 慈心認證 慈心有機驗證,https://pshop.myqr.com.tw/qrssimage/GoodsImage/66/66999.jpg?60
4713517167291,曼寧有機紅棗補氣茶/5g*12入,常溫食品,養身/酵素,養身飲品,無,280,0.0,9,曼寧,讓我們從內調理開始、一起養生、從內而外的保養 選用的有機草本素材、從植株栽種到茶包生產、全程依循有機法規規定、取得慈心有機驗證(股)公司之有機驗證. 不含咖啡因及人工添加物 以飽滿紅潤的紅棗為基底、添加鮮紅色漿果&ndash;蔓越莓果與清甜黑莓葉、中西方滋養莓果巧妙融合、專業複方調配、不含咖啡因及人工添加物、口感厚實甜香、是每日維持健康活力與好氣色的最佳茶飲. 產品規格: 淨 重:60 公克&plusmn;4.5 公克(5 公克 X12 茶包)/ 盒 成 分:有機紅棗、有機蔓越莓、有機黑刺莓葉 原產地:中國、加拿大、德國 保存期限:18 個月(未開封) 保存方式:請保持密封狀態、並置於陰涼乾燥處、避免陽光直射. 證書字號 1-009-210036 有機紅棗補氣茶 SGS 檢驗報告、茶包袋 SGS 檢驗報告,無,https://s1.myqr.com.tw/newshop/177/TypeGoods?type2=5425&type1=5965&type0=5995&pageIndex=0&goodId=28659,宣洋 有機認證,https://pshop.myqr.com.tw/qrssimage/GoodsImage/67/67009.jpg?96
4713517167604,曼寧玫瑰紅棗茶/3g*15入,常溫食品,養身/酵素,養身飲品,無,180,0.0,40,曼寧,商品規格 商品名稱 曼寧台灣花茶 - 玫瑰紅棗茶(3gx15 包) 品牌 曼寧 包裝入數 11-20 入 商品種類 花草茶 / 水果茶 保存方法 請保持密封狀態、並置於陰涼處、避免陽光直射 內容物成份 紅棗、玫瑰花瓣、博士茶、金盞花、香料 熱量 詳見產品標示 每份營養成份 詳見產品標示 內容量(g/ml) 3GX15 包 食品添加物名稱 香料 製造 / 加工地 紅棗(台灣)、玫瑰花瓣(巴基斯坦)、博士茶(南非)、金盞花(埃及)、香料(台灣) 廠商名稱 宣洋實業股份有限公司 廠商電話號碼 02-25238800 廠商地址 台北市中山區南京東路二段 76 號 9 樓 保存期限 一年 製造日期╱有效日期 依商品包裝標示 投保產品責任險字號 0510 字第 16ML0000388 號,無,https://s1.myqr.com.tw/newshop/177/TypeGoods?type2=5425&type1=5965&type0=5995&pageIndex=0&goodId=29300,無,https://pshop.myqr.com.tw/qrssimage/GoodsImage/69/69507.jpg?96
4713517167628,曼寧深焙黑豆茶/8g*15入,常溫食品,養身/酵素,養身飲品,無,180,0.0,22,曼寧,本商品規格 淨重:120 公克&plusmn;4.5%(8 公克&times;15 茶包)/ 盒 成分:黑豆 原產地:台灣 保存期限:18 個月 保存方式:請保持密封狀態、並置於陰涼乾燥處、避免陽光直射 投保產品責任險字號(富邦產物保險):0500 字第 04ML001295 食品業者登錄字號:A84747208-00000-8 製造商:宣洋實業股份有限公司 地址:台北市中山區南京東路二段 76 號 9 樓 消費者服務電話:02-25238800,無,https://s1.myqr.com.tw/newshop/177/TypeGoods?type2=5425&type1=5965&type0=5995&pageIndex=0&goodId=29297,無,https://pshop.myqr.com.tw/qrssimage/GoodsImage/84/84720.png?32
4713517167659,曼寧瑪黛牛蒡茶/5g*15入,常溫食品,養身/酵素,養身飲品,無,180,0.0,13,曼寧,品名:瑪黛牛蒡茶 成份:牛蒡(台灣)、瑪黛茶(巴西)、甘草根(德國) 沖調方式: 1.取 1 包茶包、沖入 300 毫升熱開水. 2.待 5 分鐘後即可享用. 淨重:75 公克&plusmn;4.5 公克(5 公克 x15 入) 保存方式:請保持密封狀態、並置於陰涼乾燥處、避免陽光直射. 保存期限:12 個月 原產地:台灣、巴西、德國 營養標示每一份量 5 公克本包裝含 15 份 每份每日?考值百分比 熱量 0 大卡 0% 蛋白質 0 公克 0% 脂肪 0 公克 0% 飽和脂肪 0 公克 0% 反式脂肪 0 公克* 碳水化合物 0 公克 0% 糖 0 公克* 鈉 0 毫克 0%,無,https://s1.myqr.com.tw/newshop/177/TypeGoods?type2=5425&type1=5965&type0=5995&pageIndex=0&goodId=29295,無,https://pshop.myqr.com.tw/qrssimage/GoodsImage/69/69450.jpg?32
4713517167611,曼寧檸香薑茶/3g*15入,常溫食品,養身/酵素,養身飲品,無,180,0.0,25,曼寧,商品規格 商品名稱 曼寧台灣花茶 - 檸香薑茶(3gx15 包) 品牌 曼寧 商品種類 薑茶 保存方法 請保持密封狀態、並置於陰涼乾燥處、避免陽光直射 內容物成份 薑、檸檬草 熱量 詳見產品標示 每份營養成份 詳見產品標示 內容量(g/ml) 3GX15 包 食品添加物名稱 無 製造 / 加工地 台灣、泰國 廠商名稱 宣洋實業股份有限公司 廠商電話號碼 02-25238800 廠商地址 台北市中山區南京東路二段 76 號 9 樓 保存期限 一年 製造日期╱有效日期 依商品包裝標示 投保產品責任險字號 0510 字第 16ML0000388 號,無,https://s1.myqr.com.tw/newshop/177/TypeGoods?type2=5425&type1=5965&type0=5995&pageIndex=0&goodId=29299,無,https://pshop.myqr.com.tw/qrssimage/GoodsImage/69/69492.jpg?16
4710445343179,Smile99 100卡濃湯雙麥/25g*2包,常溫食品,即時熟品,即食湯品,無,60,0.0,465,源昶,【Smile99】美味新上市 100 卡濃湯雙麥體驗組 - 玉米巧達風味&amp;蘑菇馬鈴薯風味(25gx2 入 / 盒) 產品特色: ●100 卡熱量低、輕卡香濃、健康營養、飽足無負擔! ●藜麥燕麥、雙麥含量 50% 以上、高纖膳食、有飽足感! ●即沖即食、營養不流失~美味豐富度 UP! ●非基改玉米(玉米巧達風味)、無防腐劑、無人工色素. ●輕巧包裝方便攜帶、三餐點心宵夜好夥伴! ●奶素 適用對象: ●上班族、補充纖維攝取量. ●愛美族、零罪惡感、控卡好幫手. ●學生族、早餐好方便. ●銀髮族、提供均衡營養. ●夜貓族、宵夜不怕高熱量. 使用時機: ●下午茶嘴饞的時候、餓的時候、補充能量. ●運動後食用有飽足感、少負擔、促進新陳代謝. ●睡前宵夜、想吃就吃、100 卡熱量低、不用擔心熱量高. 食用方法: ●撕開一包 100 卡濃湯雙麥、注入 150cc 熱開水、並充分攪拌 10~15 秒(可依喜好的濃稠度調整水量). ●攪拌後?置 3~5 分鐘、讓藜麥、燕麥與厚醇濃湯的美味充分融合. ●食用前再攪拌一下、即刻享受一杯輕食無負擔的 100 卡濃湯雙麥. 保存期限:18 個月(未開封) 有效日期:標示於包裝上(西元年 / 月 / 日) 保存方法:請置於陰涼乾燥處、開封後儘速食用 過敏原資訊:本產品含麩質之穀物、牛奶及其製品,無,https://s1.myqr.com.tw/newshop/177/TypeGoods?type2=5425&type1=6223&type0=6226&pageIndex=0&goodId=47722,無,https://pshop.myqr.com.tw/qrssimage/GoodsImage/130/130031.jpg?52
4719854180627,川田佳竹鹽金針湯/10g*10入,常溫食品,即時熟品,即食湯品,無,200,0.0,5,川田佳,100% 純天然.無添加任何化學物質及防腐劑.純素食 金針花是來自花蓮赤柯山的天然無硫化金針製成. 飯後一碗多喝湯、溫暖您的心、滿足您的胃! 「高地川田佳」竹鹽由韓國佛廟引進、堅持傳統古法製造、特取經海風吹過三年以上的松枝、竹子、紅土;用無污染的天日鹽(經太陽曬過的鹽)放進竹筒內、紅土封口、松枝做燃料、每次高溫 1000~1500 度燒烤、以烘烤提煉去除鹽本身毒素、並吸收松枝、竹子、紅土的精華、重覆三次稱為三回烤竹鹽、比一般食鹽含鈉量較低、礦物質更多. 韓國竹鹽的味道較一般食鹽為淡、不會有厚重的鹹味、因此食物會更鮮、更美味、口感清淡又健康.來自韓國深海採集的嫩葉海帶芽、配合果菜抽出物、及韓國竹鹽的天然調味料融合而成、含豐富鈣質、礦物質、維他命 A、鉀、銅、鐵、鋅等. 本品白芝麻油採冷壓製法、故性溫和不會烈燥. 本品以萃取果菜具有的甜份和韓國竹鹽調味、故甘而不膩、絕無添加味精及防腐劑.絕對天然、絕對美味、絕對營養. 竹鹽由韓國佛廟引進、乃韓國傳統養身秘方、取經海風吹過三年以上的松枝、竹子、紅土;用無污染的天日鹽(經太陽曬過的鹽)放進竹筒內、紅土封口、松枝做燃料、每次高溫 1000~1500 度燒烤、以烘烤提煉去除鹽本身毒素、並吸收松枝、竹子、紅土的精華、重覆三次稱為三回烤竹鹽、比一般食鹽含鈉量較低、礦物質更多. 竹鹽的味道較一般食鹽為淡、不會有厚重的鹹味、因此食物會更鮮、更美味、口感清淡又健康. 「高地川田佳」竹鹽堅持傳統古法製造、提供最具獨特原始風味的產品. 純素.熱水沖泡即食.絕無添加味精及防腐劑. ●使用方法:將金針包、竹鹽調味包、冷壓白芝麻油倒入碗內、再以沸水 300cc 沖泡(隨個人口味酌量增減水量)即可食用. ●保存方法:避免陽光直射、高溫、多濕氣、存放於乾燥通風的場所. ●成分:金針花、竹鹽、竹鹽蔬果調味(玉米、海苔、高麗菜、紅蘿蔔、松茸、香菇、海苔)、冷壓白芝麻油、高麗菜、紅蘿蔔、薑、香菇 ●重量:100 公克、10 入 / 盒 ●產地:台灣. ●輔導單位:行政院農委會、花蓮縣玉里鄉農會、嘉義縣新港鄉農會.,無,https://s1.myqr.com.tw/newshop/177/TypeGoods?type2=5425&type1=6223&type0=6226&pageIndex=0&goodId=29850,無,https://pshop.myqr.com.tw/qrssimage/GoodsImage/71/71576.png?52
4719854180719,川田佳竹鹽海帶味噌湯/12.5g*8入,常溫食品,即時熟品,即食湯品,無,200,0.0,31,川田佳,本品以萃取果菜具有的甜份和韓國竹鹽調味、故甘而不膩、絕無添加味精及防腐劑. 絕對天然、絕對美味、絕對營養. 純素.熱水沖泡即食. 竹鹽由韓國佛廟引進、乃韓國傳統養身秘方、取經海風吹過三年以上的松枝、竹子、紅土;用無污染的天日鹽(經太陽曬過的鹽)放進竹筒內、紅土封口、松枝做燃料、每次高溫 1000~1500 度燒烤、以烘烤提煉去除鹽本身毒素、並吸收松枝、竹子、紅土的精華、重覆三次稱為三回烤竹鹽、比一般食鹽含鈉量較低、礦物質更多. 竹鹽的味道較一般食鹽為淡、不會有厚重的鹹味、因此食物會更鮮、更美味、口感清淡又健康. 「高地川田佳」竹鹽堅持傳統古法製造、提供最具獨特原始風味的產品. ●使用方法:將蔬菜包、天然調味料、冷壓白芝麻油倒入碗內、再以沸水 300cc 沖泡(隨個人口味酌量增減水量)即可食用. ●保存方法:避免陽光直射、高溫、多濕氣、存放於乾燥通風的場所. ●成分:嫩葉海帶芽、高麗菜、紅蘿蔔、非基因改造豆腐、味噌粉、韓國竹鹽、天然調味料、冷壓白芝麻油. ●重量:100 公克、8 入 / 盒 ●產地:台灣. ●輔導單位:行政院農委會、嘉義縣新港鄉農會. 營養標示(12.5 公克)一份 熱量 50.1 大卡 蛋白質 1.54 公克 脂肪 1.87 公克 飽和脂肪 0.3 公克 反式脂肪 0 公克 碳水化合物 6.8 公克 鈉 488.8 毫克,無,https://s1.myqr.com.tw/newshop/177/TypeGoods?type2=5425&type1=6223&type0=6226&pageIndex=0&goodId=29852,無,https://pshop.myqr.com.tw/qrssimage/GoodsImage/71/71587.jpg?52
4719854180405,川田佳竹鹽海帶芽湯/5.5g*12入,常溫食品,即時熟品,即食湯品,無,200,0.0,28,川田佳,來自韓國深海的嫩葉海帶芽 添加古法釀造的陳年味噌 含豐富的礦物質 全素食品 絕無添加味精及防腐劑 川田佳 - 竹鹽味噌海帶芽湯 特選來自韓國深海採集的嫩葉海帶芽 配合韓國竹鹽及蔬菜萃取物的竹鹽蔬果調味料 融合而成的即時受沖泡湯 含豐富的礦物質(鈣質、維他命 A、鉀、銅、鐵及鋅等). 絕無添加味精及防腐劑. 隨時隨地享受一杯鹹口味的熱湯 為您尋找幸福的好滋味~ 食用方法: 1.先將蔬菜包、竹鹽調味包、冷壓白芝麻油撕開.再將內容物倒入碗內 2.倒入 300cc 沸水沖泡(隨個人口味可增減水量) 攪拌均勻後即可食用 規格說明 品名:【川田佳】竹鹽味噌海帶芽湯 成份:海帶芽、味噌粉、竹鹽、白芝麻油、竹鹽蔬果調味(玉米、高麗菜、紅蘿蔔、松茸、 香菇、海苔)高麗菜、紅蘿蔔及非基因改造豆腐 內容量:100 公克、12 入 / 盒 食用方法: 1.先將蔬菜包、竹鹽調味包、冷壓白芝麻油撕開.再將內容物倒入碗內 2.倒入 300cc 沸水沖泡(隨個人口味可增減水量) 攪拌均勻後即可食用,無,https://s1.myqr.com.tw/newshop/177/TypeGoods?type2=5425&type1=6223&type0=6226&pageIndex=0&goodId=29849,無,https://pshop.myqr.com.tw/qrssimage/GoodsImage/71/71572.jpg?35
4719854180726,川田佳竹鹽酸辣湯/17.5g*8入,常溫食品,即時熟品,即食湯品,無,200,0.0,11,川田佳,為達到昇華湯的價值、精心特製多種優質蔬菜、營養盡在其中、以韓國竹鹽提味、萃取果菜甜份為湯底;並以蒟蒻粉為勾芡的原料、產品熱量低、酸辣適中、令人垂涎尺. 「高地川田佳」竹鹽由韓國佛廟引進、堅持傳統古法製造、特取經海風吹過三年以上的松枝、竹子、紅土;用無污染的天日鹽(經太陽曬過的鹽)放進竹筒內、紅土封口、松枝做燃料、每次高溫 1000~1500 度燒烤、以烘烤提煉去除鹽本身毒素、並吸收松枝、竹子、紅土的精華、重覆三次稱為三回烤竹鹽、比一般食鹽含鈉量較低、礦物質更多. 韓國竹鹽的味道較一般食鹽為淡、不會有厚重的鹹味、因此食物會更鮮、更美味、口感清淡又健康.來自韓國深海採集的嫩葉海帶芽、配合果菜抽出物、及韓國竹鹽的天然調味料融合而成、含豐富鈣質、礦物質、維他命 A、鉀、銅、鐵、鋅等. 本產品為達到昇華湯底的價值、精心特製多種優質蔬菜、營養盡在其中、配合果菜抽出物、及韓國竹鹽的天然調味料融合而成、並以蒟蒻粉為勾芡的原料、熱量低、酸辣適中、令人垂涎三尺. 本品白芝麻油採冷壓製法、故性溫和不會烈燥. 本品以萃取果菜具有的甜份和韓國竹鹽調味、故甘而不膩、絕對天然、絕對美味、絕對營養. 竹鹽由韓國佛廟引進、乃韓國傳統養身秘方. 「高地川田佳」堅持傳統古法製造、韓國竹鹽的味道較一般食鹽為淡、不會有厚重的鹹味、因此食物會更鮮、更美味、口感清淡又健康. 「高地川田佳」竹鹽堅持傳統古法製造、提供最具獨特原始風味的產品. 特取經海風吹過三年以上的松枝、竹子、紅土;用無污染的天日鹽(經太陽曬過的鹽)放進竹筒內、紅土封口、松枝做燃料、每次高溫 1000~1500 度燒烤、以烘烤提煉去除鹽本身毒素、並吸收松枝、竹子、紅土的精華、重覆三次稱為三回烤竹鹽、比一般食鹽含鈉量較低、礦物質更多. 產品成份:醬油、醋、竹鹽、竹鹽蔬果調味粉、蒟蒻粉、白芝麻油、高麗菜、紅蘿蔔、豆腐、竹筍、香菇、黑木耳、香菜及黑胡椒 產品組合:川田佳 / 多喝湯竹鹽海帶芽湯(12 入)X1 盒 容量:140 公克、8 入 食用方法:將蔬菜包、天然調味料、冷壓白芝麻油倒入碗內、再以沸水 300cc 沖泡(隨個人口味酌量增減水量)即可食用. 保存方式:請至於陰涼乾燥處. 注意事項:本商品一經拆封後、恕無法退貨. 保存期限:一年. 產地:台灣. 輔導單位:行政院農委會、嘉義縣新港鄉農會.,無,https://s1.myqr.com.tw/newshop/177/TypeGoods?type2=5425&type1=6223&type0=6226&pageIndex=0&goodId=29855,無,https://pshop.myqr.com.tw/qrssimage/GoodsImage/71/71592.png?35
4710589440093,中華拉麵/280g,常溫食品,即時熟品,即食粥/麵,無,75,0.0,21,承昌,【承昌】中華拉麵 【產品簡介】 以未漂白小麥麵粉製成、原味呈現、湯麵、乾麵兩相宜. 【產品特色】 1.無添加麵質改良劑、重?、修飾澱粉、重合磷酸鹽 2.煮乾燥不經油炸、快煮 3 分鐘 【內容物】 原味麵 4 片 /280 公克 保存期限(ShelfLife):12 個月(mouths),無,https://s1.myqr.com.tw/newshop/177/TypeGoods?type2=5425&type1=6223&type0=6227&pageIndex=0&goodId=29837,無,https://pshop.myqr.com.tw/qrssimage/GoodsImage/71/71533.png?71
4710734004279,冬菜細麵/66g*24入,常溫食品,即時熟品,即食粥/麵,無,648,0.0,12,龍口,濃郁口感滑潤而不膩 麵條 Q 彈有嚼勁 成份: 細麵:麵粉、鹽 醬包:水、冬菜、棕櫚油、醬油、食鹽、麥芽糖漿、食用醋、調味劑(DL- 胺基丙酸、5&#39;次黃嘌呤核?磷酸二鈉、5&#39;鳥嘌呤核?磷酸二鈉、胺基乙酸)、粘稠劑(乙醯化己二酸二澱粉、玉米糖膠)、大豆水解蛋白、香辛料(薑、胡椒、辣椒、五香). 蔬菜粉包:乾燥蔬菜(紅蘿蔔、高麗菜). 規格:66g/ 包 保存期限:8 個月 原產地:台灣 保存方式:儲存時請存放於陰涼處、開封後請儘早食用完畢 ◎沖泡 1.先將細麵取出置於碗中. 2.將調味包撕開、倒在細麵上、注入約 450c.c.熱開水 (請依個人口味自行調整水量). 3.等約 3~5 分鐘後、拌勻後即可食用. ◎煮食 鍋中加水 600cc~700cc 加熱、水沸騰後將細麵、蔬菜 及各人喜好之食材加入鍋內、以小火烹煮 3~5 分鐘熄火、 加入醬包、攪拌均勻後即可食用. 營養標示: (每一份量 68 公克.本包裝含 1 份) 每份 熱量 301 大卡 蛋白質 6.7 公克 脂肪 14.5 公克 飽和脂肪酸 7.1 公克 反式脂肪酸 0 公克 碳水化合物 35.8 公克 糖 4.1 公克 鈉 1461 毫克,無,https://s1.myqr.com.tw/newshop/177/TypeGoods?type2=5425&type1=6223&type0=6227&pageIndex=0&goodId=29832,無,https://pshop.myqr.com.tw/qrssimage/GoodsImage/71/71519.jpg?71
4710589440703,台灣麻油當歸細麵/800g,常溫食品,即時熟品,即食粥/麵,無,275,0.0,23,承昌,【產品簡介】 麵體添加天然白山藥粉、不僅口感滑溜軟 Q、還能營養加分. 採用純胡麻油和有機薑母爆香後、加入有機當歸、川芎、澳洲湖鹽熬煮. 用最純淨的原料、呈現最自然的清香、絕非人工香精、香料所能比擬的口感. 【產品特色】 1.無添加麵質改良劑、重?、修飾澱粉、重合磷酸鹽 2.無添加防腐劑、味精、化學合成香料及色素 3.煮乾燥不經油炸、快煮 3 分鐘 內容物名稱(成分): 【麵塊】未漂白小麥麵粉、白山藥粉、水、食鹽 【調理包】胡麻油、棕櫚油、薑、當歸、川芎、湖鹽、酵母抽出物、糖、混合濃縮生育醇(抗氧化劑) 【蔬菜包】高麗菜、甜玉米(非基改)、豆皮卷(非基改)、枸杞 山藥麵 8 片 / 麻油當歸醬 8 包 / 枸杞蔬菜 8 包 / 淨重 800 公克 【規格】 數量(Quantity):800(g)&times;12(bags)/Carton 材積(Cuft):1.43/58&times;35&times;20(cm) 保存期限(ShelfLife):10 個月(mouths) 原產地(國):台灣 販售業者登錄字號:A-128852515-00000-4(天和鮮物股份有限公司) 製造廠商或國內負責廠商名稱:承昌食品股份有限公司 製造廠商或國內負責廠商地址:台中市霧峰區中正路 347-1 號 製造廠商或國內負責廠商電話:02-2218-9966 以消費者收受日算起、除特殊性商品(生鮮蔬果、烘焙麵包、現做便當、快閃優惠、特價優惠等商品)至少距有效日期前?日以上:30 天 製造廠商或國內負責廠商投保產品責任險字號:1502 字第 06PD04163 號,無,https://s1.myqr.com.tw/newshop/177/TypeGoods?type2=5425&type1=6223&type0=6227&pageIndex=0&goodId=29841,無,https://pshop.myqr.com.tw/qrssimage/GoodsImage/71/71549.jpg?7
4710589440918,有機奇亞籽麵/280g,常溫食品,即時熟品,即食粥/麵,無,150,0.0,14,承昌,產品特色: 1.嚴選栽種於南美洲祕魯亞馬遜河流域一帶、完全成熟鼠尾草的種籽、又稱奇亞籽. 2.歐美國家盛讚奇亞籽為富含多種營養素的超級神奇種籽. 3.非油炸麵、蒸煮乾燥、快煮 3-4 分鐘、乾拌、湯麵兩相宜. ★產品內容 成份:有機小麥麵粉(德國)、有機奇亞籽(玻利維亞)、小麥蛋白(奧地利)、水、湖鹽(澳洲) 重量:280 公克(4 入) 保存期限:12 個月(未開封) 有效日期:標示於包裝上 保存方式:請置放陰涼通風處、避免陽光直射. 產地:台灣 驗證單位:采園生態驗證有限公司 驗證字號:1-008-140708 ★營養標示 (每份 100 公克中含) 熱量 362 大卡 蛋白質 11.3 公克 脂肪 2.3 公克 飽和脂肪酸 0.5 公克 反式脂肪酸 0 公克 碳水化合物 74 公克 糖 1.5 公克 鈉 237 毫克,無,https://s1.myqr.com.tw/newshop/177/TypeGoods?type2=5425&type1=6223&type0=6227&pageIndex=0&goodId=28804,承昌 有機認證,https://pshop.myqr.com.tw/qrssimage/GoodsImage/67/67723.jpg?7
4710589440901,有機藜麥拉麵/280g,常溫食品,即時熟品,即食粥/麵,無,150,0.0,-225,承昌,產品特色: 1.採用公平貿易 100% 有機認證藜麥. 2.祖傳老品種、源自玻利維亞安第斯高原的稀有品種. 3.擁有至少 4000 年歷史的古代穀物、有「穀物之母」稱號. 4.藜麥包含充分的必需胺基酸、能夠被人體完全消化. ★產品內容 成份:有機小麥麵粉(德國)、有機藜麥(祕魯╱玻利維亞)、小麥蛋白(奧地利)、水、湖鹽(澳洲) 重量:280 公克(4 入) 保存期限:12 個月(未開封) 有效日期:標示於包裝上 保存方式:請置放陰涼通風處、避免陽光直射. 產地:台灣 驗證單位:采園生態驗證有限公司 驗證字號:1-008-140708 ★營養標示 (每份 100 公克中含) 熱量 358.2 大卡 蛋白質 12.7 公克 脂肪 1.4 公克 飽和脂肪酸 0.34 公克 反式脂肪酸 0 公克 碳水化合物 75.5 公克 糖 1.3 公克 鈉 246 毫克,無,https://s1.myqr.com.tw/newshop/177/TypeGoods?type2=5425&type1=6223&type0=6227&pageIndex=0&goodId=28803,承昌 有機認證,https://pshop.myqr.com.tw/qrssimage/GoodsImage/67/67721.jpg?90
4710799340022,沒麥乾拌麵-綠椰咖口味/100g,常溫食品,即時熟品,即食粥/麵,無,79,0.0,36,源順,全台首支純米乾拌麵 100% 台灣有機糙米製作 糙米與台灣農友契作 無麩質麵條 商品介紹 麵體選用台灣栽種無化肥、無農藥之新鮮糙米、無任何添加物、100% 純糙米製作;椒麻拌醬也以天然調味料調製而成、無添加麩質、無添加防腐劑、無添加色素、以完美的比例調配出香、麻、辣的帶勁口感! 沒麥、是取自於字義.?體 100% 使用台灣有機糙米製作、為無麩質麵條、不加麵粉及任何添加物.有機糙米是與辛苦的農友們契作. 沒賣、為詼諧逗趣的字音.沒賣乾拌麵?但、有~我們有賣乾拌麵哦! &ldquo;沒麥&rdquo;亦是台語&ldquo;不錯&rdquo;的諧音、&ldquo;美賣ㄟ乾拌麵&rdquo;! 7-8 分鐘一碗營養又美味的麵就能上桌、煮麵的米湯還可以加入青菜、蛋花、玉米等喜歡的食材、即可加碼享用一碗熱湯! 食用方法: 1.取出麵條放入滾水中(水量需蓋過麵體)、將麵條撥散使其均勻受熱、煮約 7 分鐘左右、可依個人喜好調整烹煮時間 2.可將煮好的麵條放入冷水中、將表面的黏稠澱粉洗淨、口感更佳(此步驟可省略) 3.將麵條撈起後、加入醬包調味、可加入少須煮麵水潤濕、不僅較好拌勻、口感更滑順 4.煮麵水別倒掉喔!可加入玉米、蛋、鹽及牛奶、即可享用一碗營養又香濃的玉米濃湯哦~~ 本產品含過敏原:芝麻 本產品為無麩質產品 保存方式:放置陰涼乾燥處、避免陽光直射 產品內容物與規格說明 / 保固資訊 商品規格 品名:《源順》沒麥乾拌麵 - 綠椰咖口味 100g/ 包 成分:麵體:糙米(無化肥、無農藥) 醬包:葡萄籽油、南瓜、公平貿易椰漿、公平貿易甜味咖哩粉、海鹽、公平貿易椰糖、香茅、味噌、花生醬、薑、酵母萃取粉、公平貿易辣味咖哩粉、公平貿易白胡椒粉、公平貿易黑胡椒粉、生鮮檸檬葉、甘草粉、公平貿易乾檸檬草、混合濃縮生育醇(抗氧化劑) 本產品含過敏原:黃豆、花生、椰漿 本產品為無麩質產品 產地:台灣 保存方式:放置陰涼乾燥處、避免陽光直射 保存期限:12 個月(未開封) --------------------------------------------------------------------------- 注意事項 ※為保持產品最佳風味、開封後請盡速食用完畢. ※產品顏色可能會因網頁呈現與拍攝關係產生色差、圖片僅供參考、商品依實際供,無,https://s1.myqr.com.tw/newshop/177/TypeGoods?type2=5425&type1=6223&type0=6227&pageIndex=0&goodId=29821,無,https://pshop.myqr.com.tw/qrssimage/GoodsImage/71/71478.jpg?90
4710589440321,咖哩拉麵/420g,常溫食品,即時熟品,即食粥/麵,無,110,0.0,16,承昌,商品描述 麵體添加整粒小麥研磨的全麥麵粉、口齒間散發著自然麥香氣息.日式風味咖哩醬、特別加入有機五殼粉、 既增加能量又能降低辛辣嗆味、搭配全麥麵實在太麻吉了. 【產品特色】 無添加麵質改良劑、重?、修飾澱粉、重合磷酸鹽 無添加防腐劑、味精、化學合成香料及色素 煮乾燥不經油炸、快煮 3 分鐘 【食用方式】 將水放入鍋中煮沸、每塊麵身使用 500CC 的水(約三碗水) 放入麵塊煮 2~3 分鐘 加入醬包及蔬菜包再煮一分鐘即可美味上桌 【商品規格】 成份: 麵條:未漂白小麥粉、全麥麵粉、水、食鹽 調理包:大豆油(基改大豆加工、但已去除基改成份)、咖哩粉、花生醬、鹽、糖、南瓜粉、芝麻香油、酵母抽取物、番茄糊、薑、五穀粉(糙米、蕎麥、紅薏仁、黑豆、黑糯米)、混合濃縮生育醇(抗氧化劑) 蔬菜包:高麗菜、胡蘿蔔、海帶芽、甜玉米(非基改)、青豆仁 內容量:420 公克(4 片裝) 原產地:台灣 保存期限:10 個月 保存方式:請置於陰涼乾燥處、開封後請儘速食用完畢 注意事項:拆封後請儘速食用完畢、若未食用完畢請密封冷藏 過敏原資訊:本產品含小麥、大豆、芝麻成份,無,https://s1.myqr.com.tw/newshop/177/TypeGoods?type2=5425&type1=6223&type0=6227&pageIndex=0&goodId=29839,無,https://pshop.myqr.com.tw/qrssimage/GoodsImage/71/71541.jpg?27
4710734006891,春雨坊冬菜粉絲/64g*24入,常溫食品,即時熟品,即食粥/麵,無,842,0.0,276,龍口,商品詳情 品名:龍口春雨坊冬菜粉絲(單包) 條碼:4710734006891 沖泡 5 分鐘、全素、無添加防腐劑、 本公司通過 ISO22000&amp;HACCP 國際食品安全驗證 ■輕鬆簡單享受古早冬菜風味 ■沖泡 5 分鐘快速又方便 ■運動進階輕量食感 ■無添加防腐劑 ■可全素食用 成份: 粉絲:馬鈴薯澱粉、綠豆澱粉 醬包:釀造醬油、水、醃漬冬菜[高麗菜、鹽、香辛料(肉桂、花椒、八角、小茴、丁香)]、植物油(大豆油、棕櫚油、芥花油)、食鹽、麥芽糖漿、調理食醋(烏醋)、調味劑(DL- 胺基丙酸、5&#39;- 次黃嘌呤核?磷酸二鈉、5&#39;- 鳥嘌呤核?磷酸二鈉、胺基乙酸)、粘稠劑(乙醯化己二酸二澱粉、玉米糖膠)、香辛料(胡椒、辣椒、肉桂、小茴、胡荽、八角、陳皮) 蔬菜粉包:紅蘿蔔、高麗菜 淨重:64 公克 x1 份 保存期限:1 年 有效日期:標示於包裝(西元年&frasl;月&frasl;日) 保存條件:常溫保存、避免日光直接照射 產地:台灣,無,https://s1.myqr.com.tw/newshop/177/TypeGoods?type2=5425&type1=6223&type0=6227&pageIndex=0&goodId=29833,無,https://pshop.myqr.com.tw/qrssimage/GoodsImage/71/71522.jpg?27
4710734006907,春雨坊酸麻粉絲/67g*24入,常溫食品,即時熟品,即食粥/麵,無,842,0.0,432,龍口,商品詳情 品名:春雨坊酸麻粉絲(單包) 條碼:4710734006907 沖泡 5 分鐘、全素、無添加防腐劑、 本公司通過 ISO22000&amp;HACCP 國際食品安全驗證 ■輕鬆簡單享受泰式酸麻風味 ■台灣創新口味粉絲 ■沖泡 5 分鐘快速又方便 ■運動進階輕量食感 ■無添加防腐劑 ■可全素食用 成份: 粉絲:馬鈴薯澱粉、綠豆澱粉 醬包:水、食鹽、豆瓣醬(含基改黃豆)、辣椒、大豆油、檸檬汁、調味劑(5&#39;- 次黃嘌呤核?磷酸二鈉、5&#39;- 鳥嘌呤核?磷酸二鈉、琥珀酸、檸檬酸、DL- 胺基丙酸、胺基乙酸)、香辛料(花椒、辣椒)、蔗糖、水解黃豆蛋白、紅椒色素、玉米糖膠、香料、辣椒抽出物 蔬菜粉包:紅蘿蔔、高麗菜 產品規格:67g/ 包(12 包 / 箱) 保存期限:1 年 有效日期:標示於包裝(西元年?月?日) 保存條件:常溫保存、避免日光直接照射 產地:台灣,無,https://s1.myqr.com.tw/newshop/177/TypeGoods?type2=5425&type1=6223&type0=6227&pageIndex=0&goodId=29834,無,https://pshop.myqr.com.tw/qrssimage/GoodsImage/71/71524.jpg?27
4710589440185,炸醬乾拌麵/340g,常溫食品,即時熟品,即食粥/麵,無,110,0.0,29,承昌,【承昌】炸醬乾拌麵 【產品簡介】 麵條是未漂白小麥麵粉做成的快煮麵、炸醬包採用非基改黃豆發 酵的豆瓣醬加上香菇等食材、慢火烹調保存原味 【產品特色】 無添加麵質改良劑、重?、修飾澱粉、重合磷酸鹽 無添加防腐劑、味精、化學合成香料及色素 蒸煮乾燥不經油炸、快煮 3 分鐘 【內容物】 原味麵 4 片 / 炸醬 4 包 / 淨重 340 公克 保存期限(ShelfLife):10 個月(mouths),無,https://s1.myqr.com.tw/newshop/177/TypeGoods?type2=5425&type1=6223&type0=6227&pageIndex=0&goodId=29836,無,https://pshop.myqr.com.tw/qrssimage/GoodsImage/71/71530.png?62
4710799720046,真粥道風味素肉粥/60g,常溫食品,即時熟品,即食粥/麵,無,38,0.0,60,源順,商品名稱:真粥道風味素肉粥 規格介紹: 成分:多穀粥:白米、玉米(非基因改造)、燕麥、大麥、蕎麥、小米、小麥蛋白、大豆卵磷脂、乳酸鈣、海藻糖、維他命 E 粉【二氧化矽、混和濃縮生育醇(抗氧化劑)、辛烯基丁二酸鈉澱粉】. 調味包:食鹽、香菇粉、白胡椒粉、茴香、辣椒粉、當歸粉、五香粉、焦糖粉、砂糖、5&#39;- 鳥嘌呤核?磷酸二鈉、5&#39;- 黃嘌呤核?磷酸二鈉、高麗菜、紅蘿蔔角.蔬菜包:大豆蛋白(非基因改造)、海帶芽、高麗菜、香菇. 淨重:60 公克 產地:台灣 食品業者登錄字號:P-164951027-00001-8 投保產物產險字號:130408AKP0001696 多穀粥片由天然全穀類製成、以最先進科技研發而成、口感自然、風味絕佳.裝箱 全穀類是未經精製的穀類原料、是優質的醣類供應源. 本產品為全素! 源順真粥道系列粥品將多種榖類雜糧以最新科技熟化後細磨重組、並以簡單易食的沖泡粥品呈現、特別加入大燕麥片、不僅增加口感、更讓營養加分.湯頭清爽不油膩、早餐消夜的最佳選擇,無,https://s1.myqr.com.tw/newshop/177/TypeGoods?type2=5425&type1=6223&type0=6227&pageIndex=0&goodId=29829,無,https://pshop.myqr.com.tw/qrssimage/GoodsImage/71/71512.jpg?46
4710589440765,素紅燒湯麵/100g*4包,常溫食品,即時熟品,即食粥/麵,無,150,0.0,29,承昌,【承昌】素紅燒湯麵 【產品簡介】 麵條採用未漂白小麥麵粉製成. 紅燒醬適合素食者體質、不寒不燥、溫潤養生. 【產品特色】 1.無添加麵質改良劑、重?、修飾澱粉、重合磷酸鹽 2.無添加防腐劑、味精、化學合成香料及色素 3.蒸煮乾燥不經油炸、快煮 3 分鐘 煮法說明: 1.將每一份麵塊放入 550cc 的沸水中. 2.拆開蔬菜包、將蔬菜倒入鍋中續煮 2-3 分鐘 3.醬包剪開、倒入紅燒醬(請依個人口、酌量使用) 4.繼續煮 1 分鐘後熄火. 爽爽吃法: 大口吃麵、大口喝湯、麵煮好快馬享用.★小心燙口 小編愛囉唆:打個蛋、加點蔬菜營養均衡. 【內容物】 內含 4 小包各 100 公克 每小包內有原味麵 / 素紅燒醬 / 脫水蔬菜各一份 〔麵塊〕未漂白小麥麵粉、水、食鹽. 〔調理包〕大豆油、棕櫚油、胡蘿蔔、母、香菇、非改豆瓣醬、(非基改豆?豆、水、意豆、食鹽、果糖、麵粉芝麻香油母抽出物、八角)、食望、糖、黑芝麻油醬油黑豆、?豆水&bull;糖、鹽、甘草)、蔬菜粉胡離葡 蕃茄、臻果、葡萄糖)、甘蔗糖蜜、黑胡椒粉、?母粉、小面香粉、花椒粉、玉桂粉、丁香粉、胡萎粉、桔皮粉、香芹粉、辣椒粉、維生素 E(抗氧化劑) 〔脫水蔬菜〕高麗菜、胡蘿葡、青豆仁、海帶芽、玉米. 內容量:400g(100gx4 入) 原產地(國) 台灣 保存期限 365 日 廠商名稱 亞聖行銷有限公司 廠商電話 02-8209-8188 廠商地址 新北市新莊區中正路 905~907 號 1 樓 投保產品責任險字號 132209AKP0000168 食品業者登錄字號 F-183146038-00000-6,無,https://s1.myqr.com.tw/newshop/177/TypeGoods?type2=5425&type1=6223&type0=6227&pageIndex=0&goodId=34822,無,https://pshop.myqr.com.tw/qrssimage/GoodsImage/85/85505.png?46
4710589440529,素紅燒麵/400g,常溫食品,即時熟品,即食粥/麵,無,110,0.0,79,承昌,產品特色 【麵身】1.蒸煮乾燥不經油炸、快 3~5 分鐘 2.不添加麵質改良劑、重?、修飾澱粉、重合磷酸鹽 【調理包】1.不含防腐劑、味精、化學合成香料及色素 2.沒有反式脂肪不會造成心血管方面疾病 內容物 添加全麥麵粉做的寬麵、調理包有三十幾種原料是請中醫師調配比例適合素食者體質不寒不燥、顧腸胃配方 適用族群 老少咸宜、素食者 製造過程 早期以傳統手工麵起家 1989 年、改以全自動化生產蒸煮式快煮拉麵 1996 年起開始轉型、提倡不添加防腐劑及化學添加物、以生產天然健康麵食為主 建議食用方式 乾拌、煮湯皆適宜 商品口碑 1999 年起接受國內外多家有機團體代工、專業製造天然無添加物麵食 2015 年分別通過 ISO22000&amp;HACCP 食品安全衛生認證及 TAIWANCASORGANIC 台灣有機認證 品牌介紹 我們是一家從上一代經營至今將近五十年的製麵廠、早期以傳統手工麵起家、1989 年、改以全自動化生產蒸煮式快煮拉麵、1996 年起開始轉型、提倡不添加防腐劑及化學添加物、以生產天然健康麵食為主.近幾年台灣食品安全問題層出不窮、承昌對原料及品質的嚴格把關、已深獲海內外各經銷商及消費大眾信賴與支持.承昌堅持經營理念:誠信互助健康永續 本商品規格 內容物名稱 〔麵條〕未漂白小麥麵粉、全麥麵粉、水、食鹽〔調理包〕大豆油、棕櫚油、胡蘿蔔、薑母、香菇、陳年豆瓣醬(非基改黃豆、水、食鹽、糖、麵粉、酵母抽出物、玉米糖膠、八角)、鹽、糖、胡麻油、純釀醬油(水、黑豆、糖、鹽)酵母抽出物、黑胡椒、甘、八角、肉桂、辣椒、混合濃縮生育醇(抗氧化劑).〔蔬菜包〕高麗菜、胡蘿蔔、玉米、海帶芽、青豆仁. 內容量 400g(100gx4 入) 原產地(國) 台灣 保存期限 300 日 投保產品責任險字號 132209AKP0000168 食品業者登錄字號 F-183146038-00000-6,無,https://s1.myqr.com.tw/newshop/177/TypeGoods?type2=5425&type1=6223&type0=6227&pageIndex=0&goodId=29840,無,https://pshop.myqr.com.tw/qrssimage/GoodsImage/71/71544.jpg?82
4710589440239,麻辣燙蒸泡麵/105g,常溫食品,即時熟品,即食粥/麵,無,49,0.0,39,承昌,【承昌】麻辣燙蒸泡麵 【產品簡介】 麵條採用未漂白小麥麵粉製成. 以天然白山藥粉替代黏稠劑&middot;乳化劑等添加劑. 【產品特色】 1.無添加麵質改良劑、重?、修飾澱粉、重合磷酸鹽. 2.無添加防腐劑、味精、人工合成香料及色素. 3.蒸煮乾燥無油炸、沖泡 5 分鐘、快煮 2 分鐘. 沸水沖泡 5-6 分鐘、快煮 2 分鐘、 即可上桌! 非油炸蒸泡麵 無添加改良劑╱修飾澱粉╱人工色素╱防腐劑 麵條成分:未漂白小麥麵粉、白山藥粉、水、食鹽. 調理包成分:葵花油、純釀醬油(水、黑豆、砂糖、鹽)、烏醋(水、糯米、小麥、糖、鹽、第一類食用焦糖色素、甘草萃)、酵母萃取粉、花椒、糖、薑、湖鹽、胡麻油、辣椒醬(紅辣椒、食鹽)、辣椒粉、花椒粉、五香粉、八角粉、甘草粉、混合濃縮生育醇(抗氧化劑). 蔬菜包成分:高麗菜、酸菜、木耳、豆皮卷. 內容量:105 公克 保存期限:10 個月(未開封) 原產地:台灣 營養標示: (每一份量 105 公克.本包裝含 1 份) 每份 熱量 412 大卡 蛋白質 11.7 公克 脂肪 12.6 公克 飽和脂肪酸 1.7 公克 反式脂肪酸 0 公克 碳水化合物 62.9 公克 糖 4.6 公克 鈉 1165 毫克 【內容物】 單包裝 /105 公克 內有蒸煮泡麵 / 椒麻醬 / 蔬菜各一份 【規格】 數量(Quantity):105(g)&times;20(bags)/Carton 材積(Cuft):0.82/45&times;25.5&times;20(cm) 保存期限(ShelfLife):10 個月(mouths),無,https://s1.myqr.com.tw/newshop/177/TypeGoods?type2=5425&type1=6223&type0=6227&pageIndex=0&goodId=29843,無,https://pshop.myqr.com.tw/qrssimage/GoodsImage/71/71554.jpg?65
4710589440222,麻醬蒸泡麵/105g,常溫食品,即時熟品,即食粥/麵,無,49,0.0,35,承昌,沸水沖泡 6-7 分鐘、快煮 2 分鐘、 即可上桌! 非油炸蒸泡麵 無添加改良劑╱修飾澱粉╱人工色素╱防腐劑 麵條成分:未漂白小麥麵粉、白山藥粉、水、食鹽. 調理包成分:葵花油、白芝麻醬、純釀醬油(水、黑豆、砂糖、鹽)、烏醋(水、糯米、小麥、糖、鹽、第一類食用焦糖色素、甘草萃)、花生醬、水果醋(水、糯米、濃縮蘋果汁 1%)、湖鹽、黑芝麻醬、糖、酵母萃取粉、辣椒粉、甘草粉、混合濃縮生育醇(抗氧化劑). 內容量:105 公克 保存期限:10 個月(未開封) 原產地:台灣 營養標示: (每一份量 105 公克.本包裝含 1 份) 每份 熱量 427.5 大卡 蛋白質 12.2 公克 脂肪 14.7 公克 飽和脂肪酸 2 公克 反式脂肪酸 0 公克 碳水化合物 61.6 公克 糖 3.3 公克 鈉 802 毫克,無,https://s1.myqr.com.tw/newshop/177/TypeGoods?type2=5425&type1=6223&type0=6227&pageIndex=0&goodId=29842,無,https://pshop.myqr.com.tw/qrssimage/GoodsImage/71/71552.jpg?65
4710589440130,番茄拉麵/420g,常溫食品,即時熟品,即食粥/麵,無,110,0.0,26,承昌,★無添加麵質改良劑、重、修飾澱粉、重合磷酸鹽 ★無添加防腐劑、味精、化學合成香料及色素 ★蒸煮乾燥不經油炸、快煮 3 分鐘 ★純素可食 ★充滿茄汁的湯頭爽口又美味 本商品規格 內容物名稱 〔麵身〕未漂白小麥麵粉、蕃茄糊(蕃茄)、水、食鹽.〔調理包〕蕃茄糊(蕃茄)、葵花油、薑、蘋果醋(水、糯米、蘋果汁)、黑胡椒、義大利綜合香辛料(奧勒岡葉、羅勒葉、迷迭香葉、紅辣椒、馬郁蘭、洋香菜葉)、酵母抽出物、胡麻油、辣椒粉、砂糖、食鹽、混合濃縮生育(抗氧化劑).〔蔬菜包〕高麗菜、胡蘿蔔、玉米粒、青豆仁、海帶芽. 內容量 420g(105gx4 份) 原產地(國) 台灣 保存期限 300 日 廠商名稱 亞聖行銷有限公司 廠商電話 02-8209-8188 廠商地址 新北市新莊區中正路 905~907 號 1 樓 投保產品責任險字號 132209AKP0000168 食品業者登錄字號 F-183146038-00000-6,無,https://s1.myqr.com.tw/newshop/177/TypeGoods?type2=5425&type1=6223&type0=6227&pageIndex=0&goodId=29838,無,https://pshop.myqr.com.tw/qrssimage/GoodsImage/71/71536.jpg?2
4710589440796,義式番茄湯麵/100g*4包,常溫食品,即時熟品,即食粥/麵,無,150,0.0,52,承昌,【承昌】義式蕃茄湯麵 【產品簡介】 麵條採用未漂白小麥麵粉製成. 加上充滿義大利香料的茄汁湯頭、既 Q 彈又清 【產品特色】 1.無添加麵質改良劑、重?、修飾澱粉、重合磷酸鹽 2.無添加防腐劑、味精、化學合成香料及色素 3.蒸煮乾燥不經油炸、快煮 3 分鐘 ●100%VEGANwithnoAllium&amp;Alcohol 宗教級純素無五辛無酒 ●義大利茄汁風味麵、充滿茄汁的湯頭、爽口又美味! ●麵條蒸煮乾燥、不經油炸、無添加修飾澱粉、重?、麵質改良劑! ●調理醬包無氫化油脂、無添加味素、防腐劑、人工香料及色素! ●快煮 3~4 分鐘、義大利茄汁風味麵立即上桌! 【內容物】 內含 4 小包各 100 公克 每小包內有原味麵 / 義式蕃茄醬 / 脫水蔬菜各一份 〔麵條〕未漂白小麵粉、水、食鹽. 〔調理包〕蕃茄糊、大豆油、食鹽、蘋果醋(水、蘋果汁、食鹽)、糖、蔬菜粉(胡蘿蔔、蕃茄、蘋果、葡萄糖)、白芝麻油、黑胡椒粉、義大利香料(迷迭香葉、百里香葉、洋香菜葉、俄力岡葉)、紅辣椒粉、食鹽、維生素 E、(抗氧化劑). 〔蔬菜包〕高麗菜、胡蘿蔔、海帶芽、玉米、青豆仁 內容量:400g(100gx4 入) 原產地(國) 台灣 保存期限 365 日 廠商名稱 亞聖行銷有限公司 廠商電話 02-8209-8188 廠商地址 新北市新莊區中正路 905~907 號 1 樓 投保產品責任險字號 132209AKP0000168 食品業者登錄字號 F-183146038-00000-6,無,https://s1.myqr.com.tw/newshop/177/TypeGoods?type2=5425&type1=6223&type0=6227&pageIndex=0&goodId=34820,無,https://pshop.myqr.com.tw/qrssimage/GoodsImage/84/84096.png?2
4710589440246,酸辣湯蒸泡麵/105g,常溫食品,即時熟品,即食粥/麵,無,49,0.0,37,承昌,沸水沖泡 5-6 分鐘、快煮 2 分鐘、 即可上桌! 非油炸蒸泡麵 無添加改良劑╱修飾澱粉╱人工色素╱防腐劑 麵條成分:未漂白小麥麵粉、白山藥粉、水、食鹽. 調理包成分:烏醋(水、糯米、小麥、糖、鹽、焦糖色素第一類)、蘋果醋(水、糯米、蘋果汁)、葵花油、醬油(水、黑豆、糖、食鹽)、豆瓣醬(非基改黃豆、水、食鹽、糖、麵粉、酵母抽出物、玉米糖膠、八角粉)、純辣椒醬(紅辣椒、食鹽)、蕃茄糊、湖鹽、白山藥粉、酵母抽出物、胡麻油、薑、白胡椒粉、糖、辣椒粉、混合濃縮生育醇(抗氧化劑). 蔬菜包成分:高麗菜、胡蘿蔔、木耳、豆腐、筍干. 內容量:105 公克 保存期限:10 個月(未開封) 原產地:台灣 營養標示: (每一份量 105 公克.本包裝含 1 份) 每份 熱量 302 大卡 蛋白質 12.2 公克 脂肪 0.8 公克 飽和脂肪酸 0 公克 反式脂肪酸 0 公克 碳水化合物 61.6 公克 糖 3.2 公克 鈉 1461 毫克,無,https://s1.myqr.com.tw/newshop/177/TypeGoods?type2=5425&type1=6223&type0=6227&pageIndex=0&goodId=29844,無,https://pshop.myqr.com.tw/qrssimage/GoodsImage/71/71559.jpg?2
4710589440789,蔬菜咖哩湯麵/100g*4包,常溫食品,即時熟品,即食粥/麵,無,150,0.0,52,承昌,【承昌】蔬菜咖哩湯麵 【產品簡介】 麵體添加整粒小麥研磨的全麥麵粉、口齒間散發著自然麥香氣息. 日式風味咖哩醬、特別加入有機五殼粉、既增加能量又能降低辛辣嗆味、搭配全麥麵實在太麻吉了. 【產品特色】 1.無添加麵質改良劑、重?、修飾澱粉、重合磷酸鹽 2.無添加防腐劑、味精、化學合成香料及色素 3.蒸煮乾燥不經油炸、快煮 3 分鐘 【內容物】 全麥麵 4 片 / 咖哩醬 4 包 / 五色蔬菜 4 包 / 淨重 420 公克 〔麵塊〕未漂白小麥麵粉、水、食鹽. 〔調理包〕素食咖哩粉(胡萎、鬱金香、小茴香、桔皮、蘆巴、玉桂)、大豆油、食鹽、蕃茄糊、五穀粉(糙米、蕎麥、紅薏仁、黑豆、黑糯米)、蔬菜粉(胡蘿蔔、蕃茄、蘋果、葡萄糖)、花生醬、糖、白芝麻油、黑胡椒粉、維生素 E(抗氧化劑). 〔蔬菜包〕高麗菜、胡蘿蔔、海?芽、甜玉米、青豆仁 內容量:400g(100gx4 入) 原產地(國) 台灣 保存期限 365 日 廠商名稱 亞聖行銷有限公司 廠商電話 02-8209-8188 廠商地址 新北市新莊區中正路 905~907 號 1 樓 投保產品責任險字號 132209AKP0000168 食品業者登錄字號 F-183146038-00000-6,無,https://s1.myqr.com.tw/newshop/177/TypeGoods?type2=5425&type1=6223&type0=6227&pageIndex=0&goodId=34819,無,https://pshop.myqr.com.tw/qrssimage/GoodsImage/84/84092.png?21
4710445342837,藜麥鮮蔬粥-香椿海帶芽風味/30g*5包,常溫食品,即時熟品,即食粥/麵,無,120,0.0,141,源昶,品名:Smile99 藜麥鮮蔬粥 - 香椿海帶芽風味 成分:燕麥片、燕麥粉、米粒(米)、鮮蔬調味粉(麥芽糊精、鹽、糖、 酵母萃取物、高麗菜抽出物、水解植物蛋白、香菇萃取物)、酵母 粉、鹽、紅藜麥、菊苣纖維、紅蘿蔔、海帶芽、海帶芽粉、敏豆、 高麗菜、香椿、白胡椒粉、地瓜澱粉、辣椒、 淨重:150 公克(30 公克 x5 包) 產品特色: ̇超級全營養食物 - 藜麥、健康豐富滿滿 ̇嚴選台灣優質白米、口感飽足 ̇獨特冷凍乾燥蔬菜製程、完整保留營養 ̇無味精 / 無防腐劑 / 無人工色素 ̇純素 保存期限:18 個月(未開封) 有效日期:標示於包裝上(西元年 / 月 / 日) 保存方法:請置於陰涼乾燥處、開封後儘速食用 產地:台灣 過敏原:本產品含麩質穀物、芝麻及其製品 食用方法:加入 230-250c.c 熱開水、沖泡 2-3 分鐘攪拌均勻即可食用 營養標示如包裝上所示 源昶國際股份有限公司 台北市松山區復興北路 333 號 7 樓之 4 TEL:886-2-2719-2885,無,https://s1.myqr.com.tw/newshop/177/TypeGoods?type2=5425&type1=6223&type0=6227&pageIndex=0&goodId=29586,無,https://pshop.myqr.com.tw/qrssimage/GoodsImage/70/70594.jpg?21
4710445342844,藜麥鮮蔬粥-麻油薑風味/30g*5包,常溫食品,即時熟品,即食粥/麵,無,120,0.0,127,源昶,品名:Smile99 藜麥鮮蔬粥 - 麻油薑風味 成分:燕麥片、米粒(米)、燕麥粉、黑麻油粉、鮮蔬調味粉(麥芽糊精、 鹽、糖、酵母萃取物、高麗菜抽出物、水解植物蛋白、香菇萃取 物)、鹽、菊苣纖維、紅藜麥、紅蘿蔔、酵母粉、薑粉、高麗菜、 敏豆、薑黃粉、白胡椒粉、地瓜澱粉、辣椒、花椒 淨重:150 公克(30 公克 x5 包) 產品特色: ̇超級全營養食物 - 藜麥、健康豐富滿滿 ̇嚴選台灣優質白米、口感飽足 ̇獨特冷凍乾燥蔬菜製程、完整保留營養 ̇無味精 / 無防腐劑 / 無人工色素 ̇純素 保存期限:18 個月(未開封) 有效日期:標示於包裝上(西元年 / 月 / 日) 保存方法:請置於陰涼乾燥處、開封後儘速食用 產地:台灣 過敏原:本產品含麩質穀物、芝麻及其製品 食用方法:加入 230-250c.c 熱開水、沖泡 2-3 分鐘攪拌均勻即可食用 營養標示如包裝上所示 源昶國際股份有限公司 台北市松山區復興北路 333 號 7 樓之 4 TEL:886-2-2719-2885,無,https://s1.myqr.com.tw/newshop/177/TypeGoods?type2=5425&type1=6223&type0=6227&pageIndex=0&goodId=29588,無,https://pshop.myqr.com.tw/qrssimage/GoodsImage/70/70613.jpg?57
4713837031784,經典油品禮盒-冷壓初榨橄欖油2入,常溫食品,伴手好禮,伴手好禮,500ML*2瓶/盒,1130,0.0,10,統一生機,•義大利進口、選用高等級橄欖油 --EXTRAVIRGIN.•不經過精製及氫化、單元不飽和脂肪酸達 79%、Omega-9 有助維持健康. •發煙點 160 度、可生飲、涼拌、煎、煮、炒. 產品介紹: 義大利進口、統一生機與歐洲知名油品製造商攜手合作、市場遍布全世界 110 多個國家、擁有 ISO9001、FSSC、BRC 等工廠驗證.擁有完整的品質檢驗、包含碘價、過氧化價、皂化價等等、層層品質把關、讓您吃得安心.新鮮橄欖果實經清洗磨碎、冷壓後濾淨.全程使用物理方式製作、不使用化學溶劑萃取和氫化精製、因此保留著果實的營養價值.摘取下的橄欖洗淨、烘乾、直接壓榨、沒有添加任何化學成分.游離脂肪酸(以油酸計)不超過 0.8%、為橄欖油等級中的 ExtraVirgin 等級.保留橄欖的原始風味、香氣淡雅.單元不飽和脂肪酸達 79%、發煙點 160 度、適合中溫油炒、拌醬提味、涼拌沙拉、加入麵包沾醬或直接生飲.認識橄欖油等級 1.ExtraVirginOliveOil/ 特級初榨橄欖油摘取下的橄欖洗淨、烘乾、在攝氏 27 度以下用物理方式進行壓榨、沒有添加任何化學成分、量少而珍貴.游離脂肪酸(以油酸計)含量不超過 0.8%.發煙點 160-190°C. 建議烹飪方式: 1.涼拌、沾麵包、調理沙拉醬、炒. 2.VirginOliveOil/ 初榨橄欖油採用第一批已榨取過的橄欖、再做二次榨取、品質沒有特級的好.橄欖多酚、蠟質&hellip;營養成分下降.游離脂肪酸(以油酸計)不超過 2%.發煙點 160-190°C. 3.Ordinaryvirginoliveoil/ 普通初榨橄欖油游離脂肪酸(以油酸計)不超過 3.3%. 4.PomanceOliveOil/ 橄欖粕油利用橄欖果渣通過用溶劑、或其他物理方法處理而獲得的油、有化學溶劑殘留的風險、不建議食用. 看了這麼多橄欖油的分級、最常被消費者問到哪種橄欖油最好?其實、上述分級只是依照製程分類、即使同樣是 EXTRAVIRGIN 冷壓初榨橄欖油等級、風味也差距很大.在歐洲地中海地區、品嚐橄欖油就像品酒一樣、各有不同的鑑賞和喜好、最重要是選擇能融合於食材、以呈現出最佳口感的橄欖油、再加上正確的烹調食用方式、方能在品嚐美食時也能兼顧健康取向.,無,https://s1.myqr.com.tw/newshop/177/TypeGoods?type2=5425&type1=6931&type0=6932&pageIndex=0&goodId=47988,無,https://pshop.myqr.com.tw/qrssimage/GoodsImage/131/131160.jpg?92
4713837031814,經典油品禮盒-冷壓橄欖油+葵花籽油,常溫食品,伴手好禮,伴手好禮,500ML*2瓶/盒,820,0.0,10,統一生機,義大利進口、選用高等級橄欖油 --EXTRAVIRGIN 以及特選優質葵花籽. •橄欖油發煙點 160 度、可生飲、涼拌、煎、煮、炒. •葵花籽油發煙點 227 度、用途多元、煎、炒、煮、炸皆宜. 義大利進口、統一生機與歐洲知名油品製造商攜手合作、 市場遍布全世界 110 多個國家、擁有 ISO9001、FSSC、BRC 等工廠驗證. 擁有完整的品質檢驗、包含碘價、過氧化價、皂化價等等、 層層品質把關、讓您吃得安心. 新鮮橄欖果實經清洗磨碎、冷壓後濾淨. 全程使用物理方式製作、不使用化學溶劑萃取和氫化精製、 因此保留著果實的營養價值. 摘取下的橄欖洗淨、烘乾、直接壓榨、 沒有添加任何化學成分. 游離脂肪酸(以油酸計)不超過 0.8%、 為橄欖油等級中的 ExtraVirgin 等級. 保留橄欖的原始風味、香氣淡雅. 單元不飽和脂肪酸達 79%、 發煙點 160 度、適合中溫油炒、拌醬提味、涼拌沙拉、 加入麵包沾醬或直接生飲. 特選葵花籽油特色: 1、特選葵花籽、環境乾淨無污染. 2、油質穩定、不飽和脂肪酸達 88%. 3、高溫烹調無油煙、油質穩定. 4、用途多元、煎、炒、煮、炸皆宜、為料理時的好幫手. 5、發煙點 227 度.,無,https://s1.myqr.com.tw/newshop/177/TypeGoods?type2=5425&type1=6931&type0=6932&pageIndex=0&goodId=48025,無,https://pshop.myqr.com.tw/qrssimage/GoodsImage/131/131234.jpg?92
4711467470607,能益淨天然防蚊液/100ml,生活用品,居家清潔類,防蚊、防蟑,無,250,0.0,19,能益淨,成份:台灣土肉桂、貓薄荷(荊芥)、檸檬香茅、薄荷、薰衣草、檸檬尤加利等精油、蘆薈萃取液、大豆卵磷脂. 製造日期:標示於瓶身 保存方法:請置於陰涼處、避免陽光直射 有效日期:二年(未拆封)、本產品不加防腐劑、拆封後請儘速使用完畢. 容量:100ml&plusmn;2% 製造廠商:成典如業有限公司 營業地址:臺中市太平區新平路三段 137 號 1 樓 廠商地址:臺中市太平區中興里太平路 678 巷 39 號 1 樓 工廠證號:66000609 統一編號:27833929 特色: ★複方天然植物精華、嚴選蚊蟲忌避植物精華、實驗證明能有效預防家蚊、斑蚊、台灣鋏蠓(小黑蚊)、跳蚤之叮咬、亦可驅趕惱人塵. ★天然清爽配方、精選天然植物精露與精油、氣味清新、質地清爽不油膩. ★溫和不刺激皮膚(兒童適用)、絕不添加酒精、樟腦油、辣椒油等過敏性、刺激性配方. ★環保、無化學殘留、不含 DEEP(敵避)及防腐劑、無添加人工香料及色素. ★SGS 認證不含防腐劑、重金屬成份及有害微生物. ★SUPERLAB 認證無皮膚刺激性. 用途:人體皮膚、室內外空間. 使用方法: 人體皮膚 1.防護手腳時、距離皮膚約 10 公分、噴灑於皮膚裸露部位、再以手掌塗抹均勻. 2.防護臉部時、請先噴於手掌上、在輕輕塗抹均勻於臉上. 3.維持最佳效果、平均 2~4 小時噴灑一次、可有效防禦蚊蟲叮咬. 室內外空間 噴灑於活動範圍之環境或物體上如草地、寢具、可使蚊蟲更為遠離. 注意事項: 1.使用時避免接觸到眼睛、口鼻、黏膜、傷口等部位. 2.若不慎接觸眼睛而有不適感、請立刻以清水沖洗即可. 3.不含樟腦油、蠶豆症者可適用. 4.皮膚敏感者或使用後若有不適請即刻停止使用、並請教醫生.,無,https://s1.myqr.com.tw/newshop/177/TypeGoods?type2=7822&type1=7823&type0=7825&pageIndex=0&goodId=46247,無,https://pshop.myqr.com.tw/qrssimage/GoodsImage/126/126047.jpg?92
4711467470256,能益淨天然防蟑侵/50g,生活用品,居家清潔類,防蚊、防蟑,無,230,0.0,15,能益淨,成份:乳化劑、植物精露、精油(薄荷)、純水. 製造日期:標示於瓶身 保存方法:請置於陰涼處、避免陽光直射 有效日期:二年(未拆封)、本產品不加防腐劑、拆封後請儘速使用完畢. 容量:50g&plusmn;2% 製造廠商:成典如業有限公司 營業地址:臺中市太平區新平路三段 137 號 1 樓 廠商地址:臺中市太平區中興里太平路 678 巷 39 號 1 樓 工廠證號:66000609 統一編號:27833929 使用方式 請塗抹於蟑螂可能出沒的路徑及地點、或是桌腳、櫥櫃周邊型成防護層!防止蟑螂入侵、本商品無毒無化學成分可用手指直接碰觸塗抹!寵物、兒童誤食無礙. 注意事項 1.塗抹後請將塗抹筆以清水洗淨並蔭乾. 2.本產品無毒性亦可直接以手指直接觸碰塗抹、如有沾手以水清洗即可. 3.本產品請勿當藥物塗抹於眼睛及口或傷口.若不小心誤食並無大礙、多喝開水即可. 4.開瓶使用後、請鎖緊瓶蓋置放於陰涼處、切勿擺放在陽光直射或溫度過高處、以免變質而失去作用. 5.本產品若直接塗抹在蟑螂巢穴的出入口處、蟑螂將因食物匱乏而離巢遷徙、但有少數蟑螂可能會因極度饑餓與驚嚇而穿越防蟑侵的防線、此為正常現象.,無,https://s1.myqr.com.tw/newshop/177/TypeGoods?type2=7822&type1=7823&type0=7825&pageIndex=0&goodId=46246,無,https://pshop.myqr.com.tw/qrssimage/GoodsImage/126/126046.jpg?76
4711467470850,能益淨天然防蟻侵/50g,生活用品,居家清潔類,防蚊、防蟑,無,230,0.0,13,能益淨,成份:天然植物精露、天然植精油、乳化劑、純水. 製造日期:標示於瓶身 保存方法:請置於陰涼處、避免陽光直射 有效日期:二年(未拆封)、本產品不加防腐劑、拆封後請儘速使用完畢. 容量:50g&plusmn;2% 製造廠商:成典如業有限公司 營業地址:臺中市太平區新平路三段 137 號 1 樓 廠商地址:臺中市太平區中興里太平路 678 巷 39 號 1 樓 工廠證號:66000609 統一編號:27833929 螞蟻是自然生態系統的清除者、尤其對於清除人類居家環境各種易滋生病菌的碎屑物是一大功臣. 天然無毒的防蟻侵&mdash;對人體及螞蟻無任何毒害、係利用大自然生剋忌避之理、粹取出螞蟻所忌避的天然植物精華、塗抹於螞蟻可能入侵的傢俱與牆面或地面的垂直面、以約 1~2cm 的寬度環狀包圍傢俱如桌腳等、形成一道透明的防護線、保護傢俱內的食物避免被螞蟻入侵蠶食、另可塗抹於螞蟻洞口使之舉巢遷徙、便不需使用具有毒性的藥餌或噴劑來驅除螞蟻. 能益淨產品以「大自然的智慧」為師、其主要成份皆是對人體有益的益生菌、酵素及植物萃取菁華、使用後能使蟑螂螞蟻及蚊蟲自然遠離;不僅無毒無污染且不傷害人類及所有生物、長期使用更能創造抗氧化的友善環境.期望藉由能益淨系列產品的推廣、取代傳統有毒污染的殺蟲劑、不用擔心對健康的傷害及環境污染的問題.因產品天然無毒、所以通路為藥妝及生機店. 使用方法 1.使用前:請先以乾布清潔擦乾準備塗抹的區域. 2.使用時:塗抹於螞蟻可能入侵的傢俱與牆面或地面的垂直面、以約 1~2cm 的寬度環狀包圍傢俱、形成一道透明的防護線、保護傢俱內的食物避免被螞蟻入侵蠶食. 3.使用後:塗抹一次的有效期約 1 個月.本產品會水解、因此儘量避免塗抹於潮溼處、若不小心受潮、請在受潮處再補強一次防蟻侵.,無,https://s1.myqr.com.tw/newshop/177/TypeGoods?type2=7822&type1=7823&type0=7825&pageIndex=0&goodId=46248,無,https://pshop.myqr.com.tw/qrssimage/GoodsImage/126/126049.jpg?76
4711467470119,能益淨活菌驅蟑劑/500cc,生活用品,居家清潔類,防蚊、防蟑,無,299,0.0,12,能益淨,成份:益生菌(Lactobacilluscasei、Aspergillusoryzae)及酵素. 製造日期:標示於瓶身 保存方法:請置於陰涼處、避免陽光直射 有效日期:二年(未拆封)、本產品不加防腐劑、拆封後請儘速使用完畢. 容量:500ml&plusmn;2% 製造廠商:成典如業有限公司 營業地址:臺中市太平區新平路三段 137 號 1 樓 廠商地址:臺中市太平區中興里太平路 678 巷 39 號 1 樓 工廠證號:66000609 統一編號:27833929 使用方式 噴灑於蟑螂容易出沒之角落、細縫等陰暗處.櫥櫃、碗盤收納櫃、烘碗機等周邊地方、抽屜、流理台、水管、廚餘桶等等角落!達到驅除蟑螂的目的、產品純天然無毒兒童或寵物碰觸誤食無礙. 使用細則 1.清理室內空間 若有使用消毒水、漂白水等殺菌劑時、最後應再以水清潔一次. 2.第一天全面噴灑 施用在廚房、室內空間蟑螂易躲藏處如系統廚櫃內、流理臺、鍋碗瓢盆、廚櫃縫隙、排水管口、夾層、地板陰暗處、垃圾桶、廚餘桶&hellip;&hellip;、全面性的噴灑每一個角落、使蟑螂無處躲藏或覓食、營造抗氧化環境使蟑螂自然遠離. 3.第二天全面噴灑 如上述、再一次全面性噴灑每一個角落、3 到 5 天即可見效. 4.每隔半個月重點噴灑 後續每半個月或零星蟑螂再出沒時、噴灑於蟑螂出沒處. 5.「防蟑侵」配合使用效果更好 針對蟑螂出入口如排水口、流理台下方孔隙及門窗縫隙等、以環狀塗抹本公司產品「天然防蟑侵」防止蟑螂再侵擾.,無,https://s1.myqr.com.tw/newshop/177/TypeGoods?type2=7822&type1=7823&type0=7825&pageIndex=0&goodId=46245,無,https://pshop.myqr.com.tw/qrssimage/GoodsImage/126/126044.jpg?13
4713037390308,艾草本天然洗潔精/1000g,生活用品,居家清潔類,餐具/蔬果清潔,無,210,0.0,11,艾農生物,採用艾草萃取液、天然椰子醇、葡萄糖和無患子所萃取製成的天然起泡劑. ?泡沫柔細能完全洗淨、去污力強、不會殘留、溫和不刺激、不傷害肌膚、可以滋潤和保護雙手、更是確保全家人健康的好幫手. ?濃縮製成、可稀釋 3-5 倍使用、經濟實惠、健康又環保. ?適用於清洗碗盤、也可以洗去蔬果的髒污殘留. ?可以用清水稀釋 1000 倍後用於拖地、地板不會黏砂又有光澤、感覺更乾淨舒爽.,無,https://s1.myqr.com.tw/newshop/177/TypeGoods?type2=7822&type1=7823&type0=7826&pageIndex=0&goodId=46327,無,https://pshop.myqr.com.tw/qrssimage/GoodsImage/126/126309.jpeg?13
4711467471505,能益淨益生菌濃縮洗碗精/500g,生活用品,居家清潔類,餐具/蔬果清潔,無,180,0.0,3,能益淨,成份:純水、益生菌、烷基葡萄?APG、椰子油介面活性劑、椰油硫銨丙基甜菜鹼、檸檬酸、苯甲酸鈉. 用途:清洗碗盤食器、奶瓶、調理器具、蔬果. 使用方法:將待清潔的器皿放入水中清洗或以菜瓜布沾上洗碗精洗滌、再以清水沖洗乾淨即可. 製造日期:標示於瓶身 保存方法:置於陰涼處、拆封後請儘速使用完畢. 有效日期:三年(未拆封)、本產品不加防腐劑、拆封後請儘速使用完畢. 容量:500ml&plusmn;2% 注意事項: 1.液體顏色微黃及稍有沈澱物為正常現象. 2.使用菜瓜布時請勿接觸到壓嘴、以避免倒吸污染變質. 3.若誤入眼睛、請以大量清水沖洗. 4.請置於幼童無法取得處. 製造廠商:成典如業有限公司 營業地址:臺中市太平區新平路三段 137 號 1 樓 廠商地址:臺中市太平區中興里太平路 678 巷 39 號 1 樓 工廠證號:66000609 統一編號:27833929 ★採用能快速分解油脂的益生菌發酵液、容易洗淨、清洗後碗盤光潔亮麗、咕溜咕溜. ★嚴選植物性界面活性劑、Ecocert 認證的烷基葡萄?APG 洗淨成分、萃取來源為玉米、椰子油等植物、安全有保障、生物分解度高、清洗碗盤、奶瓶等器具更安心. ★不含壬基苯酚類界面活性劑及螢光增白劑、不會汙染環境.不含 paraben 防腐劑不刺激皮膚、不咬手.,無,https://s1.myqr.com.tw/newshop/177/TypeGoods?type2=7822&type1=7823&type0=7826&pageIndex=0&goodId=46253,無,https://pshop.myqr.com.tw/qrssimage/GoodsImage/126/126050.jpg?95
4719866961184,茶籽粉/600g,生活用品,居家清潔類,餐具/蔬果清潔,無,75,0.0,42,無,成分是單純的茶籽粕.來源是苦茶籽去除外殼、將茶籽仁榨油、將剩下的苦茶籽乾燥磨粉製成. 使用方式:先將少許茶籽粉加水調勻、再沾拭清洗餐具. 100% 純天然去污去油效果很好 重量:600g 本產品為清潔用途、不可食用,無,https://s1.myqr.com.tw/newshop/177/TypeGoods?type2=7822&type1=7823&type0=7826&pageIndex=0&goodId=46341,無,https://pshop.myqr.com.tw/qrssimage/GoodsImage/128/128610.jpg?95
4713037390261,艾草本清新牙膏/160ml,生活用品,個人清潔類,身體清潔保養,無,230,0.0,21,艾農生物,艾草之家】艾草清新牙膏 160g/ 條 衛福部化�菻~登錄編號 13025026A0090000000001 主要成分:艾草、薄荷、甘油、葡萄糖等萃取. ●精選艾草和多種天然植物及清涼薄荷油與氟化物配方. ●天然草本植物的清新味道給您好口氣、天天好心情. ●濃縮製成、所以用量只要一般牙膏的三分之一的量、即可達到潔淨效果.,無,https://s1.myqr.com.tw/newshop/177/TypeGoods?type2=7822&type1=7824&type0=7827&pageIndex=0&goodId=46326,無,https://pshop.myqr.com.tw/qrssimage/GoodsImage/126/126307.jpeg?32
4713037390735,艾草沐浴乳/500ml,生活用品,個人清潔類,身體清潔保養,無,335,0.0,18,艾農生物,【新品上架】艾草沐浴乳 500g 升級版 主成分:艾草萃取液、蘆薈萃取、 甜橙精油、檸檬精油、荷荷芭油 艾草溫和清潔、除穢、淨化身心靈 蘆薈富含多種氨基酸、礦物質、黏多 醣體、發揮最好的保溼效果. 採甜橙與檸檬精油天然香氣、讓人心曠神怡!,無,https://s1.myqr.com.tw/newshop/177/TypeGoods?type2=7822&type1=7824&type0=7827&pageIndex=0&goodId=46330,無,https://pshop.myqr.com.tw/qrssimage/GoodsImage/126/126312.jpeg?32
4711467473103,能益淨土肉桂植萃沐浴精/320ml,生活用品,個人清潔類,身體清潔保養,無,390,0.0,5,能益淨,成份:肉桂精油、肉桂精露、DemineralizedWater(Aqua)、DecylGlucoside、CocamidopropylBetaine、PlantaponLGCSorb、TaiwanCinnamonExtract、TaiwanCinnamonEssentialOil、Glycerol、CitricAcid. 製造日期:標示於瓶身 保存方法:置於陰涼處、拆封後請儘速使用完畢. 有效日期:二年(未拆封)、本產品不加防腐劑、拆封後請儘速使用完畢. 容量:320ml&plusmn;2% 注意事項:皮膚敏感者或使用後若有不適請即刻停止使用並請教醫生. 製造廠商:成典如業有限公司 營業地址:臺中市太平區新平路三段 137 號 1 樓 廠商地址:臺中市太平區中興里太平路 678 巷 39 號 1 樓 工廠證號:66000609 統一編號:27833929 不使用螢光劑、EDTA、礦物油、保濕劑、人工香精及色素等化學成分. 使用方法:取適量於手心或沐浴、輕輕搓揉起泡後、清洗身體、再以清水沖洗乾淨即可. 用途:緩解肌膚困擾、使肌膚亮白有彈性. 注意事項: 1.成份為天然產品如有色差、沉澱、稠度變化等為自然現象、請安心使用. 2.天然精油久置後氣味可能會變淡、實屬正常現象、請安心使用. 3.若不慎接觸眼睛而有不適感、請立刻以清水沖洗即可. 4.若不慎發生誤食情況、請立刻大量喝水並儘速送醫. 5.皮膚敏感者或使用後若有不適請即刻停止使用、並請教醫生.,無,https://s1.myqr.com.tw/newshop/177/TypeGoods?type2=7822&type1=7824&type0=7827&pageIndex=0&goodId=46252,無,https://pshop.myqr.com.tw/qrssimage/GoodsImage/126/126057.jpg?68
4711467473004,能益淨土肉桂植萃洗髮精/320ml,生活用品,個人清潔類,身體清潔保養,無,390,0.0,3,能益淨,成份:DemineralizedWater(Aqua)、DecylGlucoside、CocamidopropylBetaine、PlantaponLGCSorb、TaiwanCinnamonExtract、TaiwanCinnamonEssentialOil、Glycerol、DehyquartGuarTC、CitricAcid. 製造日期:標示於瓶身 保存方法:請置於陰涼處、避免陽光直射 有效日期:未拆封可保存 2 年、拆封後請儘速使用完畢. 容量:320ml&plusmn;2% 製造廠商:成典如業有限公司 營業地址:臺中市太平區新平路三段 137 號 1 樓 廠商地址:臺中市太平區中興里太平路 678 巷 39 號 1 樓 工廠證號:66000609 統一編號:27833929 採用台灣特有原生種土肉桂、富含肉桂醛、肉桂酸等天然元素、有助於調控頭皮油脂、去除頭皮屑、改善頭皮癢.強健髮根、恢復頭皮健康、使毛髮蓬鬆豐盈. 不使用矽靈、螢光劑、EDTA、礦物油、保濕劑、人工香精及色素等化學成分. 使用方法:壓取適量於手心加水搓揉後、塗抹頭髮上並用指腹按摩頭皮及頭髮後以清水沖洗乾淨即可. 用途:調理頭皮、強健髮根、保持毛髮及頭皮清新與健康.,無,https://s1.myqr.com.tw/newshop/177/TypeGoods?type2=7822&type1=7824&type0=7827&pageIndex=0&goodId=46251,無,https://pshop.myqr.com.tw/qrssimage/GoodsImage/126/126055.jpg?68
4711467471055,能益淨天然土肉桂牙膏/170g,生活用品,個人清潔類,身體清潔保養,無,200,0.0,28,能益淨,成份:台灣土肉桂、碳酸鈣、高嶺土、小蘇打、甘油、薄荷、無患子萃取液、葡萄籽萃取液、玉米糖膠. 製造日期:標示於瓶身 保存方法:請置於陰涼處、避免陽光直射 有效日期:二年(未拆封)、本產品不加防腐劑、拆封後請儘速使用完畢. 容量:170ml&plusmn;2% 製造廠商:成典如業有限公司 營業地址:臺中市太平區新平路三段 137 號 1 樓 廠商地址:臺中市太平區中興里太平路 678 巷 39 號 1 樓 工廠證號:66000609 統一編號:27833929 特色: ★本產品絕不添加起泡劑、糖精、三氯沙、人工香料、氟化物、化學防腐劑、界面活性劑、化學色素等成份. ★本產品內含台灣土肉桂精華有益於牙齦保健、碳酸鈣為天然研磨劑、小蘇打具有殺菌作用. ★萃取自台灣原生種土肉桂精華、能徹底去除牙菌斑、使您口氣清香、牙齒潔白健康. ★使用後口腔味蕾能感受自然甘甜的台灣土肉桂原始風味、尤其能讓小朋友視刷牙為樂事. 使用方法: 配合正確刷牙習慣、起床後、飯後、睡前刷牙. 注意事項: 1.使用時避免接觸到眼睛、口鼻、黏膜、傷口等部位. 2.若不慎接觸眼睛而有不適感、請立刻以清水沖洗即可. 3.放置於幼兒無法拿取處、以避免誤食. 4.皮膚敏感者或使用後若有不適請即刻停止使用、並請教醫生.,無,https://s1.myqr.com.tw/newshop/177/TypeGoods?type2=7822&type1=7824&type0=7827&pageIndex=0&goodId=46249,無,https://pshop.myqr.com.tw/qrssimage/GoodsImage/126/126054.jpg?68
4713037390339,艾茉莉艾草洗衣精/2000ml,生活用品,個人清潔類,衣物清潔用品,無,295,0.0,11,艾農生物,主成分:天然椰子油界面活性劑、葡萄糖?、食品級小蘇打、艾草萃取液、茉莉花香精油 清洗衣物時不傷手、洗後不殘留在衣物上 分解髒汙的潔淨功能、會於 3 日內 100% 消失 大約七天內 99% 會被生物自然分解、不會破壞水中生物與環境. 艾草的天然制菌特性與茉莉的清香 植物配方、天然抗菌兼顧安全與環保的優點.,無,https://s1.myqr.com.tw/newshop/177/TypeGoods?type2=7822&type1=7824&type0=7864&pageIndex=0&goodId=46328,無,https://pshop.myqr.com.tw/qrssimage/GoodsImage/126/126310.jpeg?51
V57302B-8622,(Ⅱ)多功能輕巧斜背包-樹葉,時尚女性,女用皮包,輕量側/斜肩背包,樹葉,2980,0.0,7,華益皮件,商品描述 Ve 輕量尼龍多夾層大方包 ☆Ve 輕量設計獨家發行 嚴選進口高密度防潑水彩色牛津布面料 搭配厚實的牛皮皮革、提升細節與質感 超輕量、觸感柔軟又柔順、顏色飽和且耐看 完美的防潑水功能、輕鬆應付多變的天氣型態 來達到完美合一的效果! 混搭又撞色的異材質流暢結合、竟如此結合無違、打造出全新的時尚品味 ☆Ve 獨家款式限量發售 共推出迷彩黑 / 樹葉 / 小馬 三色可以選擇 ◎包款尺寸:長 26*寬 12*高 18 ◎材質:頭層牛皮 / 防水牛津布 ◎主色:迷彩黑 / 樹葉 / 小馬 ◎功能:側背 / 斜背 ◎袋口開闔:拉鍊式開口 ◎袋內:手機袋、口袋、拉鍊袋 ◎袋外:隱藏式口袋 ◎重量:558g 保養方式: ◎清潔:濕布擦拭後請拭乾. ◎保養:皮革類請使用高級皮革保養油、常保持光鮮、弄濕時、請陰乾之(晾乾、風乾)即可. ◎保存所處:避免放在溼氣和陽光直曬的地方、以免破壞包包應有的美麗色澤、防止接觸酸性腐蝕性物品、並請避免接觸油性筆.若是皮革以外的、金屬部份可使用拭銀布擦拭即可. ◎收藏:皮包內塞紙或置入乾燥劑、收藏陰涼通風處. 注意事項 1.如在您購買日起的ㄧ星期內、發現本產品質料有瑕疵時、只要憑著『商品售後服務卡』(每個包包上面會附贈ㄧ張商品售後服務卡)及購買發票和售價卡至原購物地點、無償更換新品! 2.因人為疏忽或未按本公司印製保養標示說明規定內而導致損壞、不在保證範圍內!,無,https://s1.myqr.com.tw/newshop/177/TypeGoods?type2=7910&type1=7911&type0=7912&pageIndex=0&goodId=47944,8622 休閒 樹葉 氣質 帆布氣質 側背 斜背 側斜背 多夾層 直接斜背 帆布 帆布斜背 帆布側背 帆布休閒 休閒 斜背包 側背包 小包 帆布小包 輕量 特殊款 花色 特殊花色 帆布特殊花色 特殊色 多夾層 繽紛 防潑水 收納 花朵 葉子 彩繪  春天 綠色,https://pshop.myqr.com.tw/qrssimage/GoodsImage/99/99486.jpg?51
V53012K-2841,(II)前拉鏈蓋頭品牌斜背包-桃紅色,時尚女性,女用皮包,輕量側/斜肩背包,桃紅色,2980,0.0,12,華益皮件,商品描述 Ve 輕量尼龍多夾層大方包 ☆Ve 輕量設計獨家發行 嚴選進口高密度防潑水彩色牛津布面料 搭配厚實的牛皮皮革、提升細節與質感 超輕量、觸感柔軟又柔順、顏色飽和且耐看 完美的防潑水功能、輕鬆應付多變的天氣型態 來達到完美合一的效果! 混搭又撞色的異材質流暢結合、竟如此結合無違、打造出全新的時尚品味 ☆Ve 獨家款式限量發售 共推出深藍色 / 明星黑 / 桃紅色 三色可以選擇 ◎包款尺寸:長 30*寬 9*高 24 ◎材質:牛皮 / 防水牛津布 ◎主色:深藍色 / 明星黑 / 桃紅色 ◎功能:側背 / 斜背 ◎袋口開闔:拉鍊式開口 ◎袋內:手機袋、口袋、拉鍊袋 ◎袋外:隱藏式口袋 保養方式: ◎清潔:濕布擦拭後請拭乾. ◎保養:皮革類請使用高級皮革保養油、常保持光鮮、弄濕時、請陰乾之(晾乾、風乾)即可. ◎保存所處:避免放在溼氣和陽光直曬的地方、以免破壞包包應有的美麗色澤、防止接觸酸性腐蝕性物品、並請避免接觸油性筆.若是皮革以外的、金屬部份可使用拭銀布擦拭即可. ◎收藏:皮包內塞紙或置入乾燥劑、收藏陰涼通風處. 注意事項 1.如在您購買日起的ㄧ星期內、發現本產品質料有瑕疵時、只要憑著『商品售後服務卡』(每個包包上面會附贈ㄧ張商品售後服務卡)及購買發票和售價卡至原購物地點、無償更換新品! 2.因人為疏忽或未按本公司印製保養標示說明規定內而導致損壞、不在保證範圍內!,無,https://s1.myqr.com.tw/newshop/177/TypeGoods?type2=7910&type1=7911&type0=7912&pageIndex=0&goodId=47942,2841 休閒 素面 側背 斜背 側斜背 多拉練 直接斜背 素色 帆布素色 中包 帆布中包 帆布 帆布斜背 帆布側背  帆布休閒 休閒 斜背包 側背包 輕量,https://pshop.myqr.com.tw/qrssimage/GoodsImage/73/73024.jpg?87
V53109B-8032,(II)前雙層拉鍊大容量休閒包-紅花朵,時尚女性,女用皮包,輕量側/斜肩背包,紅花朵,2980,0.0,10,華益皮件,商品描述 ☆Ve 輕量設計獨家發行 嚴選進口高密度防潑水彩色牛津布面料 搭配厚實的牛皮皮革、提升細節與質感 超輕量、觸感柔軟又柔順、顏色飽和且耐看 完美的防潑水功能、輕鬆應付多變的天氣型態 來達到完美合一的效果! 精密刺繡與精細手車縫製結合、打造出全新的時尚品味 ☆Ve 獨家款式限量發售 共推出紅花朵 / 彩繪 / 蝴蝶 三色可以選擇 ◎包款尺寸:長 33*寬 14*高 23 ◎材質:頭層牛皮 / 防水布 ◎主色:紅花朵 / 彩繪 / 蝴蝶 ◎功能:側背 / 斜背 ◎袋口開闔:拉鍊式開口 ◎袋內:手機袋、口袋、拉鍊袋 ◎袋外:隱藏式口袋 ◎重量:520g 保養方式: ◎清潔:濕布擦拭後請拭乾. ◎保養:皮革類請使用高級皮革保養油、常保持光鮮、弄濕時、請陰乾之(晾乾、風乾)即可. ◎保存所處:避免放在溼氣和陽光直曬的地方、以免破壞包包應有的美麗色澤、防止接觸酸性腐蝕性物品、並請避免接觸油性筆.若是皮革以外的、金屬部份可使用拭銀布擦拭即可. ◎收藏:皮包內塞紙或置入乾燥劑、收藏陰涼通風處. 注意事項 1.如在您購買日起的ㄧ星期內、發現本產品質料有瑕疵時、只要憑著『商品售後服務卡』(每個包包上面會附贈ㄧ張商品售後服務卡)及購買發票和售價卡至原購物地點、無償更換新品! 2.因人為疏忽或未按本公司印製保養標示說明規定內而導致損壞、不在保證範圍內!,無,https://s1.myqr.com.tw/newshop/177/TypeGoods?type2=7910&type1=7911&type0=7912&pageIndex=0&goodId=47943,8032 滿版圖 花朵 側背 斜背 肩背 兩條帶 夏天的包 春天,https://pshop.myqr.com.tw/qrssimage/GoodsImage/74/74421.jpg?87
V57307T-3950,手工抓皺輕巧實用托特包-綠色,時尚女性,女用皮包,輕量側/斜肩背包,綠色,2980,0.0,13,華益皮件,商品描述 ☆Ve 獨家發行經典呈現 手工立體感摺衣布料搭配厚實的牛皮皮革、除了兼具實用功能也提升包款質感度. 超輕量、觸感立體有手感、顏色飽和且耐看.布料具有防潑水功能、輕鬆應付多變的天氣型態. ☆Ve 獨家款式限量發售 共推出明星黑 / 酒紅色 / 綠色 ◎包款尺寸:長 33*寬 12.5*高 22 ◎材質:頭層牛皮 / 防水布 ◎主色:明星黑 / 酒紅色 / 綠色 ◎功能:手提 / 側背 / 斜背 ◎袋口開闔:拉鍊式開口 ◎袋內:手機袋、口袋、拉鍊袋 ◎袋外:拉鍊式口袋 ◎重量:322g 保養方式: ◎清潔:濕布擦拭後請拭乾. ◎保養:皮革類請使用高級皮革保養油、常保持光鮮、弄濕時、請陰乾之(晾乾、風乾)即可. ◎保存所處:避免放在溼氣和陽光直曬的地方、以免破壞包包應有的美麗色澤、防止接觸酸性腐蝕性物品、並請避免接觸油性筆.若是皮革以外的、金屬部份可使用拭銀布擦拭即可. ◎收藏:皮包內塞紙或置入乾燥劑、收藏陰涼通風處. 注意事項 1.如在您購買日起的ㄧ星期內、發現本產品質料有瑕疵時、只要憑著『商品售後服務卡』(每個包包上面會附贈ㄧ張商品售後服務卡)及購買發票和售價卡至原購物地點、無償更換新品! 2.因人為疏忽或未按本公司印製保養標示說明規定內而導致損壞、不在保證範圍內!,無,https://s1.myqr.com.tw/newshop/177/TypeGoods?type2=7910&type1=7911&type0=7912&pageIndex=0&goodId=47945,3950  皺摺包 褶皺包 抓皺包 立體波浪 托特包 大開口 方形包包 質感包包 出遊包包 輕量包包 手工包包 寬底 帆布斜背包 帆布側背包 帆布手提包 帆布休閒包 綠色系列 綠色包包 綠色側背包 綠色斜背包 綠色中包 綠色休閒帆布包 綠色帆布休閒包 綠色帆布包 綠色帆布中包 綠色休閒帆布中包,https://pshop.myqr.com.tw/qrssimage/GoodsImage/107/107206.jpg?23
V37312T-0819,多夾層經典面料收納休閒包-綠杏,時尚女性,女用皮包,輕量側/斜肩背包,綠杏,3290,0.0,10,華益皮件,商品描述 ☆Ve 獨家發行經典呈現 嚴選進口高密度防潑水牛津布面料 搭配厚實的牛皮皮革、提升細節與質感 超輕量、觸感柔軟又柔順、顏色飽和且耐看 完美的防潑水功能、輕鬆應付多變的天氣型態 來達到完美合一的效果! 精密刺繡與精細手車縫製結合、打造出全新的時尚品味 ☆Ve 獨家款式限量發售 共推出黑色 / 米黃 / 綠杏 三色可以選擇 ◎包款尺寸:長 27*寬 11*高 18 ◎材質:頭層牛皮 / 防水布 ◎主色:黑色 / 米黃 / 綠杏 ◎功能:側背 / 斜背 ◎袋口開闔:拉鍊式開口 ◎袋內:手機袋、口袋、拉鍊袋 ◎袋外:拉鍊式口袋 ◎重量:504g 保養方式: ◎清潔:濕布擦拭後請拭乾. ◎保養:皮革類請使用高級皮革保養油、常保持光鮮、弄濕時、請陰乾之(晾乾、風乾)即可. ◎保存所處:避免放在溼氣和陽光直曬的地方、以免破壞包包應有的美麗色澤、防止接觸酸性腐蝕性物品、並請避免接觸油性筆.若是皮革以外的、金屬部份可使用拭銀布擦拭即可. ◎收藏:皮包內塞紙或置入乾燥劑、收藏陰涼通風處. 注意事項 1.如在您購買日起的ㄧ星期內、發現本產品質料有瑕疵時、只要憑著『商品售後服務卡』(每個包包上面會附贈ㄧ張商品售後服務卡)及購買發票和售價卡至原購物地點、無償更換新品! 2.因人為疏忽或未按本公司印製保養標示說明規定內而導致損壞、不在保證範圍內!,無,https://s1.myqr.com.tw/newshop/177/TypeGoods?type2=7910&type1=7911&type0=7912&pageIndex=0&goodId=47640,0819 子母包 側背 斜背 肩背 旅遊 滿版圖  帆布斜背 帆布側背 帆布休閒 休閒 斜背包 側背包 帆布斜背包 帆布側背包,https://pshop.myqr.com.tw/qrssimage/GoodsImage/115/115969.jpg?23
V55401T-2301,抓皺質感輕巧轉扣斜背包-卡其色,時尚女性,女用皮包,輕量側/斜肩背包,卡其色,2980,0.0,16,華益皮件,商品描述 ☆Ve 獨家發行經典呈現 手工立體感摺衣布料搭配厚實的牛皮皮革、除了兼具實用功能也提升包款質感度. 超輕量、觸感立體有手感、顏色飽和且耐看.布料具有防潑水功能、輕鬆應付多變的天氣型態. ☆Ve 獨家款式限量發售 共推出黑色 / 粉色 / 卡其色 三色可以選擇 ◎包款尺寸:長 21*寬 7*高 18.5 ◎材質:頭層牛皮 ◎主色:黑色 / 粉色 / 卡其色 ◎功能:側背 / 斜背 ◎袋口開闔:拉鍊式開口 ◎袋內:手機袋、口袋、拉鍊袋 ◎袋外:拉鍊式口袋 ◎重量:345g 保養方式: ◎清潔:濕布擦拭後請拭乾. ◎保養:皮革類請使用高級皮革保養油、常保持光鮮、弄濕時、請陰乾之(晾乾、風乾)即可. ◎保存所處:避免放在溼氣和陽光直曬的地方、以免破壞包包應有的美麗色澤、防止接觸酸性腐蝕性物品、並請避免接觸油性筆.若是皮革以外的、金屬部份可使用拭銀布擦拭即可. ◎收藏:皮包內塞紙或置入乾燥劑、收藏陰涼通風處. 注意事項 1.如在您購買日起的ㄧ星期內、發現本產品質料有瑕疵時、只要憑著『商品售後服務卡』(每個包包上面會附贈ㄧ張商品售後服務卡)及購買發票和售價卡至原購物地點、無償更換新品! 2.因人為疏忽或未按本公司印製保養標示說明規定內而導致損壞、不在保證範圍內!,無,https://s1.myqr.com.tw/newshop/177/TypeGoods?type2=7910&type1=7911&type0=7912&pageIndex=0&goodId=47947,2301 翻蓋 轉扣 抓皺 側背 斜背 摺衣布 真皮 真皮斜背 真皮側背 真皮斜背包 真皮側背包 淑女 真皮淑女 休閒 真皮休閒 斜背包 側背包  color by sides 包包側面顏色 秋天色系,https://pshop.myqr.com.tw/qrssimage/GoodsImage/118/118487.jpg?7
V53310T-7701,前拉鍊手工壓印雙口袋斜背包-粉色,時尚女性,女用皮包,輕量側/斜肩背包,粉色,2980,0.0,17,華益皮件,商品描述 ☆Ve 獨家發行經典呈現 嚴選進口高密度防潑水牛津布面料 搭配厚實的牛皮皮革、提升細節與質感 超輕量、觸感柔軟又柔順、顏色飽和且耐看 完美的防潑水功能、輕鬆應付多變的天氣型態 來達到完美合一的效果! 精密刺繡與精細手車縫製結合、打造出全新的時尚品味 ☆Ve 獨家款式限量發售 共推出藍色 / 黑色 / 粉色 / 卡其色 四色可以選擇 ◎包款尺寸:長 30*寬 11*高 20 ◎材質:頭層牛皮 / 防水布 ◎主色:藍色 / 黑色 / 粉色 / 卡其色 ◎功能:側背 / 斜背 ◎袋口開闔:拉鍊式開口 ◎袋內:手機袋、口袋、拉鍊袋 ◎袋外:拉鍊式口袋 ◎重量:390g 保養方式: ◎清潔:濕布擦拭後請拭乾. ◎保養:皮革類請使用高級皮革保養油、常保持光鮮、弄濕時、請陰乾之(晾乾、風乾)即可. ◎保存所處:避免放在溼氣和陽光直曬的地方、以免破壞包包應有的美麗色澤、防止接觸酸性腐蝕性物品、並請避免接觸油性筆.若是皮革以外的、金屬部份可使用拭銀布擦拭即可. ◎收藏:皮包內塞紙或置入乾燥劑、收藏陰涼通風處. 注意事項 1.如在您購買日起的ㄧ星期內、發現本產品質料有瑕疵時、只要憑著『商品售後服務卡』(每個包包上面會附贈ㄧ張商品售後服務卡)及購買發票和售價卡至原購物地點、無償更換新品! 2.因人為疏忽或未按本公司印製保養標示說明規定內而導致損壞、不在保證範圍內!,無,https://s1.myqr.com.tw/newshop/177/TypeGoods?type2=7910&type1=7911&type0=7912&pageIndex=0&goodId=47641,7701 直接斜背 立體花紋 水壺袋 水壺 收納 出遊 寬底 帆布 帆布斜背 帆布側背 帆布休閒 休閒 斜背包 側背包 輕量 中包 帆布中包,https://pshop.myqr.com.tw/qrssimage/GoodsImage/115/115899.jpg?7
V59401P-6613,品牌訂製大容量時尚斜背包-灰綠色,時尚女性,女用皮包,輕量側/斜肩背包,灰綠色,2980,0.0,20,華益皮件,商品描述 ☆Ve 獨家發行經典呈現 精選優質頂級牛皮、頂級質感、擁有自然光澤、保留牛皮的天然紋理和韌性、散發出淡淡的皮革氣味 可斜背 / 側背兩用、容量大小適中、素面簡約風格設計、展現個人獨特魅力. ☆Ve 獨家款式限量發售 共推出黑色 / 橙色 / 灰綠色 三色可以選擇 ◎包款尺寸:長 22*寬 11*高 19 ◎材質:頭層牛皮 / 防水布 ◎主色:黑色 / 橙色 / 灰綠色 ◎功能:側背 / 斜背 ◎袋口開闔:拉鍊式開口 ◎袋內:手機袋、口袋、拉鍊袋 ◎袋外:拉鍊式口袋 ◎重量:372g 保養方式: ◎清潔:濕布擦拭後請拭乾. ◎保養:皮革類請使用高級皮革保養油、常保持光鮮、弄濕時、請陰乾之(晾乾、風乾)即可. ◎保存所處:避免放在溼氣和陽光直曬的地方、以免破壞包包應有的美麗色澤、防止接觸酸性腐蝕性物品、並請避免接觸油性筆.若是皮革以外的、金屬部份可使用拭銀布擦拭即可. ◎收藏:皮包內塞紙或置入乾燥劑、收藏陰涼通風處. 注意事項 1.如在您購買日起的ㄧ星期內、發現本產品質料有瑕疵時、只要憑著『商品售後服務卡』(每個包包上面會附贈ㄧ張商品售後服務卡)及購買發票和售價卡至原購物地點、無償更換新品! 2.因人為疏忽或未按本公司印製保養標示說明規定內而導致損壞、不在保證範圍內!,無,https://s1.myqr.com.tw/newshop/177/TypeGoods?type2=7910&type1=7911&type0=7912&pageIndex=0&goodId=47623,6613 莫蘭迪色系 胸包 腰包 斜背 撞色 安全帽 寬底 休閒 側背 出遊 帆布 帆布斜背 帆布側背 帆布休閒 休閒 斜背包 側背包 輕量 帆布斜背包 帆布側背包 斜背 側背,https://pshop.myqr.com.tw/qrssimage/GoodsImage/118/118508.jpg?43
V50312K-3209,清爽色系多夾層斜背包-藍色,時尚女性,女用皮包,輕量側/斜肩背包,藍色,2980,0.0,15,華益皮件,商品描述 ☆Ve 獨家發行經典呈現 嚴選進口高密度防潑水彩色牛津布面料 搭配厚實的牛皮皮革、提升細節與質感! 超輕量、觸感柔軟又柔順、顏色飽和且耐看.完美的防潑水功能、輕鬆應付台灣多變的天氣型態、完美合一的效果! 精密刺繡與精細手車縫製結合、打造出全新的時尚品味. ☆Ve 獨家款式限量發售 共推出藍色 / 黑色 / 卡其色 三色可以選擇 ◎包款尺寸:長 26*寬 10*高 19 ◎材質:頭層牛皮 / 防水布 ◎主色:藍色 / 黑色 / 卡其色 ◎功能:側背 / 斜背 ◎袋口開闔:拉鍊式開口 ◎袋內:手機袋、口袋、拉鍊袋 ◎袋外:拉鍊式口袋 ◎重量:421g 保養方式: ◎清潔:濕布擦拭後請拭乾. ◎保養:皮革類請使用高級皮革保養油、常保持光鮮、弄濕時、請陰乾之(晾乾、風乾)即可. ◎保存所處:避免放在溼氣和陽光直曬的地方、以免破壞包包應有的美麗色澤、防止接觸酸性腐蝕性物品、並請避免接觸油性筆.若是皮革以外的、金屬部份可使用拭銀布擦拭即可. ◎收藏:皮包內塞紙或置入乾燥劑、收藏陰涼通風處. 注意事項 1.如在您購買日起的ㄧ星期內、發現本產品質料有瑕疵時、只要憑著『商品售後服務卡』(每個包包上面會附贈ㄧ張商品售後服務卡)及購買發票和售價卡至原購物地點、無償更換新品! 2.因人為疏忽或未按本公司印製保養標示說明規定內而導致損壞、不在保證範圍內!,無,https://s1.myqr.com.tw/newshop/177/TypeGoods?type2=7910&type1=7911&type0=7912&pageIndex=0&goodId=47946,3209 水壺 直接斜背 大開口 寬底 素面 帆布素面 帆布素色 帆布 帆布斜背 帆布側背 帆布休閒 休閒 斜背包 側背包 輕量 帆布斜背包 帆布側背包 斜背 側背,https://pshop.myqr.com.tw/qrssimage/GoodsImage/115/115818.jpg?43
V54212M-3253,(Ⅱ)前石頭壓紋拉鍊大方包-芋粉色,時尚女性,女用皮包,經典手提包,芋粉色,2980,0.0,11,華益皮件,商品描述 ★Ve 輕量設計獨家發行 精選優質牛皮、壓印工藝 擁有自然光澤、保留牛皮的天然紋理和韌性、散發出淡淡的皮革氣味 可手提 / 斜背 / 側背三用、容量大小適中、時尚有型 包款全面展現獨特刷色感設計 輕鬆就打造出名個人獨特風采! 共推出明星黑 / 芋粉色 / 水藍色 / 土黃色 四色可以選擇 ◎包款尺寸:長 30*寬 13*高 23*(手提把高:13cm) ◎材質:頭層牛皮 ◎主色:明星黑 / 芋粉色 / 水藍色 / 土黃色 ◎功能:手提 / 側背 / 斜背 ◎袋口開闔:拉鍊式開口 ◎袋內:手機袋、口袋、拉鍊袋 ◎袋外:隱藏式口袋 ◎重量:562g 保養方式: ◎清潔:濕布擦拭後請拭乾. ◎保養:皮革類請使用高級皮革保養油、常保持光鮮、弄濕時、請陰乾之(晾乾、風乾)即可. ◎保存所處:避免放在溼氣和陽光直曬的地方、以免破壞包包應有的美麗色澤、防止接觸酸性腐蝕性物品、並請避免接觸油性筆.若是皮革以外的、金屬部份可使用拭銀布擦拭即可. ◎收藏:皮包內塞紙或置入乾燥劑、收藏陰涼通風處. 注意事項 1.如在您購買日起的ㄧ星期內、發現本產品質料有瑕疵時、只要憑著『商品售後服務卡』(每個包包上面會附贈ㄧ張商品售後服務卡)及購買發票和售價卡至原購物地點、無償更換新品! 2.因人為疏忽或未按本公司印製保養標示說明規定內而導致損壞、不在保證範圍內!,無,https://s1.myqr.com.tw/newshop/177/TypeGoods?type2=7910&type1=7911&type0=7914&pageIndex=0&goodId=47878,3253 經典壓印 硬殼 皮革拉環 側背 斜背 手提 大開口 寬底 真皮 壓紋 真皮壓紋 素色 素面 真皮手提 真皮側背 真皮斜背 中包 真皮中包 手提包 斜背包 側背包,https://pshop.myqr.com.tw/qrssimage/GoodsImage/96/96878.jpg?26
V55310F-9011,人見人愛小巧百搭手提包-黃色,時尚女性,女用皮包,經典手提包,黃色,2980,0.0,14,華益皮件,商品描述 ★Ve 獨家發行經典呈現 精選優質牛皮、壓印工藝 擁有自然光澤、保留牛皮的天然紋理和韌性、散發出淡淡的皮革氣味 可斜背 / 肩背 / 手提三用、容量大小適中、時尚有型 包款全面展現獨特刷色感設計 輕鬆就打造出名個人獨特風采! ★Ve 獨家款式限量發售 共推出橙色 / 藍色 / 灰色 / 黃色 四色可以選擇 ◎包款尺寸:長 19*寬 9*高 14.5(手提把高:12cm) ◎材質:頭層牛皮 ◎主色:橙色 / 藍色 / 灰色 / 黃色 ◎功能:側背 / 斜背 / 手提 ◎袋口開闔:拉鍊式開口 ◎袋內:手機袋、口袋、拉鍊袋 ◎袋外:拉鍊式口袋 ◎重量:407g 保養方式: ◎清潔:濕布擦拭後請拭乾. ◎保養:皮革類請使用高級皮革保養油、常保持光鮮、弄濕時、請陰乾之(晾乾、風乾)即可. ◎保存所處:避免放在溼氣和陽光直曬的地方、以免破壞包包應有的美麗色澤、防止接觸酸性腐蝕性物品、並請避免接觸油性筆.若是皮革以外的、金屬部份可使用拭銀布擦拭即可. ◎收藏:皮包內塞紙或置入乾燥劑、收藏陰涼通風處. 注意事項 1.如在您購買日起的ㄧ星期內、發現本產品質料有瑕疵時、只要憑著『商品售後服務卡』(每個包包上面會附贈ㄧ張商品售後服務卡)及購買發票和售價卡至原購物地點、無償更換新品! 2.因人為疏忽或未按本公司印製保養標示說明規定內而導致損壞、不在保證範圍內!,無,https://s1.myqr.com.tw/newshop/177/TypeGoods?type2=7910&type1=7911&type0=7914&pageIndex=0&goodId=47894,9011 雙拉鍊 大開口 子母包 兩條帶 織帶背帶 寬底挺包 絲巾包 正方形包包 亮色系列 馬卡龍色系 正黃色系列 正黃色包包 正黃色小包 正黃色CR小包 正黃色手提包 正黃色晚宴包 正黃色側背包 正黃色斜背包 正黃色素面包包 正黃色素色包包 正黃色真皮包包 正黃色真皮小包 正黃色真皮CR小包 正黃色真皮手提包 正黃色真皮晚宴包 正黃色真皮側背包 正黃色真皮斜背包 正黃色真皮素面包包 正黃色真皮素色包包,https://pshop.myqr.com.tw/qrssimage/GoodsImage/115/115939.jpg?26
V83306H-1156,中車線素雅絲巾大方包-大紅色,時尚女性,女用皮包,經典手提包,大紅色,3480,0.0,11,華益皮件,商品描述 ★Ve 獨家發行經典呈現 精選優質牛皮、天然皮革擁有自然光澤、保留牛皮的天然紋理和韌性、散發出淡淡的皮革氣味. 可手提 / 斜背 / 側背三用、容量大小適中、絲巾點綴裝飾百搭又有型 輕鬆打造出名個人獨特風采! ★Ve 獨家款式限量發售 共推出駝色 / 大紅色 / 水藍色 / 綠色 四色可以選擇 ◎包款尺寸:長 25*寬 10*高 18 ◎材質:頭層牛皮 ◎主色:駝色 / 大紅色 / 水藍色 / 綠色 ◎功能:側背 / 斜背 / 手提 ◎袋口開闔:拉鍊式開口 ◎袋內:手機袋、口袋、拉鍊袋 ◎袋外:拉鍊式口袋 ◎重量:521g 保養方式: ◎清潔:濕布擦拭後請拭乾. ◎保養:皮革類請使用高級皮革保養油、常保持光鮮、弄濕時、請陰乾之(晾乾、風乾)即可. ◎保存所處:避免放在溼氣和陽光直曬的地方、以免破壞包包應有的美麗色澤、防止接觸酸性腐蝕性物品、並請避免接觸油性筆.若是皮革以外的、金屬部份可使用拭銀布擦拭即可. ◎收藏:皮包內塞紙或置入乾燥劑、收藏陰涼通風處. 注意事項 1.如在您購買日起的ㄧ星期內、發現本產品質料有瑕疵時、只要憑著『商品售後服務卡』(每個包包上面會附贈ㄧ張商品售後服務卡)及購買發票和售價卡至原購物地點、無償更換新品! 2.因人為疏忽或未按本公司印製保養標示說明規定內而導致損壞、不在保證範圍內!,無,https://s1.myqr.com.tw/newshop/177/TypeGoods?type2=7910&type1=7911&type0=7914&pageIndex=0&goodId=47883,1156 大開口 絲巾包 撞色包包 三夾層 角釘4 寬底挺包 中間拼接 中間車線 color by sides 包包側面顏色 織帶背帶 兩條帶 正方形包包 大紅色系列 大紅色包包 大紅色中包 大紅色中小包 大紅色肩背包 大紅色側背包 大紅色斜背包 大紅色手提包 大紅色晚宴包 大紅色真皮包包 大紅色真皮中包 大紅色真皮中小包 大紅色真皮肩背包 大紅色真皮側背包 大紅色真皮斜背包 大紅色真皮手提包 大紅色真皮晚宴包 秋天色系,https://pshop.myqr.com.tw/qrssimage/GoodsImage/106/106102.jpg?26
V53304G-7708,手工立體磚紋貴氣大方包-大紅色,時尚女性,女用皮包,經典手提包,大紅色,2980,0.0,13,華益皮件,商品描述 ☆Ve 獨家發行經典呈現 精選優質牛皮、壓印工藝 擁有自然光澤、保留牛皮的天然紋理和韌性、散發出淡淡的皮革氣味. 可手提 / 斜背 / 側背三用、容量大小適中、貴氣有型 經典動物壓紋設計包款、輕鬆就打造出名個人獨特風采 ☆Ve 獨家款式限量發售 共推出明星黑 / 大紅色 / 芋粉色 / 亞麻藍 四色可以選擇 ◎包款尺寸:長 30.5*寬 10*高 21(手提把高:13cm) ◎材質:頭層牛皮 ◎主色:明星黑 / 大紅色 / 芋粉色 / 亞麻藍 ◎功能:側背 / 斜背 / 手提 ◎袋口開闔:拉鍊式開口 ◎袋內:手機袋、口袋、拉鍊袋 ◎袋外:拉鍊式口袋 ◎重量:735g 保養方式: ◎清潔:濕布擦拭後請拭乾. ◎保養:皮革類請使用高級皮革保養油、常保持光鮮、弄濕時、請陰乾之(晾乾、風乾)即可. ◎保存所處:避免放在溼氣和陽光直曬的地方、以免破壞包包應有的美麗色澤、防止接觸酸性腐蝕性物品、並請避免接觸油性筆.若是皮革以外的、金屬部份可使用拭銀布擦拭即可. ◎收藏:皮包內塞紙或置入乾燥劑、收藏陰涼通風處. 注意事項 1.如在您購買日起的ㄧ星期內、發現本產品質料有瑕疵時、只要憑著『商品售後服務卡』(每個包包上面會附贈ㄧ張商品售後服務卡)及購買發票和售價卡至原購物地點、無償更換新品! 2.因人為疏忽或未按本公司印製保養標示說明規定內而導致損壞、不在保證範圍內!,無,https://s1.myqr.com.tw/newshop/177/TypeGoods?type2=7910&type1=7911&type0=7914&pageIndex=0&goodId=47872,7708 方形 立體壓紋 手提 大開口 四鉚釘角 典雅 氣質 宴會 挺包 寬底 素面 真皮 真皮斜背 真皮側背 真皮手提 淑女 真皮淑女 真皮素面 晚宴 真皮晚宴 經典款,https://pshop.myqr.com.tw/qrssimage/GoodsImage/105/105969.jpg?62
V55301M-6101,手工抓皺絲巾貴氣經典包-杏色,時尚女性,女用皮包,經典手提包,杏色,2980,0.0,7,華益皮件,商品描述 ★Ve 輕量設計獨家發行 嚴選頭層牛皮、皮革自然光澤好質感、保留牛皮的天然紋理和韌性、散發出淡淡的皮革氣味. 可手提 / 斜背 / 側背三用、包身立體設波浪型設計、百搭有型也兼具收納功能 包款有絲巾點綴、時尚又兼具氣質感、展現個人獨特風采! 共推出黑色 / 粉色 / 杏色 / 橙色 四色可以選擇 ◎包款尺寸:長 26*寬 10*高 22*(手提把高:12cm) ◎材質:頭層牛皮 ◎主色:黑色 / 粉色 / 杏色 / 橙色 ◎功能:手提 / 側背 / 斜背 ◎袋口開闔:拉鍊式開口 ◎袋內:手機袋、口袋、拉鍊袋 ◎袋外:隱藏式口袋 ◎重量:516g 保養方式: ◎清潔:濕布擦拭後請拭乾. ◎保養:皮革類請使用高級皮革保養油、常保持光鮮、弄濕時、請陰乾之(晾乾、風乾)即可. ◎保存所處:避免放在溼氣和陽光直曬的地方、以免破壞包包應有的美麗色澤、防止接觸酸性腐蝕性物品、並請避免接觸油性筆.若是皮革以外的、金屬部份可使用拭銀布擦拭即可. ◎收藏:皮包內塞紙或置入乾燥劑、收藏陰涼通風處. 注意事項 1.如在您購買日起的ㄧ星期內、發現本產品質料有瑕疵時、只要憑著『商品售後服務卡』(每個包包上面會附贈ㄧ張商品售後服務卡)及購買發票和售價卡至原購物地點、無償更換新品! 2.因人為疏忽或未按本公司印製保養標示說明規定內而導致損壞、不在保證範圍內!,無,https://s1.myqr.com.tw/newshop/177/TypeGoods?type2=7910&type1=7911&type0=7914&pageIndex=0&goodId=47880,6101 絲巾包 子母包 波浪造型 皮革角釘 寬底 織帶背帶 兩條帶 花瓣造型 立體造型包包 正方形包包 水桶包包 Biscuit bag Pleated Tote 百褶造型 莫蘭迪色系 土壤色系列 杏色系列 杏色包包 杏色中包 杏色CR中包 杏色手提包 杏色晚宴包 杏色側背包 杏色斜背包 杏色素色包包 杏色素面包包 杏色真皮包包 杏色真皮中包 杏色真皮CR中包 杏色真皮手提包 杏色真皮晚宴包 杏色真皮側背包 杏色真皮斜背包 杏色真皮素色包包 杏色真皮素面包包 卡其色包包 卡其色中包 卡其色CR中包 卡其色手提包 卡其色晚宴包 卡其色側背包 卡其色斜背包 卡其色素色包包 卡其色素面包包 卡其色真皮包包 卡其色真皮中包 卡其色真皮CR中包 卡其色真皮手提包 卡其色真皮晚宴包 卡其色真皮側背包 卡其色真皮斜背包 卡其色真皮素色包包 卡其色真皮素面包包,https://pshop.myqr.com.tw/qrssimage/GoodsImage/99/99496.jpg?98
V83401L-3577,手工抓皺絲巾點綴手提包-粉色,時尚女性,女用皮包,經典手提包,粉色,3480,0.0,19,華益皮件,商品描述 ★Ve 獨家發行經典呈現 精選優質牛皮、壓印工藝 擁有自然光澤、保留牛皮的天然紋理和韌性、散發出淡淡的皮革氣味 可斜背 / 肩背 / 手提三用、容量大小適中、時尚有型 包款全面展現獨特刷色感設計 輕鬆就打造出名個人獨特風采! ★Ve 獨家款式限量發售 共推出藍色 / 粉色 / 黃色 / 綠色 四色可以選擇 ◎包款尺寸:長 26*寬 9.5*高 17(手提把高:10.5cm) ◎材質:頭層牛皮 ◎主色:藍色 / 粉色 / 黃色 / 綠色 ◎功能:斜背 / 側背 / 手提 ◎袋口開闔:拉鍊式開口 ◎袋內:手機袋、口袋、拉鍊袋 ◎袋外:拉鍊式口袋 ◎重量:464g 保養方式: ◎清潔:濕布擦拭後請拭乾. ◎保養:皮革類請使用高級皮革保養油、常保持光鮮、弄濕時、請陰乾之(晾乾、風乾)即可. ◎保存所處:避免放在溼氣和陽光直曬的地方、以免破壞包包應有的美麗色澤、防止接觸酸性腐蝕性物品、並請避免接觸油性筆.若是皮革以外的、金屬部份可使用拭銀布擦拭即可. ◎收藏:皮包內塞紙或置入乾燥劑、收藏陰涼通風處. 注意事項 1.如在您購買日起的ㄧ星期內、發現本產品質料有瑕疵時、只要憑著『商品售後服務卡』(每個包包上面會附贈ㄧ張商品售後服務卡)及購買發票和售價卡至原購物地點、無償更換新品! 2.因人為疏忽或未按本公司印製保養標示說明規定內而導致損壞、不在保證範圍內!,無,https://s1.myqr.com.tw/newshop/177/TypeGoods?type2=7910&type1=7911&type0=7914&pageIndex=0&goodId=47896,3577 抓皺包 絲巾包 角釘4 橫長方形包包 寬底 柔軟觸感 真皮斜背包 真皮側背包 真皮休閒 真皮淑女包 淺色系列 馬卡龍色系 粉色系列 粉色包包 粉色中小包 粉色小包 粉色手提包 粉色側背包 粉色斜背包 粉色真皮手提包 粉色真皮側背包 粉色真皮斜背包 粉色真皮包包.粉色真皮小包 粉色真皮中小包 粉色真皮晚宴包 粉色真皮休閒包包  可塞摩托車箱內 Soft bag,https://pshop.myqr.com.tw/qrssimage/GoodsImage/118/118603.jpg?98
V81309L-3529,手工磚紋立體壓印手提包-黑色,時尚女性,女用皮包,經典手提包,黑色,3480,0.0,12,華益皮件,商品描述 Ve 經典時尚手提包 ★Ve 獨家發行經典呈現 精選優質牛皮、壓印工藝 擁有自然光澤、保留牛皮的天然紋理和韌性、散發出淡淡的皮革氣味 可手提 / 斜背 / 肩背三用、容量大小適中、貴氣有型 包款全面展現獨特刷色感設計 輕鬆就打造出名個人獨特風采! ★Ve 獨家款式限量發售 共推出黑色 / 墨綠色 / 紅色 三色可以選擇 ◎包款尺寸:長 25*寬 8*高 16(手提把高:10cm) ◎材質:進口頭層牛皮 ◎主色:黑色 / 墨綠色 / 紅色 ◎功能:側背 / 手提 / 斜背 ◎袋口開闔:拉鍊式開口 ◎袋內:手機袋、口袋、拉鍊袋 ◎袋外:拉鍊式口袋 ◎重量:394g 保養方式: ◎清潔:濕布擦拭後請拭乾. ◎保養:皮革類請使用高級皮革保養油、常保持光鮮、弄濕時、請陰乾之(晾乾、風乾)即可. ◎保存所處:避免放在溼氣和陽光直曬的地方、以免破壞包包應有的美麗色澤、防止接觸酸性腐蝕性物品、並請避免接觸油性筆.若是皮革以外的、金屬部份可使用拭銀布擦拭即可. ◎收藏:皮包內塞紙或置入乾燥劑、收藏陰涼通風處. 注意事項 1.如在您購買日起的ㄧ星期內、發現本產品質料有瑕疵時、只要憑著『商品售後服務卡』(每個包包上面會附贈ㄧ張商品售後服務卡)及購買發票和售價卡至原購物地點、無償更換新品! 2.因人為疏忽或未按本公司印製保養標示說明規定內而導致損壞、不在保證範圍內!,無,https://s1.myqr.com.tw/newshop/177/TypeGoods?type2=7910&type1=7911&type0=7914&pageIndex=0&goodId=47891,3529 角釘4 橫圓桶包包 寬底硬殼 石頭壓紋 大開口 雙拉鍊 皮革拉環  半圓形包包 貝殼造型 貝殼包 u型拉鍊 真皮斜背包 真皮側背包 真皮手提包 黑色系列 暗色系列 黑色包包 黑色手提包 黑色貝殼包 黑色側背包 黑色斜背包 黑色小包 黑色CR小包 黑色真皮小包 黑色真皮CR小包 黑色真皮包包 黑色真皮手提包 明星黑包包 明星黑手提包 明星黑斜背包 明星黑真皮包包 明星黑真皮手提包 黑色真皮晚宴包 明星黑真皮晚宴包 semicircle bag,https://pshop.myqr.com.tw/qrssimage/GoodsImage/116/116002.jpg?81
V87307H-1016,日系絲巾倒V造型手提包-豆青色,時尚女性,女用皮包,經典手提包,豆青色,3480,0.0,11,華益皮件,商品描述 Ve 經典時尚手提包 ★Ve 獨家發行經典呈現 精選優質牛皮、壓印工藝 擁有自然光澤、保留牛皮的天然紋理和韌性、散發出淡淡的皮革氣味. 可斜背 / 肩背 / 手提三用、容量大小適中、子母包款設計使用超方便 雙提把特殊設計兼具時尚感、輕鬆就打造出名個人獨特風采! ★Ve 獨家款式限量發售 共推出粉色 / 奶酪色 / 杏色 / 豆青色 四色可以選擇 ◎包款尺寸:長 25*寬 10*高 23(手提把高:13cm) ◎材質:進口頭層牛皮 ◎主色:粉色 / 奶酪色 / 杏色 / 豆青色 ◎功能:側背 / 手提 / 斜背 ◎袋口開闔:拉鍊式開口 ◎袋內:手機袋、口袋、拉鍊袋 ◎袋外:拉鍊式口袋 ◎重量:503g 保養方式: ◎清潔:濕布擦拭後請拭乾. ◎保養:皮革類請使用高級皮革保養油、常保持光鮮、弄濕時、請陰乾之(晾乾、風乾)即可. ◎保存所處:避免放在溼氣和陽光直曬的地方、以免破壞包包應有的美麗色澤、防止接觸酸性腐蝕性物品、並請避免接觸油性筆.若是皮革以外的、金屬部份可使用拭銀布擦拭即可. ◎收藏:皮包內塞紙或置入乾燥劑、收藏陰涼通風處. 注意事項 1.如在您購買日起的ㄧ星期內、發現本產品質料有瑕疵時、只要憑著『商品售後服務卡』(每個包包上面會附贈ㄧ張商品售後服務卡)及購買發票和售價卡至原購物地點、無償更換新品! 2.因人為疏忽或未按本公司印製保養標示說明規定內而導致損壞、不在保證範圍內!,無,https://s1.myqr.com.tw/newshop/177/TypeGoods?type2=7910&type1=7911&type0=7914&pageIndex=0&goodId=47888,1016 絲巾包包 兩條帶 織帶背帶 磁鐵吸釦 磁鐵吸扣 磁扣吸合 磁釦吸合 寬底挺包 素面包包 子母包 V形肩背設計 莫蘭迪色系 豆青色系列 豆青色包包 豆青色中包 豆青色CR中包 豆青色手提包 豆青色晚宴包 豆青色斜背包 豆青色側背包 豆青色素面包包 豆青色素色包包 豆青色真皮包包 豆青色真皮中包 豆青色真皮CR中包 豆青色真皮手提包 豆青色真皮晚宴包 豆青色真皮斜背包 豆青色真皮側背包 豆青色真皮素面包包 豆青色真皮素色包包 綠色系列 綠色包包 綠色中包 綠色CR中包 綠色手提包 綠色晚宴包 綠色斜背包 綠色側背包 綠色素面包包 綠色素色包包 綠色真皮包包 綠色真皮中包 綠色真皮CR中包 綠色真皮手提包 綠色真皮晚宴包 綠色真皮斜背包 綠色真皮側背包 綠色真皮素面包包 綠色真皮素色包包,https://pshop.myqr.com.tw/qrssimage/GoodsImage/107/107332.jpg?81
V83306Y-709,皮標撞色造型托特小方包-酒紅色,時尚女性,女用皮包,經典手提包,酒紅色,3480,0.0,6,華益皮件,商品描述 ★Ve 獨家發行經典呈現 精選優質牛皮、壓印工藝 擁有自然光澤、保留牛皮的天然紋理和韌性、散發出淡淡的皮革氣味. 可手提 / 斜背 / 肩背三用、容量大小適中、貴氣有型 包款全面展現獨特刷色感設計 輕鬆就打造出名個人獨特風采! ★Ve 獨家款式限量發售 共推出酒紅色 / 梨黃色 / 芋粉色 / 豆綠色 四色可以選擇 ◎包款尺寸:長 29*寬 13*高 18(手提把高:12.5cm) ◎材質:頭層牛皮 ◎主色:酒紅色 / 梨黃色 / 芋粉色 / 豆綠色 ◎功能:側背 / 斜背 / 手提 ◎袋口開闔:拉鍊式開口 ◎袋內:手機袋、口袋、拉鍊袋 ◎袋外:拉鍊式口袋 ◎重量:429g 保養方式: ◎清潔:濕布擦拭後請拭乾. ◎保養:皮革類請使用高級皮革保養油、常保持光鮮、弄濕時、請陰乾之(晾乾、風乾)即可. ◎保存所處:避免放在溼氣和陽光直曬的地方、以免破壞包包應有的美麗色澤、防止接觸酸性腐蝕性物品、並請避免接觸油性筆.若是皮革以外的、金屬部份可使用拭銀布擦拭即可. ◎收藏:皮包內塞紙或置入乾燥劑、收藏陰涼通風處. 注意事項 1.如在您購買日起的ㄧ星期內、發現本產品質料有瑕疵時、只要憑著『商品售後服務卡』(每個包包上面會附贈ㄧ張商品售後服務卡)及購買發票和售價卡至原購物地點、無償更換新品! 2.因人為疏忽或未按本公司印製保養標示說明規定內而導致損壞、不在保證範圍內!,無,https://s1.myqr.com.tw/newshop/177/TypeGoods?type2=7910&type1=7911&type0=7914&pageIndex=0&goodId=47886,709 三夾層 倒梯形包包 翻蓋包包 皮牌吊飾 皮革吊飾 角釘4 兩條帶 織帶背帶 寬底 真皮斜背包 真皮側背包 真皮手提包 真皮淑女包 酒紅色系列 酒紅色包包 酒紅色中包 酒紅色手提包 酒紅色斜背包 酒紅色晚宴包 酒紅色真皮包 酒紅色皮手提包 酒紅色真皮晚宴包 color by sides 包包側面顏色 秋天色系,https://pshop.myqr.com.tw/qrssimage/GoodsImage/106/106088.jpg?18
V50207H-6055,石頭壓紋貴氣公事大方包-亞麻藍,時尚女性,女用皮包,經典手提包,亞麻藍,2980,0.0,7,華益皮件,商品描述 ☆Ve 獨家發行經典呈現 精選優質牛皮、壓印工藝 擁有自然光澤、保留牛皮的天然紋理和韌性、散發出淡淡的皮革氣味 可手提 / 斜背 / 側背三用、容量大小適中、貴氣有型 包款全面展現獨特刷色感設計 輕鬆就打造出名個人獨特風采! ☆Ve 獨家款式限量發售 共推出明星黑 / 亞麻藍 / 土黃色 / 大紅色 四色可以選擇 ◎包款尺寸:長 30*寬 12*高 23(手提把高:15cm) ◎材質:進口頭層牛皮 ◎主色:明星黑 / 亞麻藍 / 土黃色 / 大紅色 ◎功能:側背 / 斜背 / 手提 ◎袋口開闔:拉鍊式開口 ◎袋內:手機袋、口袋、拉鍊袋 ◎袋外:拉鍊式口袋 ◎重量:770g 保養方式: ◎清潔:濕布擦拭後請拭乾. ◎保養:皮革類請使用高級皮革保養油、常保持光鮮、弄濕時、請陰乾之(晾乾、風乾)即可. ◎保存所處:避免放在溼氣和陽光直曬的地方、以免破壞包包應有的美麗色澤、防止接觸酸性腐蝕性物品、並請避免接觸油性筆.若是皮革以外的、金屬部份可使用拭銀布擦拭即可. ◎收藏:皮包內塞紙或置入乾燥劑、收藏陰涼通風處. 注意事項 1.如在您購買日起的ㄧ星期內、發現本產品質料有瑕疵時、只要憑著『商品售後服務卡』(每個包包上面會附贈ㄧ張商品售後服務卡)及購買發票和售價卡至原購物地點、無償更換新品! 2.因人為疏忽或未按本公司印製保養標示說明規定內而導致損壞、不在保證範圍內!,無,https://s1.myqr.com.tw/newshop/177/TypeGoods?type2=7910&type1=7911&type0=7914&pageIndex=0&goodId=47871,6055 手提 方形 側背 斜背 硬殼 寬底 經典壓紋 三夾層 正式 大開口 貴氣 公事包 柏金包,https://pshop.myqr.com.tw/qrssimage/GoodsImage/91/91730.jpg?18
V75306Y-9050,立體皮繩撞色大方包-奶酪色,時尚女性,女用皮包,經典手提包,奶酪色,3980,0.0,14,華益皮件,商品描述 ★Ve 獨家發行經典呈現 精選優質牛皮、天然皮革擁有自然光澤、保留牛皮的天然紋理和韌性、散發出淡淡的皮革氣味. 可手提 / 斜背 / 側背三用、容量大小適中、絲巾點綴裝飾百搭又有型 輕鬆打造出名個人獨特風采! ★Ve 獨家款式限量發售 共推出水藍色 / 綠色 / 灰白 / 奶酪色 四色可以選擇 ◎包款尺寸:長 27*寬 11*高 23(手提把高:12cm) ◎材質:頭層牛皮 ◎主色:水藍色 / 綠色 / 灰白 / 奶酪色 ◎功能:側背 / 斜背 / 手提 ◎袋口開闔:拉鍊式開口 ◎袋內:手機袋、口袋、拉鍊袋 ◎袋外:拉鍊式口袋 ◎重量:541g 保養方式: ◎清潔:濕布擦拭後請拭乾. ◎保養:皮革類請使用高級皮革保養油、常保持光鮮、弄濕時、請陰乾之(晾乾、風乾)即可. ◎保存所處:避免放在溼氣和陽光直曬的地方、以免破壞包包應有的美麗色澤、防止接觸酸性腐蝕性物品、並請避免接觸油性筆.若是皮革以外的、金屬部份可使用拭銀布擦拭即可. ◎收藏:皮包內塞紙或置入乾燥劑、收藏陰涼通風處. 注意事項 1.如在您購買日起的ㄧ星期內、發現本產品質料有瑕疵時、只要憑著『商品售後服務卡』(每個包包上面會附贈ㄧ張商品售後服務卡)及購買發票和售價卡至原購物地點、無償更換新品! 2.因人為疏忽或未按本公司印製保養標示說明規定內而導致損壞、不在保證範圍內!,無,https://s1.myqr.com.tw/newshop/177/TypeGoods?type2=7910&type1=7911&type0=7914&pageIndex=0&goodId=47629,9050 寬底挺包 角釘4 三夾層 撞色包包 單提把手提 正梯形包包 皮革扣環 大開口 兩條帶 織帶背帶 color by sides 包包側面顏色 馬卡龍系列 奶酪色系列 奶酪色包包 奶酪色中包 奶酪色中大包 奶酪色手提包 奶酪色晚宴包 奶酪色斜背包 奶酪色側背包 淺色系列 奶酪色真皮包包 奶酪色真皮中包 奶酪色真皮中大包 奶酪色真皮手提包 奶酪色皮晚宴包 奶酪色真皮斜背包 奶酪色真皮側背包 正黃色系列 正黃色包包 正黃色中包 正黃色中大包 正黃色手提包 正黃色晚宴包 正黃色斜背包 正黃色側背 正黃色真皮包包 正黃色真皮中包 正黃色真皮中大包 正黃色真皮手提包 正黃色皮晚宴包 正黃色真皮斜背包 正黃色真皮側背包  秋天色系,https://pshop.myqr.com.tw/qrssimage/GoodsImage/106/106134.jpg?53
V76307L-3454,立體梯型典雅大方包-卡其色,時尚女性,女用皮包,經典手提包,卡其色,3980,0.0,9,華益皮件,商品描述 ★Ve 獨家發行經典呈現 嚴選頭層牛皮、皮革自然光澤好質感、保留牛皮的天然紋理和韌性、散發出淡淡的皮革氣味. 可手提 / 斜背 / 側背三用、包款百搭有型也兼具收納功能 包款有絲巾點綴、時尚又兼具氣質感、展現個人獨特風采 ★Ve 獨家款式限量發售 共推出黃色 / 卡其色 / 綠色 / 大象灰 ◎包款尺寸:長 30*寬 7.5*高 20(手提把高:13cm) ◎材質:頭層牛皮 ◎主色:黃色 / 卡其色 / 綠色 / 大象灰 ◎功能:手提 / 側背 / 斜背 ◎袋口開闔:拉鍊式開口 ◎袋內:手機袋、口袋、拉鍊袋 ◎袋外:拉鍊式口袋 ◎重量:518g 保養方式: ◎清潔:濕布擦拭後請拭乾. ◎保養:皮革類請使用高級皮革保養油、常保持光鮮、弄濕時、請陰乾之(晾乾、風乾)即可. ◎保存所處:避免放在溼氣和陽光直曬的地方、以免破壞包包應有的美麗色澤、防止接觸酸性腐蝕性物品、並請避免接觸油性筆.若是皮革以外的、金屬部份可使用拭銀布擦拭即可. ◎收藏:皮包內塞紙或置入乾燥劑、收藏陰涼通風處. 注意事項 1.如在您購買日起的ㄧ星期內、發現本產品質料有瑕疵時、只要憑著『商品售後服務卡』(每個包包上面會附贈ㄧ張商品售後服務卡)及購買發票和售價卡至原購物地點、無償更換新品! 2.因人為疏忽或未按本公司印製保養標示說明規定內而導致損壞、不在保證範圍內!,無,https://s1.myqr.com.tw/newshop/177/TypeGoods?type2=7910&type1=7911&type0=7914&pageIndex=0&goodId=47627,3454 絲巾包 子母包 磁鐵吸釦 磁鐵吸扣 磁扣吸合 磁釦吸合 挺包 水桶包包 大開口 土壤色系列 卡其色系列 卡其色包包 卡其色中包 卡其色CR中包 卡其色手提包 卡其色晚宴包 卡其色側背包 卡其色斜背包 卡其色素色包包 卡其色素面包包 卡其色真皮包包 卡其色真皮中包 卡其色真皮CR中包 卡其色真皮手提包 卡其色真皮晚宴包 卡其色真皮側背包 卡其色真皮斜背包 卡其色真皮素色包包 卡其色真皮素面包包 駝色包包 駝色中包 駝色CR中包 駝色手提包 駝色晚宴包 駝色側背包 駝色斜背包 駝色素色包包 駝色素面包包 駝色真皮包包 駝色真皮中包 駝色真皮CR中包 駝色真皮手提包 駝色真皮晚宴包 駝色真皮側背包 駝色真皮斜背包 駝色真皮素色包包 駝色真皮素面包包 土黃色包包 土黃色中包 土黃色CR中包 土黃色手提包 土黃色晚宴包 土黃色側背包 土黃色斜背包 土黃色素色包包 土黃色素面包包 土黃色真皮包包 土黃色真皮中包 土黃色真皮CR中包 土黃色真皮手提包 土黃色真皮晚宴包 土黃色真皮側背包 土黃色真皮斜背包 土黃色真皮素色包包 土黃色真皮素面包包,https://pshop.myqr.com.tw/qrssimage/GoodsImage/107/107390.jpg?53
V86402U-6827,兩側抓皺拉繩手提束口包-米杏色,時尚女性,女用皮包,經典手提包,米杏色,3480,0.0,18,華益皮件,商品描述 ★Ve 獨家發行經典呈現 精選優質頂級牛皮、頂級質感、擁有自然光澤、保留牛皮的天然紋理和韌性、散發出淡淡的皮革氣味 可斜背 / 側背 / 手提三用、容量大小適中、素面簡約風格設計、展現個人獨特魅力. ★Ve 獨家款式限量發售 共推出檸黃色 / 藍色 / 米杏色 / 灰白色 四色可以選擇 ◎包款尺寸:長 26*寬 7.5*高 19(手提把高:23cm) ◎材質:頭層牛皮 ◎主色:檸黃色 / 藍色 / 米杏色 / 灰白色 ◎功能:斜背 / 側背 / 手提 ◎袋口開闔:拉鍊式開口 ◎袋內:手機袋、口袋、拉鍊袋 ◎袋外:拉鍊式口袋 ◎重量:551g 保養方式: ◎清潔:濕布擦拭後請拭乾. ◎保養:皮革類請使用高級皮革保養油、常保持光鮮、弄濕時、請陰乾之(晾乾、風乾)即可. ◎保存所處:避免放在溼氣和陽光直曬的地方、以免破壞包包應有的美麗色澤、防止接觸酸性腐蝕性物品、並請避免接觸油性筆.若是皮革以外的、金屬部份可使用拭銀布擦拭即可. ◎收藏:皮包內塞紙或置入乾燥劑、收藏陰涼通風處. 注意事項 1.如在您購買日起的ㄧ星期內、發現本產品質料有瑕疵時、只要憑著『商品售後服務卡』(每個包包上面會附贈ㄧ張商品售後服務卡)及購買發票和售價卡至原購物地點、無償更換新品! 2.因人為疏忽或未按本公司印製保養標示說明規定內而導致損壞、不在保證範圍內!,無,https://s1.myqr.com.tw/newshop/177/TypeGoods?type2=7910&type1=7911&type0=7914&pageIndex=0&goodId=47897,6827 角釘4 可束口 托特包 大開口 三夾層包包 磁鐵吸釦 磁鐵吸扣 磁扣吸合 磁釦吸合 絲巾包 素面真皮中包 素面真皮休閒包 素面真皮中小包 馬卡龍色系 土壤色系列 米杏色系列 米杏色包包 米杏色中包 米杏色中小包 米杏色斜背包 米杏色肩背包 米杏色真皮肩背包 米杏色真皮包包 米杏色真皮中包 米杏色真皮中小包 米杏真皮休閒包 米杏真皮素面包包 米杏真皮素面中包 米杏真皮素面中小包 米杏素色包包 米杏真皮素色中包 米杏真皮素色中小包 卡其色包包 卡其色包 卡其色中包 卡其色中小包 卡其色斜背包 卡其色肩背包 卡其色真皮肩背包 卡其色真皮包包 卡其色真皮中包 卡其色真皮中小包 卡其色真皮休閒包 卡其色真皮素面包包 卡其色真皮素面中包 卡其色真皮素面中小包 卡其色素色包包 卡其色真皮素色中包 卡其色真皮素色中小包 奶茶色包 奶茶色中包 奶茶色中小包 奶茶色斜背包 奶茶色肩背包 奶茶色真皮肩背包 奶茶色真皮包包 奶茶色真皮中包 奶茶真皮中小包 奶茶真皮休閒包 奶茶真皮素面包包 奶茶真皮素面中包 奶茶真皮素面中小包 奶茶素色包包 奶茶真皮素色中包 奶茶真皮素色中小包 可塞摩托車箱內 Soft bag 奶茶色托特包 奶茶色真皮托特包 卡其色托特包 卡其色真皮托特包 米杏色托特包 米杏色真皮托特包,https://pshop.myqr.com.tw/qrssimage/GoodsImage/118/118670.jpg?37
V83307D-8741,典雅愛心柔軟零錢包-大紅色,時尚女性,女用皮包,經典手提包,大紅色,3480,0.0,9,華益皮件,商品描述 ★Ve 獨家發行經典呈現 精選優質牛皮、壓印工藝 擁有自然光澤、保留牛皮的天然紋理和韌性、散發出淡淡的皮革氣味. 可手提 / 斜背 / 肩背三用、容量大小適中、貴氣有型 包款全面展現獨特刷色感設計 輕鬆就打造出名個人獨特風采! ★Ve 獨家款式限量發售 共推出杏色 / 黃色 / 大紅色 / 淺綠色 四色可以選擇 ◎包款尺寸:長 26*寬 13*高 14(手提把高:10cm) ◎材質:頭層牛皮 ◎主色:杏色 / 黃色 / 大紅色 / 淺綠色 ◎功能:側背 / 斜背 / 手提 ◎袋口開闔:拉鍊式開口 ◎袋內:手機袋、口袋、拉鍊袋 ◎袋外:拉鍊式口袋 ◎重量:388g 保養方式: ◎清潔:濕布擦拭後請拭乾. ◎保養:皮革類請使用高級皮革保養油、常保持光鮮、弄濕時、請陰乾之(晾乾、風乾)即可. ◎保存所處:避免放在溼氣和陽光直曬的地方、以免破壞包包應有的美麗色澤、防止接觸酸性腐蝕性物品、並請避免接觸油性筆.若是皮革以外的、金屬部份可使用拭銀布擦拭即可. ◎收藏:皮包內塞紙或置入乾燥劑、收藏陰涼通風處. 注意事項 1.如在您購買日起的ㄧ星期內、發現本產品質料有瑕疵時、只要憑著『商品售後服務卡』(每個包包上面會附贈ㄧ張商品售後服務卡)及購買發票和售價卡至原購物地點、無償更換新品! 2.因人為疏忽或未按本公司印製保養標示說明規定內而導致損壞、不在保證範圍內!,無,https://s1.myqr.com.tw/newshop/177/TypeGoods?type2=7910&type1=7911&type0=7914&pageIndex=0&goodId=47628,8741 寬底 兩條帶 織帶背帶 橫圓桶包包 愛心零錢包 甜美可愛 皮格配件 皮革吊飾 素面包包 真皮斜背包 真皮側背包 真皮手提包 真皮淑女包 真皮休閒包 大紅色系列 大紅色手提包 大紅色斜背包 大紅色側背包 大紅色包包 大紅色中包 大紅色晚宴包 大紅色真皮包包 大紅色真皮手提包 大紅色真皮晚宴包,https://pshop.myqr.com.tw/qrssimage/GoodsImage/106/106118.jpg?73
V73310W-9041,前五金皮繩經典大方包-紅色,時尚女性,女用皮包,經典手提包,紅色,3980,0.0,11,華益皮件,商品描述 ★Ve 獨家發行經典呈現 精選優質頭層牛皮、壓印工藝 擁有自然光澤、保留牛皮的天然紋理和韌性、散發出淡淡的皮革氣味 手提 / 斜背 / 側背三用、容量大小適中、貴氣有型 包兩面全是立體斜車線做法 強調包的整體性 更能輕鬆就打造出質感時尚風采! ★Ve 獨家款式限量發售 共推出黑色 / 亞麻藍 / 紅色 / 杏色 四色可以選擇 ◎包款尺寸:長 24*寬 10.5*高*18(手提把高:14cm) ◎材質:進口頭層牛皮 ◎主色:黑色 / 亞麻藍 / 紅色 / 杏色 ◎功能:側背 / 手提 / 斜背 ◎袋口開闔:拉鍊式開口 ◎袋內:手機袋、口袋、拉鍊袋 ◎袋外:拉鍊式口袋 ◎重量:456g 保養方式: ◎清潔:濕布擦拭後請拭乾. ◎保養:皮革類請使用高級皮革保養油、常保持光鮮、弄濕時、請陰乾之(晾乾、風乾)即可. ◎保存所處:避免放在溼氣和陽光直曬的地方、以免破壞包包應有的美麗色澤、防止接觸酸性腐蝕性物品、並請避免接觸油性筆.若是皮革以外的、金屬部份可使用拭銀布擦拭即可. ◎收藏:皮包內塞紙或置入乾燥劑、收藏陰涼通風處. 注意事項 1.如在您購買日起的ㄧ星期內、發現本產品質料有瑕疵時、只要憑著『商品售後服務卡』(每個包包上面會附贈ㄧ張商品售後服務卡)及購買發票和售價卡至原購物地點、無償更換新品! 2.因人為疏忽或未按本公司印製保養標示說明規定內而導致損壞、不在保證範圍內!,無,https://s1.myqr.com.tw/newshop/177/TypeGoods?type2=7910&type1=7911&type0=7914&pageIndex=0&goodId=47626,9041 角釘4 托特包 絲巾包 金屬轉扣 子母包 寬底 兩條帶 織帶背帶 大開口 真皮斜背 真皮側背 真皮手提 真皮淑女 真皮晚宴 紅色系列 紅色包包 紅色中包 紅色中小包 紅色晚宴包 紅色手提包 紅色斜背包 紅色真皮中包 紅色真皮中小包 紅色真皮包包 紅真皮晚宴包 紅色真皮手提包 紅色真皮晚宴包,https://pshop.myqr.com.tw/qrssimage/GoodsImage/116/116486.jpg?73
V50309L-3493,前立體皮條絲巾日系手提輕巧包-藍色,時尚女性,女用皮包,經典手提包,藍色,2980,0.0,17,華益皮件,商品描述 ★Ve 獨家發行經典呈現 精選優質牛皮、壓印工藝 擁有自然光澤、保留牛皮的天然紋理和韌性、散發出淡淡的皮革氣味 可手提 / 斜背 / 肩背三用、容量大小適中、貴氣有型 包款全面展現獨特刷色感設計 輕鬆就打造出名個人獨特風采! ★Ve 獨家款式限量發售 共推出杏色 / 藍色 / 淺綠色 / 黃色 四色可以選擇 ◎包款尺寸:長 20*寬 14*高 19(手提把高:9cm) ◎材質:頭層牛皮 ◎主色:杏色 / 藍色 / 淺綠色 / 黃色 ◎功能:側背 / 斜背 / 手提 ◎袋口開闔:拉鍊式開口 ◎袋內:手機袋、口袋、拉鍊袋 ◎袋外:拉鍊式口袋 ◎重量:393g 保養方式: ◎清潔:濕布擦拭後請拭乾. ◎保養:皮革類請使用高級皮革保養油、常保持光鮮、弄濕時、請陰乾之(晾乾、風乾)即可. ◎保存所處:避免放在溼氣和陽光直曬的地方、以免破壞包包應有的美麗色澤、防止接觸酸性腐蝕性物品、並請避免接觸油性筆.若是皮革以外的、金屬部份可使用拭銀布擦拭即可. ◎收藏:皮包內塞紙或置入乾燥劑、收藏陰涼通風處. 注意事項 1.如在您購買日起的ㄧ星期內、發現本產品質料有瑕疵時、只要憑著『商品售後服務卡』(每個包包上面會附贈ㄧ張商品售後服務卡)及購買發票和售價卡至原購物地點、無償更換新品! 2.因人為疏忽或未按本公司印製保養標示說明規定內而導致損壞、不在保證範圍內!,無,https://s1.myqr.com.tw/newshop/177/TypeGoods?type2=7910&type1=7911&type0=7914&pageIndex=0&goodId=47889,3493 子母包 磁鐵吸釦 磁鐵吸扣 磁扣吸合 磁釦吸合 絲巾包 皮革拉環 寬底 兩條帶 拉練調整 真皮水桶包 莫蘭迪色系 藍色包包 藍色中包 藍色中小包 藍色手提包 藍色斜背包 藍色側背包 藍色晚宴包 藍色真皮包包 藍色真皮中包 藍色真皮中小包 藍色真皮手提包 藍色真皮斜背包 藍色真皮側背包 藍色真皮晚宴包  可塞摩托車箱內 Soft bag,https://pshop.myqr.com.tw/qrssimage/GoodsImage/115/115879.jpg?73
V80310F-603,前車線雙口袋素雅名牌包-藍色,時尚女性,女用皮包,經典手提包,藍色,3480,0.0,7,華益皮件,商品描述 ★Ve 獨家發行經典呈現 精選優質牛皮、壓印工藝 擁有自然光澤、保留牛皮的天然紋理和韌性、散發出淡淡的皮革氣味 可斜背 / 肩背 / 手提三用、容量大小適中、時尚有型 包款全面展現獨特刷色感設計 輕鬆就打造出名個人獨特風采! ★Ve 獨家款式限量發售 共推出黑色 / 藍色 / 灰色 / 橙色 四色可以選擇 ◎包款尺寸:長 24*寬 10*高 20(手提把高:11cm) ◎材質:頭層牛皮 ◎主色:黑色 / 藍色 / 灰色 / 橙色 ◎功能:側背 / 斜背 / 手提 ◎袋口開闔:拉鍊式開口 ◎袋內:手機袋、口袋、拉鍊袋 ◎袋外:拉鍊式口袋 ◎重量:500g 保養方式: ◎清潔:濕布擦拭後請拭乾. ◎保養:皮革類請使用高級皮革保養油、常保持光鮮、弄濕時、請陰乾之(晾乾、風乾)即可. ◎保存所處:避免放在溼氣和陽光直曬的地方、以免破壞包包應有的美麗色澤、防止接觸酸性腐蝕性物品、並請避免接觸油性筆.若是皮革以外的、金屬部份可使用拭銀布擦拭即可. ◎收藏:皮包內塞紙或置入乾燥劑、收藏陰涼通風處. 注意事項 1.如在您購買日起的ㄧ星期內、發現本產品質料有瑕疵時、只要憑著『商品售後服務卡』(每個包包上面會附贈ㄧ張商品售後服務卡)及購買發票和售價卡至原購物地點、無償更換新品! 2.因人為疏忽或未按本公司印製保養標示說明規定內而導致損壞、不在保證範圍內!,無,https://s1.myqr.com.tw/newshop/177/TypeGoods?type2=7910&type1=7911&type0=7914&pageIndex=0&goodId=47892,603包包 磁鐵吸釦 磁鐵吸扣 磁扣吸合 磁釦吸合 子母包 兩條帶 織帶背帶 絲巾包 寬底 大開口 正方形包包 淺色系列 莫蘭迪色系 藍色系列 藍色包包 藍色中包 藍色中大包 藍色手提包 藍色晚宴包 藍色側背包 藍色斜背包 藍色休閒包包 藍色真皮中包 藍色真皮中大包 藍色真皮手提包 藍色真皮晚宴包 藍色真皮側背包 藍色真皮斜背包 藍色真皮休閒包包,https://pshop.myqr.com.tw/qrssimage/GoodsImage/116/116019.jpg?56
V53304G-9091,前拉鍊經典日系大方包-芋粉色,時尚女性,女用皮包,經典手提包,芋粉色,2980,0.0,7,華益皮件,商品描述 ★Ve 獨家發行經典呈現 嚴選頭層牛皮、皮革自然光澤好質感、保留牛皮的天然紋理和韌性、散發出淡淡的皮革氣味. 可手提 / 斜背 / 側背三用、復古機車包元素設計、百搭有型也兼具收納功能 包款有絲巾點綴、時尚又兼具氣質感、展現個人獨特風采 ★Ve 獨家款式限量發售 共推出淺杏色 / 奶酪色 / 芋粉色 / 亞麻藍 四色可以選擇 ◎包款尺寸:長 28*寬 8.5*高 22(手提把高:11.5cm) ◎材質:頭層牛皮 ◎主色:淺杏色 / 奶酪色 / 芋粉色 / 亞麻藍 ◎功能:側背 / 斜背 / 手提 ◎袋口開闔:拉鍊式開口 ◎袋內:手機袋、口袋、拉鍊袋 ◎袋外:拉鍊式口袋 ◎重量:393g 保養方式: ◎清潔:濕布擦拭後請拭乾. ◎保養:皮革類請使用高級皮革保養油、常保持光鮮、弄濕時、請陰乾之(晾乾、風乾)即可. ◎保存所處:避免放在溼氣和陽光直曬的地方、以免破壞包包應有的美麗色澤、防止接觸酸性腐蝕性物品、並請避免接觸油性筆.若是皮革以外的、金屬部份可使用拭銀布擦拭即可. ◎收藏:皮包內塞紙或置入乾燥劑、收藏陰涼通風處. 注意事項 1.如在您購買日起的ㄧ星期內、發現本產品質料有瑕疵時、只要憑著『商品售後服務卡』(每個包包上面會附贈ㄧ張商品售後服務卡)及購買發票和售價卡至原購物地點、無償更換新品! 2.因人為疏忽或未按本公司印製保養標示說明規定內而導致損壞、不在保證範圍內!,無,https://s1.myqr.com.tw/newshop/177/TypeGoods?type2=7910&type1=7911&type0=7914&pageIndex=0&goodId=47631,9091 手提 大開口 機車包元素 寬底挺包 角釘4 絲巾包 經典款機車包 正方形包包 淺色系列 馬卡龍色系 芋粉色系列 芋粉色包包 芋粉色中包 芋粉色CR中包 芋粉色手提包 芋粉色側背包 芋粉色肩背包 芋粉色晚宴包 芋粉色素面包包 芋粉色素色包包 芋粉色真皮包包 芋粉色真皮中包 芋粉色真皮CR中包 芋粉色真皮手提包 芋粉色真皮側背包 芋粉色真皮肩背包 芋粉色真皮晚宴包 芋粉色真皮素面包包 芋粉色真皮素色包包,https://pshop.myqr.com.tw/qrssimage/GoodsImage/105/105981.jpg?56
V55306F-9251,前釦式撞色輕巧斜背包-鵝黃色,時尚女性,女用皮包,經典手提包,鵝黃色,2980,0.0,12,華益皮件,商品描述 ★Ve 獨家發行經典呈現 精選優質牛皮、壓印工藝 擁有自然光澤、保留牛皮的天然紋理和韌性、散發出淡淡的皮革氣味 可側背 / 斜背 / 手提三用、容量大小適中、狀色時尚有型設計、輕鬆就打造出名個人獨特風采! ★Ve 獨家款式限量發售 共推出亞麻藍 / 綠色 / 明星黑 / 鵝黃色 四色可以選擇 ◎包款尺寸:長 21*寬 9*高 16.5(手提把高:6.5cm) ◎材質:頭層牛皮 ◎主色:亞麻藍 / 綠色 / 明星黑 / 鵝黃色 ◎功能:側背 / 斜背 / 手提 ◎袋口開闔:拉鍊式開口 ◎袋內:手機袋、口袋、拉鍊袋 ◎袋外:拉鍊式口袋 ◎重量:432g 保養方式: ◎清潔:濕布擦拭後請拭乾. ◎保養:皮革類請使用高級皮革保養油、常保持光鮮、弄濕時、請陰乾之(晾乾、風乾)即可. ◎保存所處:避免放在溼氣和陽光直曬的地方、以免破壞包包應有的美麗色澤、防止接觸酸性腐蝕性物品、並請避免接觸油性筆.若是皮革以外的、金屬部份可使用拭銀布擦拭即可. ◎收藏:皮包內塞紙或置入乾燥劑、收藏陰涼通風處. 注意事項 1.如在您購買日起的ㄧ星期內、發現本產品質料有瑕疵時、只要憑著『商品售後服務卡』(每個包包上面會附贈ㄧ張商品售後服務卡)及購買發票和售價卡至原購物地點、無償更換新品! 2.因人為疏忽或未按本公司印製保養標示說明規定內而導致損壞、不在保證範圍內!,無,https://s1.myqr.com.tw/newshop/177/TypeGoods?type2=7910&type1=7911&type0=7914&pageIndex=0&goodId=47882,9251 撞色包包 雙夾層 半圓形包包 單提把手提 織帶背帶 兩條帶 寬底 角釘4 半圓型造型 便當袋造型 雙拉鍊 多夾層 挺包寬底 color by sides 包包側面顏色 馬卡龍色系 鵝黃色系列 鵝黃色包包 鵝黃色小包 鵝黃色CR小包 鵝黃色手提包 鵝黃色斜背包 鵝黃色側背包 鵝黃色休閒包  鵝黃色真皮包包 鵝黃色真皮小包 鵝黃色真皮CR小包 鵝黃色真皮手提包 鵝黃色真皮斜背包 鵝黃色真皮側背包 鵝黃色真皮休閒包 正黃色系列 正黃色包包 正黃色小包 正黃色CR小包 正黃色手提包 正黃色斜背包 正黃色側背包 正黃色休閒包 正黃色真皮包包 正黃色真皮小包 正黃色真皮CR小包 正黃色真皮手提包 正黃色真皮斜背包 正黃色真皮側背包 正黃色真皮休閒包 semicircle bag 秋天色系,https://pshop.myqr.com.tw/qrssimage/GoodsImage/106/106059.jpg?92
V86401E-8308,前釦式獨家撞色經典手提包-白色,時尚女性,女用皮包,經典手提包,白色,3480,0.0,16,華益皮件,商品描述 ★Ve 獨家發行經典呈現 精選優質牛皮、壓印工藝 擁有自然光澤、保留牛皮的天然紋理和韌性、散發出淡淡的皮革氣味 可手提 / 斜背 / 肩背三用、容量大小適中、貴氣有型 包款全面展現獨特刷色感設計 輕鬆就打造出名個人獨特風采! ★Ve 獨家款式限量發售 共推出藍色 / 白色 / 杏色 / 綠色 四色可以選擇 ◎包款尺寸:長 25.5*寬 11*高 21(手提把高:10cm) ◎材質:頭層牛皮 ◎主色:藍色 / 白色 / 杏色 / 綠色 ◎功能:斜背 / 側背 / 手提 ◎袋口開闔:拉鍊式開口 ◎袋內:手機袋、口袋、拉鍊袋 ◎袋外:拉鍊式口袋 ◎重量:550g 保養方式: ◎清潔:濕布擦拭後請拭乾. ◎保養:皮革類請使用高級皮革保養油、常保持光鮮、弄濕時、請陰乾之(晾乾、風乾)即可. ◎保存所處:避免放在溼氣和陽光直曬的地方、以免破壞包包應有的美麗色澤、防止接觸酸性腐蝕性物品、並請避免接觸油性筆.若是皮革以外的、金屬部份可使用拭銀布擦拭即可. ◎收藏:皮包內塞紙或置入乾燥劑、收藏陰涼通風處. 注意事項 1.如在您購買日起的ㄧ星期內、發現本產品質料有瑕疵時、只要憑著『商品售後服務卡』(每個包包上面會附贈ㄧ張商品售後服務卡)及購買發票和售價卡至原購物地點、無償更換新品! 2.因人為疏忽或未按本公司印製保養標示說明規定內而導致損壞、不在保證範圍內!,無,https://s1.myqr.com.tw/newshop/177/TypeGoods?type2=7910&type1=7911&type0=7914&pageIndex=0&goodId=47625,8308 挺包寬底 角釘4 單提把手提 皮革扣環 子母包 氣質典雅可愛 經典名牌包款  color by sides 包包側面顏色 撞色包包 織帶背帶 真皮斜背包 真皮側背包 真皮手提包 真皮休閒包 皮革扣環  淺色系列 正白色包包 正白色中包 正白色手提包 正白色晚宴包 正白色側背包 正白色斜背包 正白色真皮包包 正白色真皮中包 正白色真皮側背包 正白色真皮手提包 正白色真皮晚宴包 正白色真皮斜背包  秋天色系,https://pshop.myqr.com.tw/qrssimage/GoodsImage/118/118701.jpg?92
V51401V-6607,柔軟手感大開口休閒包-黑色,時尚女性,女用皮包,經典手提包,黑色,2980,0.0,16,華益皮件,商品描述 ★Ve 獨家發行經典呈現 精選優質牛皮、壓印工藝 擁有自然光澤、保留牛皮的天然紋理和韌性、散發出淡淡的皮革氣味 可手提 / 斜背 / 側背三用、容量大小適中、時尚有型 包款全面展現獨特刷色感設計 輕鬆就打造出名個人獨特風采! ★Ve 獨家款式限量發售 共推出黑色 / 棕色 二色可以選擇 ◎包款尺寸:長 21*寬 8*高 15.5(手提把高:7.5cm) ◎材質:頭層牛皮 ◎主色:黑色 / 棕色 ◎功能:斜背 / 側背 / 手提 ◎袋口開闔:拉鍊式開口 ◎袋內:手機袋、口袋、拉鍊袋 ◎袋外:拉鍊式口袋 ◎重量:316g 保養方式: ◎清潔:濕布擦拭後請拭乾. ◎保養:皮革類請使用高級皮革保養油、常保持光鮮、弄濕時、請陰乾之(晾乾、風乾)即可. ◎保存所處:避免放在溼氣和陽光直曬的地方、以免破壞包包應有的美麗色澤、防止接觸酸性腐蝕性物品、並請避免接觸油性筆.若是皮革以外的、金屬部份可使用拭銀布擦拭即可. ◎收藏:皮包內塞紙或置入乾燥劑、收藏陰涼通風處. 注意事項 1.如在您購買日起的ㄧ星期內、發現本產品質料有瑕疵時、只要憑著『商品售後服務卡』(每個包包上面會附贈ㄧ張商品售後服務卡)及購買發票和售價卡至原購物地點、無償更換新品! 2.因人為疏忽或未按本公司印製保養標示說明規定內而導致損壞、不在保證範圍內!,無,https://s1.myqr.com.tw/newshop/177/TypeGoods?type2=7910&type1=7911&type0=7914&pageIndex=0&goodId=47895,6607 直接斜背 相機包 皮革拉環 雙拉鍊 復古包 寬底 真皮斜背包 真皮側背包 真皮休閒包 暗色系列 深色系列 黑色系列 棕色包包 黑色小包 黑色CR小包 黑色側背包 黑色斜背包 黑色真皮小包 黑色真皮CR小包 黑色真皮斜背包 黑色真皮側背包 黑色素面真皮包包 黑色素色真皮包包 黑色真皮休閒包包 黑色素色休閒包包  可塞摩托車箱內 Soft bag,https://pshop.myqr.com.tw/qrssimage/GoodsImage/118/118403.jpg?29
V70404M-9135,柔軟手感牛皮前釦式肩背包-藍色,時尚女性,女用皮包,經典手提包,藍色,3980,0.0,22,華益皮件,包款特色: 1.材質與工藝: 精選優質頭層牛皮、保留牛皮的天然紋理和韌性、散發天然皮格自然光澤及淡淡的皮革氣味、展現出專業級的工藝品質.皮質柔軟滑順、質感出眾. 2.不定型設計: ◆這款包款皮質柔軟呈現了隨性、自由的風格、與傳統的結構化包款形成鮮明對比、更能突顯個人獨特品味和風格. ◆不受固定形狀的限制、具有多功能性、容納各種形狀和尺寸的物品、提供更多樣化的使用方式. ◆更便利於機車、包包可靈活放置於機車置物箱中、確保您在行駛中的物品安全.(註:只針對包包敘述、包包內之物品請使用者自行判斷其材質狀況、以免造成不便或損壞.) 3.輕便舒適: 輕盈柔軟的特性使得長時間攜帶更加輕鬆舒適、無論是購物、旅行還是日常通勤、都能自如搭配. 包款設計: ★包包開口設計寬大、方便使用、底部有四個包腳釘、可以防止包包底部直接接觸地面、搭配同色系皮革拉環相當有質感、突顯女性的細膩品味. ★包包背帶設計成穿孔式、可依個人需求選擇適合長度使用、貼心設計貼合女性的需求. ★這款包款還具有可手提、斜背和側背三種使用方式、提供多樣化的穿戴方式、讓您在不同場合輕鬆切換、展現個人風采. 功能性: ※容量寬敞:不定型的包款設計可容納日常所需物品、如零錢包、化妝品、手機等滿足女性日常攜帶需求. ※多功能隔層:內部設有多個隔層和口袋、方便整理和分類物品、提高使用效率. ※調節背帶:背帶採用穿孔式設計、可依個人身形調節長度、保證舒適貼合的穿戴感受. ※多場合適用:適合日常生活中的各種場合使用、如購物、約會、休閒等、是女性生活中的實用配件. ★★★--Ve 獨家款式限量發售 --★★★ 共推出黑色 / 藍色 / 黃色 三色可以選擇 ◎包款尺寸:長 27.5*寬 11.5*高 27.5(手提把高:10cm) ◎材質:頭層牛皮 ◎主色:黑色 / 藍色 / 黃色 ◎功能:斜背 / 側背 / 手提 ◎袋口開闔:拉鍊式開口 ◎袋內:手機袋、口袋、拉鍊袋 ◎袋外:拉鍊式口袋 ◎重量:652g 保養方式: ◎清潔:濕布擦拭後請拭乾. ◎保養:皮革類請使用高級皮革保養油、常保持光鮮、弄濕時、請陰乾之(晾乾、風乾)即可. ◎保存所處:避免放在溼氣和陽光直曬的地方、以免破壞包包應有的美麗色澤、防止接觸酸性腐蝕性物品,無,https://s1.myqr.com.tw/newshop/177/TypeGoods?type2=7910&type1=7911&type0=7914&pageIndex=0&goodId=47900,9135 寬底 角釘4 大開口 皮革拉環 真皮斜背包 真皮側背包 真皮手提包 真皮休閒包包 真皮大容量包包 藍色系列 藍色包包 藍色大包 藍色CR大包 藍色斜背包 藍色手提包 藍色真皮手提包 藍色真皮包包 藍色真皮大包 藍色真皮CR大包 藍色真皮休閒包 藍色真皮素面包包 藍色真皮素面大包 藍色真皮CR素面大包 可塞摩托車箱內 Soft bag 寶寶肌膚柔軟觸感,https://pshop.myqr.com.tw/qrssimage/GoodsImage/119/119559.jpg?29
V85306Y-7086,柔軟手感穿繩式手提包-梨黃色,時尚女性,女用皮包,經典手提包,梨黃色,3480,0.0,12,華益皮件,商品描述 ★Ve 獨家發行經典呈現 精選優質牛皮、壓印工藝 擁有自然光澤、保留牛皮的天然紋理和韌性、散發出淡淡的皮革氣味 可手提 / 斜背 / 側背三用、容量大小適中、貴氣有型 包款全面展現獨特刷色感設計 輕鬆就打造出名個人獨特風采! ★Ve 獨家款式限量發售 共推出明星黑 / 芋粉色 / 綠色 / 梨黃色 四色可以選擇 ◎包款尺寸:長 24*寬 12*高 20(手提把高:12cm) ◎材質:頭層牛皮 ◎主色:明星黑 / 芋粉色 / 綠色 / 梨黃色 ◎功能:側背 / 斜背 / 手提 ◎袋口開闔:拉鍊式開口 ◎袋內:手機袋、口袋、拉鍊袋 ◎袋外:拉鍊式口袋 ◎重量:460g 保養方式: ◎清潔:濕布擦拭後請拭乾. ◎保養:皮革類請使用高級皮革保養油、常保持光鮮、弄濕時、請陰乾之(晾乾、風乾)即可. ◎保存所處:避免放在溼氣和陽光直曬的地方、以免破壞包包應有的美麗色澤、防止接觸酸性腐蝕性物品、並請避免接觸油性筆.若是皮革以外的、金屬部份可使用拭銀布擦拭即可. ◎收藏:皮包內塞紙或置入乾燥劑、收藏陰涼通風處. 注意事項 1.如在您購買日起的ㄧ星期內、發現本產品質料有瑕疵時、只要憑著『商品售後服務卡』(每個包包上面會附贈ㄧ張商品售後服務卡)及購買發票和售價卡至原購物地點、無償更換新品! 2.因人為疏忽或未按本公司印製保養標示說明規定內而導致損壞、不在保證範圍內!,無,https://s1.myqr.com.tw/newshop/177/TypeGoods?type2=7910&type1=7911&type0=7914&pageIndex=0&goodId=47885,7086 寬底挺包 皮革扣環式 單條袋肩背 單提把肩背 金屬裝飾 子母包 角釘4 水桶包 亮色包包 梨黃色包包 梨黃色中包 梨黃色CR中包 梨黃色手提包 梨黃色斜背包 梨黃色側背包 梨黃色素色包包 梨黃色素面包包 梨黃色真皮包包 梨黃色真皮中包 梨黃色真皮CR中包 梨黃色真皮手提包 梨黃色真皮斜背包 梨黃色真皮側背包 梨黃色真皮素色包包 梨黃色真皮素面包包 馬卡龍色系 正黃色包包 正黃色中包 正黃色CR中包 正黃色手提包 正黃色斜背包 正黃色側背包 正黃色素色包包 正黃色素面包包 正黃色真皮包包 正黃色真皮中包 正黃色真皮CR中包 正黃色真皮手提包 正黃色真皮斜背包 正黃色真皮側背包 正黃色真皮素色包包 正黃色真皮素面包包 馬卡龍色系 淺色系列,https://pshop.myqr.com.tw/qrssimage/GoodsImage/106/106108.jpg?29
V86402U-6901,素雅品牌經典方形手提包-米杏色,時尚女性,女用皮包,經典手提包,米杏色,3480,0.0,20,華益皮件,商品描述 ★Ve 獨家發行經典呈現 精選優質頭層牛皮、壓印工藝 擁有自然光澤、保留牛皮的天然紋理和韌性、散發出淡淡的皮革氣味 手提 / 斜背 / 側背三用、容量大小適中、貴氣有型 包兩面全是立體斜車線做法 強調包的整體性 更能輕鬆就打造出質感時尚風采! ★Ve 獨家款式限量發售 共推出檸黃色 / 藍色 / 米杏色 / 灰白色 四色可以選擇 ◎包款尺寸:長 28*寬 12*高 21(手提把高:15cm) ◎材質:頭層牛皮 ◎主色:檸黃色 / 藍色 / 米杏色 / 灰白色 ◎功能:斜背 / 側背 / 手提 ◎袋口開闔:拉鍊式開口 ◎袋內:手機袋、口袋、拉鍊袋 ◎袋外:拉鍊式口袋 ◎重量:552g 保養方式: ◎清潔:濕布擦拭後請拭乾. ◎保養:皮革類請使用高級皮革保養油、常保持光鮮、弄濕時、請陰乾之(晾乾、風乾)即可. ◎保存所處:避免放在溼氣和陽光直曬的地方、以免破壞包包應有的美麗色澤、防止接觸酸性腐蝕性物品、並請避免接觸油性筆.若是皮革以外的、金屬部份可使用拭銀布擦拭即可. ◎收藏:皮包內塞紙或置入乾燥劑、收藏陰涼通風處. 注意事項 1.如在您購買日起的ㄧ星期內、發現本產品質料有瑕疵時、只要憑著『商品售後服務卡』(每個包包上面會附贈ㄧ張商品售後服務卡)及購買發票和售價卡至原購物地點、無償更換新品! 2.因人為疏忽或未按本公司印製保養標示說明規定內而導致損壞、不在保證範圍內!,無,https://s1.myqr.com.tw/newshop/177/TypeGoods?type2=7910&type1=7911&type0=7914&pageIndex=0&goodId=47898,6901 寬底 角釘4 正梯形包包 三夾層包包 絲巾包包 真皮休閒包包 素面真皮中包 素面真皮休閒包 淺色系列 馬卡龍色系 土壤色系列 米杏色系列 米杏色包包 米杏色中包 米杏色CR中包 米杏色中大包 米杏色斜背包 米杏色手提包 米杏色真皮手提包 米杏色真皮包包 米杏色真皮中包 米杏色真皮CR中包 米杏色真皮中大包 米杏色真皮休閒包 米杏色真皮素面包包 米杏色真皮素面中包 卡其色包包 卡其色中包 卡其色CR中包 卡其色中大包 卡其色色斜背包 卡其色手提包 卡其色真皮手提包 卡其色真皮包包 卡其色真皮中包 卡其色真皮CR中包 卡其色真皮中大包 卡其色真皮休閒包 卡其色真皮素面包包 卡其色真皮素面中包 卡其色真皮CR素面中包 卡其色真皮素面中大包 奶茶色包包 奶茶色中包 奶茶色CR中包 奶茶色中大包 奶茶色色斜背包 奶茶色手提包 奶茶色真皮手提包 奶茶色真皮包包 奶茶色真皮中包 奶茶色真皮CR中包 奶茶色真皮中大包 奶茶色真皮休閒包 奶茶色真皮素面包包 奶茶色真皮素面中包 奶茶色真皮CR素面中包 奶茶色真皮素面中大包,https://pshop.myqr.com.tw/qrssimage/GoodsImage/118/118678.jpg?12
V82310R-3168,馬卡龍撞色皮繩托特包-杏色,時尚女性,女用皮包,經典手提包,杏色,3480,0.0,15,華益皮件,商品描述 ★Ve 獨家發行經典呈現 精選優質牛皮、壓印工藝 擁有自然光澤、保留牛皮的天然紋理和韌性、散發出淡淡的皮革氣味 可手提 / 斜背 / 肩背三用、容量大小適中、貴氣有型 包款全面展現獨特刷色感設計 輕鬆就打造出名個人獨特風采! ★Ve 獨家款式限量發售 共推出杏色 / 黃色 / 白色 / 綠色 四色可以選擇 ◎包款尺寸:長 23.5*寬 8*高 19(手提把高:13cm) ◎材質:頭層牛皮 ◎主色:杏色 / 黃色 / 白色 / 綠色 ◎功能:斜背 / 側背 / 手提 ◎袋口開闔:拉鍊式開口 ◎袋內:手機袋、口袋、拉鍊袋 ◎袋外:拉鍊式口袋 ◎重量:478g 保養方式: ◎清潔:濕布擦拭後請拭乾. ◎保養:皮革類請使用高級皮革保養油、常保持光鮮、弄濕時、請陰乾之(晾乾、風乾)即可. ◎保存所處:避免放在溼氣和陽光直曬的地方、以免破壞包包應有的美麗色澤、防止接觸酸性腐蝕性物品、並請避免接觸油性筆.若是皮革以外的、金屬部份可使用拭銀布擦拭即可. ◎收藏:皮包內塞紙或置入乾燥劑、收藏陰涼通風處. 注意事項 1.如在您購買日起的ㄧ星期內、發現本產品質料有瑕疵時、只要憑著『商品售後服務卡』(每個包包上面會附贈ㄧ張商品售後服務卡)及購買發票和售價卡至原購物地點、無償更換新品! 2.因人為疏忽或未按本公司印製保養標示說明規定內而導致損壞、不在保證範圍內!,無,https://s1.myqr.com.tw/newshop/177/TypeGoods?type2=7910&type1=7911&type0=7914&pageIndex=0&goodId=47893,3168 寬底挺包 撞色包包 復古包包 絲巾包包 真皮休閒包 方形包包 color by sides 包包側面顏色 土壤色系列 馬卡龍色系 杏色系列 杏色包包 杏色小包 杏色中小包 杏色手提包 杏色晚宴包 杏色側背包 杏色斜背包 杏色真皮包包 杏色真皮小包 杏色真皮中小包 杏色真皮手提包 杏色真皮晚宴包 杏色真皮側背包 杏色真皮斜背包 卡其色包包 卡其色小包 卡其色中小包 卡其色手提包 卡其色晚宴包 卡其色側背包 卡其色斜背包 卡其色真皮包包 卡其色真皮中小包 卡其色真皮小包 卡其色真皮手提包 卡其色真皮晚宴包 卡其色真皮側背包 卡其色真皮斜背包  奶茶色包包 奶茶色小包 奶茶色中小包 奶茶色手提包 奶茶色晚宴包 奶茶色側背包 奶茶色斜背包 奶茶色真皮包包 奶茶色真皮小包 奶茶色真皮中小包 奶茶色真皮手提包 奶茶色真皮晚宴包 奶茶色真皮側背包 奶茶色真皮斜背包 杏色真皮休閒包 奶茶色真皮休閒包 卡其色真皮休閒包 秋天色系,https://pshop.myqr.com.tw/qrssimage/GoodsImage/116/116158.jpg?12
V50302R-2796,絲巾點綴前壓印小方包-藍色,時尚女性,女用皮包,經典手提包,藍色,2980,0.0,9,華益皮件,商品描述 ★Ve 獨家發行經典呈現 精選優質牛皮、壓印工藝 擁有自然光澤、保留牛皮的天然紋理和韌性、散發出淡淡的皮革氣味 可斜背 / 肩背 / 手提三用、容量大小適中、時尚有型 包款全面展現獨特刷色感設計 輕鬆就打造出名個人獨特風采! ★Ve 獨家款式限量發售 共推出藍色 / 黑色 / 橙色 / 黃色 四色可以選擇 ◎包款尺寸:長 27*寬 11.5*高 18(手提把高:10cm) ◎材質:頭層牛皮 ◎主色:藍色 / 黑色 / 橙色 / 黃色 ◎功能:側背 / 斜背 / 手提 ◎袋口開闔:拉鍊式開口 ◎袋內:手機袋、口袋、拉鍊袋 ◎袋外:拉鍊式口袋 ◎重量:476g 保養方式: ◎清潔:濕布擦拭後請拭乾. ◎保養:皮革類請使用高級皮革保養油、常保持光鮮、弄濕時、請陰乾之(晾乾、風乾)即可. ◎保存所處:避免放在溼氣和陽光直曬的地方、以免破壞包包應有的美麗色澤、防止接觸酸性腐蝕性物品、並請避免接觸油性筆.若是皮革以外的、金屬部份可使用拭銀布擦拭即可. ◎收藏:皮包內塞紙或置入乾燥劑、收藏陰涼通風處. 注意事項 1.如在您購買日起的ㄧ星期內、發現本產品質料有瑕疵時、只要憑著『商品售後服務卡』(每個包包上面會附贈ㄧ張商品售後服務卡)及購買發票和售價卡至原購物地點、無償更換新品! 2.因人為疏忽或未按本公司印製保養標示說明規定內而導致損壞、不在保證範圍內!,無,https://s1.myqr.com.tw/newshop/177/TypeGoods?type2=7910&type1=7911&type0=7914&pageIndex=0&goodId=47879,2796 絲巾包 寬底 角釘4 磁鐵吸釦 磁鐵吸扣 磁扣吸合 磁釦吸合 子母包 兩條帶 織袋背帶 水桶包 馬卡龍色系 莫蘭迪色系 藍色系列 藍色包包 藍色中包 藍色CR中包 藍色手提包 藍色晚宴包 藍色側背包 藍色斜背包 藍色素面包包 藍色素色包包 藍色真皮包包 藍色真皮中包 藍色真皮CR中包 藍色真皮手提包 藍色真皮晚宴包 正藍色真皮側背包 藍色真皮斜背包 藍色真皮素面包包 藍色真皮素色包包,https://pshop.myqr.com.tw/qrssimage/GoodsImage/105/105965.jpg?48
V51201D-011,絲巾點綴韓風貝殼包-明星黑,時尚女性,女用皮包,經典手提包,明星黑,2980,0.0,4,華益皮件,商品描述 ★Ve 獨家發行經典呈現 精選優質牛皮、壓印工藝 擁有自然光澤、保留牛皮的天然紋理和韌性、散發出淡淡的皮革氣味 可側背 / 斜背 / 手提三用、容量大小適中、時尚有型 包款全面展現獨特刷色感設計 輕鬆就打造出名個人獨特風采! ★Ve 獨家款式限量發售 共推出奶酪 / 豆青色 / 明星黑 三色可以選擇 ◎包款尺寸:長 19*寬 6*高 15(手提把高:9cm) ◎材質:頭層牛皮 ◎主色:奶酪 / 豆青色 / 明星黑 ◎功能:側背 / 斜背 / 手提 ◎袋口開闔:拉鍊式開口 ◎袋內:手機袋、口袋、拉鍊袋 ◎袋外:拉鍊式口袋 保養方式: ◎清潔:濕布擦拭後請拭乾. ◎保養:皮革類請使用高級皮革保養油、常保持光鮮、弄濕時、請陰乾之(晾乾、風乾)即可. ◎保存所處:避免放在溼氣和陽光直曬的地方、以免破壞包包應有的美麗色澤、防止接觸酸性腐蝕性物品、並請避免接觸油性筆.若是皮革以外的、金屬部份可使用拭銀布擦拭即可. ◎收藏:皮包內塞紙或置入乾燥劑、收藏陰涼通風處. 注意事項 1.如在您購買日起的ㄧ星期內、發現本產品質料有瑕疵時、只要憑著『商品售後服務卡』(每個包包上面會附贈ㄧ張商品售後服務卡)及購買發票和售價卡至原購物地點、無償更換新品! 2.因人為疏忽或未按本公司印製保養標示說明規定內而導致損壞、不在保證範圍內!,無,https://s1.myqr.com.tw/newshop/177/TypeGoods?type2=7910&type1=7911&type0=7914&pageIndex=0&goodId=47874,011 馬鞍包造型 磁鐵吸釦 磁鐵吸釦 磁鐵吸扣 磁扣吸合 磁釦吸合 磁鐵吸扣 磁扣吸合 磁釦吸合 絲巾包 硬殼包 翻蓋包包 兩條帶 織帶背帶 小馬圖案 半圓形包包 單提把手把 深色系列 暗色系列 明星黑系列 明星黑包包 明星黑小包 明星黑CR小包 明星黑休閒包 明星黑側背包 明星黑斜背包 明星黑素面包包 明星黑素色包包 明星黑真皮包包 明星黑真皮小包 明星黑皮CR小包 明星黑真皮休閒包 明星黑真皮側背包 明星黑真皮斜背包 明星黑真皮素面包包 明星黑真皮素色包包 黑色系列 黑色包包 黑色小包 黑色CR小包 黑色休閒包 黑色側背包 黑色斜背包 黑色素面包包 黑色素色包包 黑色真皮包包 黑色真皮小包 黑色真皮CR小包 黑色真皮休閒包 黑色真皮側背包 黑色真皮斜背包 黑色真皮素面包包 黑色真皮素色包包 黑色晚宴包 黑色真皮晚宴包,https://pshop.myqr.com.tw/qrssimage/GoodsImage/86/86965.jpg?48
V57207H-1282,菱格立體壓紋波士頓包-豆青色,時尚女性,女用皮包,經典手提包,豆青色,2980,0.0,10,華益皮件,商品描述 ★Ve 輕量設計獨家發行 精選優質頂級牛皮、頂級質感、擁有自然光澤、保留牛皮的天然紋理和韌性、散發出淡淡的皮革氣味 可斜背 / 側背 / 手提三用、容量大小適中、素面簡約風格設計、展現個人獨特魅力. ★Ve 獨家款式限量發售 共推出明星黑 / 大紅色 / 芋粉色 / 豆青色 四色可以選擇 ◎包款尺寸:長 23*寬 13*高 18(手提把高:9cm) ◎材質:進口頭層牛皮 ◎主色:明星黑 / 大紅色 / 芋粉色 / 豆青色 ◎功能:側背 / 斜背 / 手提 ◎袋口開闔:拉鍊式開口 ◎袋內:手機袋、口袋、拉鍊袋 ◎袋外:拉鍊式口袋 ◎重量:416g 保養方式: ◎清潔:濕布擦拭後請拭乾. ◎保養:皮革類請使用高級皮革保養油、常保持光鮮、弄濕時、請陰乾之(晾乾、風乾)即可. ◎保存所處:避免放在溼氣和陽光直曬的地方、以免破壞包包應有的美麗色澤、防止接觸酸性腐蝕性物品、並請避免接觸油性筆.若是皮革以外的、金屬部份可使用拭銀布擦拭即可. ◎收藏:皮包內塞紙或置入乾燥劑、收藏陰涼通風處. 注意事項 1.如在您購買日起的ㄧ星期內、發現本產品質料有瑕疵時、只要憑著『商品售後服務卡』(每個包包上面會附贈ㄧ張商品售後服務卡)及購買發票和售價卡至原購物地點、無償更換新品! 2.因人為疏忽或未按本公司印製保養標示說明規定內而導致損壞、不在保證範圍內!,無,https://s1.myqr.com.tw/newshop/177/TypeGoods?type2=7910&type1=7911&type0=7914&pageIndex=0&goodId=47875,1282 經典菱格紋包 經典格紋包 角釘4 小香包 寬底 小香風包包 橫圓桶包包 織帶背帶 兩條帶 手把可下垂 波士頓包 莫蘭迪色系 豆青色系列 豆青色包包 豆青色中小包 豆青色CR中小包 豆青色手提包 豆青色晚宴包 豆青色斜背包 豆青色側背包 豆青色真皮包包 豆青色真皮中小包 豆青色真皮CR中小包 豆青色真皮手提包 豆青色真皮晚宴包 豆青色真皮斜背包 豆青色真皮側背包 綠色系列 綠色包包 綠色中小包 綠色CR中小包 綠色手提包 綠色晚宴包 綠色斜背包 綠色側背包 綠色真皮包包 綠色真皮中小包 綠色真皮CR中小包 綠色真皮手提包 綠色真皮晚宴包 綠色真皮斜背包 綠色真皮側背包,https://pshop.myqr.com.tw/qrssimage/GoodsImage/91/91702.jpg?83
V55306F-5528,經典日系手提名牌包-卡其,時尚女性,女用皮包,經典手提包,卡其,2980,0.0,9,華益皮件,商品描述 ★Ve 獨家發行經典呈現 精選優質牛皮、壓印工藝 擁有自然光澤、保留牛皮的天然紋理和韌性、散發出淡淡的皮革氣味. 可手提 / 斜背 / 肩背三用、容量大小適中、貴氣有型 包款全面展現獨特刷色感設計 輕鬆就打造出名個人獨特風采! ★Ve 獨家款式限量發售 共推出亞麻藍 / 卡其色 / 粉綠色 / 香梨黃 四色可以選擇 ◎包款尺寸:長 24.5*寬 11*高 15(手提把高:12cm) ◎材質:頭層牛皮 ◎主色:亞麻藍 / 卡其色 / 粉綠色 / 香梨黃 ◎功能:側背 / 斜背 / 手提 ◎袋口開闔:拉鍊式開口 ◎袋內:手機袋、口袋、拉鍊袋 ◎袋外:拉鍊式口袋 ◎重量:466g 保養方式: ◎清潔:濕布擦拭後請拭乾. ◎保養:皮革類請使用高級皮革保養油、常保持光鮮、弄濕時、請陰乾之(晾乾、風乾)即可. ◎保存所處:避免放在溼氣和陽光直曬的地方、以免破壞包包應有的美麗色澤、防止接觸酸性腐蝕性物品、並請避免接觸油性筆.若是皮革以外的、金屬部份可使用拭銀布擦拭即可. ◎收藏:皮包內塞紙或置入乾燥劑、收藏陰涼通風處. 注意事項 1.如在您購買日起的ㄧ星期內、發現本產品質料有瑕疵時、只要憑著『商品售後服務卡』(每個包包上面會附贈ㄧ張商品售後服務卡)及購買發票和售價卡至原購物地點、無償更換新品! 2.因人為疏忽或未按本公司印製保養標示說明規定內而導致損壞、不在保證範圍內!,無,https://s1.myqr.com.tw/newshop/177/TypeGoods?type2=7910&type1=7911&type0=7914&pageIndex=0&goodId=47884,5528 角釘4 寬底 挺包 雙拉鍊 半圓形包包 手提 斜背 肩背 兩條帶 織帶背帶 皮牌吊飾 車線設計 手把可下垂 橫長方形包包 土壤色系列 卡其色系列 卡其色包包 卡其色小包 卡其色中小包 卡其色手提包 卡其色側背包 卡其色斜背包 卡其色休閒包 卡其色素色包包 卡其色素面包包 卡其色真皮包包 卡其色真皮小包 卡其色真皮中小包 卡其色真皮手提包 卡其色真皮側背包 卡其色真皮斜背包 卡其色真皮休閒包 卡其色真皮素色包包 卡其色真皮素面包包 杏色系列 杏色包包 杏色小包 杏色中小包 杏色手提包 杏色側背包 杏色斜背包 杏色休閒包 杏色素色包包 杏色素面包包 杏色真皮包包 杏色真皮小包 杏色真皮中小包 杏色真皮手提包 杏色真皮側背包 杏色真皮斜背包 杏色真皮休閒包 杏色真皮素色包包 杏色真皮素面包包 semicircle bag,https://pshop.myqr.com.tw/qrssimage/GoodsImage/106/106041.jpg?83
V50306F-5528,經典日系手提名牌包-亞麻藍,時尚女性,女用皮包,經典手提包,亞麻藍,2980,0.0,14,華益皮件,商品描述 ★Ve 獨家發行經典呈現 精選優質牛皮、壓印工藝 擁有自然光澤、保留牛皮的天然紋理和韌性、散發出淡淡的皮革氣味. 可手提 / 斜背 / 肩背三用、容量大小適中、貴氣有型 包款全面展現獨特刷色感設計 輕鬆就打造出名個人獨特風采! ★Ve 獨家款式限量發售 共推出亞麻藍 / 卡其色 / 粉綠色 / 香梨黃 四色可以選擇 ◎包款尺寸:長 24.5*寬 11*高 15(手提把高:12cm) ◎材質:頭層牛皮 ◎主色:亞麻藍 / 卡其色 / 粉綠色 / 香梨黃 ◎功能:側背 / 斜背 / 手提 ◎袋口開闔:拉鍊式開口 ◎袋內:手機袋、口袋、拉鍊袋 ◎袋外:拉鍊式口袋 ◎重量:466g 保養方式: ◎清潔:濕布擦拭後請拭乾. ◎保養:皮革類請使用高級皮革保養油、常保持光鮮、弄濕時、請陰乾之(晾乾、風乾)即可. ◎保存所處:避免放在溼氣和陽光直曬的地方、以免破壞包包應有的美麗色澤、防止接觸酸性腐蝕性物品、並請避免接觸油性筆.若是皮革以外的、金屬部份可使用拭銀布擦拭即可. ◎收藏:皮包內塞紙或置入乾燥劑、收藏陰涼通風處. 注意事項 1.如在您購買日起的ㄧ星期內、發現本產品質料有瑕疵時、只要憑著『商品售後服務卡』(每個包包上面會附贈ㄧ張商品售後服務卡)及購買發票和售價卡至原購物地點、無償更換新品! 2.因人為疏忽或未按本公司印製保養標示說明規定內而導致損壞、不在保證範圍內!,無,https://s1.myqr.com.tw/newshop/177/TypeGoods?type2=7910&type1=7911&type0=7914&pageIndex=0&goodId=47881,5528 角釘4 寬底 挺包 雙拉鍊 半圓形包包 手提 斜背 肩背 兩條帶 織帶背帶 皮牌吊飾 車線設計 手把可下垂 橫長方形包包 莫蘭迪色系 馬卡龍色系 亞麻藍系列 亞麻藍包包 亞麻藍小包 亞麻藍中小包 亞麻藍手提包 亞麻藍側背包 亞麻藍斜背包 亞麻藍休閒包 亞麻藍素色包包 亞麻藍素面包包 亞麻藍真皮包包 亞麻藍真皮小包 亞麻藍真皮中小包 亞麻藍真皮手提包 亞麻藍真皮側背包 亞麻藍真皮斜背包 亞麻藍真皮休閒包 亞麻藍真皮素色包包 亞麻藍真皮素面包包 藍色系列 藍色包包 藍色小包 藍色中小包 藍色手提包 藍色側背包 藍色斜背包 藍色休閒包 藍色素色包包 藍色素面包包 藍色真皮包包 藍色真皮小包 藍色真皮中小包 藍色真皮手提包 藍色真皮側背包 藍色真皮斜背包 藍色真皮休閒包 藍色真皮素色包包 藍色真皮素面包包 semicircle bag,https://pshop.myqr.com.tw/qrssimage/GoodsImage/106/106043.jpg?67
V81306F-7106,經典百搭撞色手提包-明星黑,時尚女性,女用皮包,經典手提包,明星黑,3480,0.0,16,華益皮件,商品描述 ★Ve 獨家發行經典呈現 嚴選頭層牛皮搭配經典棋盤格紋設計、時尚經典又百搭、保留牛皮的天然紋理和韌性、散發出淡淡的皮革氣味. 可肩背 / 手提 / 斜背三用、容量大小適中、復古經典格紋的個性設計點綴出個人獨特風采! ★Ve 獨家款式限量發售 共推出明星黑 / 咖格紋 / 綠格紋 三色可以選擇 ◎包款尺寸:長 20.5*寬 8*高 17(手提把高:11cm) ◎材質:頭層牛皮 ◎主色:明星黑 / 咖格紋 / 綠格紋 ◎功能:側背 / 斜背 / 手提 ◎袋口開闔:拉鍊式開口 ◎袋內:手機袋、口袋、拉鍊袋 ◎袋外:拉鍊式口袋 ◎重量:516g 保養方式: ◎清潔:濕布擦拭後請拭乾. ◎保養:皮革類請使用高級皮革保養油、常保持光鮮、弄濕時、請陰乾之(晾乾、風乾)即可. ◎保存所處:避免放在溼氣和陽光直曬的地方、以免破壞包包應有的美麗色澤、防止接觸酸性腐蝕性物品、並請避免接觸油性筆.若是皮革以外的、金屬部份可使用拭銀布擦拭即可. ◎收藏:皮包內塞紙或置入乾燥劑、收藏陰涼通風處. 注意事項 1.如在您購買日起的ㄧ星期內、發現本產品質料有瑕疵時、只要憑著『商品售後服務卡』(每個包包上面會附贈ㄧ張商品售後服務卡)及購買發票和售價卡至原購物地點、無償更換新品! 2.因人為疏忽或未按本公司印製保養標示說明規定內而導致損壞、不在保證範圍內!,無,https://s1.myqr.com.tw/newshop/177/TypeGoods?type2=7910&type1=7911&type0=7914&pageIndex=0&goodId=47630,7106 棋盤格紋 馬賽克磚 硬殼挺包 角釘4 織帶背帶 兩條帶 正方形包包 棉麻材質  寬底挺包 經典棋盤格 LV經典 復古包包 兩種材質包款 真皮VS布料 大開口 手把可下垂 明星黑系列 明星黑包包 明星黑小包 明星黑CR小包 明星黑手提包 明星黑晚宴包 明星黑側背包 明星黑斜背包 明星黑真皮包包 明星黑真皮小包 明星黑真皮CR小包 明星黑真皮手提包 明星黑真皮晚宴包 明星黑真皮側背包 明星黑真皮斜背包 黑色包包 黑色小包 黑色CR小包 黑色手提包 黑色晚宴包 黑色側背包 黑色斜背包 黑色真皮包包 黑色真皮小包 黑色真皮CR小包 黑色真皮手提包 黑色真皮晚宴包 黑色真皮側背包 黑色真皮斜背包,https://pshop.myqr.com.tw/qrssimage/GoodsImage/106/106067.jpg?67
V54109P-6331,蓋頭式素雅波士頓包-豆沙粉,時尚女性,女用皮包,經典手提包,豆沙粉,2980,0.0,6,華益皮件,商品描述 Ve 輕量尼龍多夾層大方包 ★Ve 輕量設計獨家發行 嚴選進口高密度防潑水彩色牛津布面料 搭配厚實的牛皮皮革、提升細節與質感 超輕量、觸感柔軟又柔順、顏色飽和且耐看 完美的防潑水功能、輕鬆應付多變的天氣型態 來達到完美合一的效果! 精密刺繡與精細手車縫製結合、打造出全新的時尚品味 ★Ve 獨家款式限量發售 共推出明星黑 / 豆沙粉 / 焦糖 / 湖水綠 四色可以選擇 ◎包款尺寸:長 28*寬 11*高 24(提包高*10) ◎材質:頭層牛皮 ◎主色:明星黑 / 豆沙粉 / 焦糖 / 湖水綠 ◎功能:手提 / 側背 / 斜背 ◎袋口開闔:拉鍊式開口 ◎袋內:手機袋、口袋、拉鍊袋 ◎袋外:隱藏式口袋 ◎重量:950g 保養方式: ◎清潔:濕布擦拭後請拭乾. ◎保養:皮革類請使用高級皮革保養油、常保持光鮮、弄濕時、請陰乾之(晾乾、風乾)即可. ◎保存所處:避免放在溼氣和陽光直曬的地方、以免破壞包包應有的美麗色澤、防止接觸酸性腐蝕性物品、並請避免接觸油性筆.若是皮革以外的、金屬部份可使用拭銀布擦拭即可. ◎收藏:皮包內塞紙或置入乾燥劑、收藏陰涼通風處. 注意事項 1.如在您購買日起的ㄧ星期內、發現本產品質料有瑕疵時、只要憑著『商品售後服務卡』(每個包包上面會附贈ㄧ張商品售後服務卡)及購買發票和售價卡至原購物地點、無償更換新品! 2.因人為疏忽或未按本公司印製保養標示說明規定內而導致損壞、不在保證範圍內!,無,https://s1.myqr.com.tw/newshop/177/TypeGoods?type2=7910&type1=7911&type0=7914&pageIndex=0&goodId=47873,6331 手把可下垂 寬底 角釘4 雙拉鍊 方形包包 大開口 馬卡龍色系 豆沙粉系列 豆沙粉包包 豆沙粉中大包 豆沙粉大包 豆沙粉手提包 豆沙粉側背包 豆沙粉斜背包 豆沙粉晚宴包 豆沙粉素面包包 豆沙粉素色包包 豆沙粉真皮包包 豆沙粉真皮中大包 豆沙粉真皮大包 豆沙粉真皮手提包 豆沙粉真皮側背包 豆沙粉真皮斜背包 豆沙粉真皮晚宴包 豆沙粉真皮素面包包 豆沙粉真皮素色包包 粉色包包 粉色中大包 粉色大包 粉色手提包 粉色側背包 粉色斜背包 粉色晚宴包 粉色素面包包 粉色素色包包 粉色真皮包包 粉色真皮中大包 粉色真皮大包 粉色真皮手提包 粉色真皮側背包 粉色真皮斜背包 粉色真皮晚宴包 粉色真皮素面包包 粉色真皮素色包包,https://pshop.myqr.com.tw/qrssimage/GoodsImage/74/74928.jpg?4
V81309L-3526,撞色經典不敗百搭托特包-黑色,時尚女性,女用皮包,經典手提包,黑色,3480,0.0,13,華益皮件,商品描述 Ve 經典時尚手提包 ★Ve 獨家發行經典呈現 精選優質牛皮、壓印工藝 擁有自然光澤、保留牛皮的天然紋理和韌性、散發出淡淡的皮革氣味 可手提 / 斜背 / 肩背三用、容量大小適中、貴氣有型 包款全面展現獨特刷色感設計 輕鬆就打造出名個人獨特風采! ★Ve 獨家款式限量發售 共推出黑色 / 米白色 / 杏色 三色可以選擇 ◎包款尺寸:長 25*寬 11*高 16(手提把高:11cm) ◎材質:進口頭層牛皮 ◎主色:黑色 / 米白色 / 杏色 ◎功能:側背 / 手提 / 斜背 ◎袋口開闔:拉鍊式開口 ◎袋內:手機袋、口袋、拉鍊袋 ◎袋外:拉鍊式口袋 ◎重量:350g 保養方式: ◎清潔:濕布擦拭後請拭乾. ◎保養:皮革類請使用高級皮革保養油、常保持光鮮、弄濕時、請陰乾之(晾乾、風乾)即可. ◎保存所處:避免放在溼氣和陽光直曬的地方、以免破壞包包應有的美麗色澤、防止接觸酸性腐蝕性物品、並請避免接觸油性筆.若是皮革以外的、金屬部份可使用拭銀布擦拭即可. ◎收藏:皮包內塞紙或置入乾燥劑、收藏陰涼通風處. 注意事項 1.如在您購買日起的ㄧ星期內、發現本產品質料有瑕疵時、只要憑著『商品售後服務卡』(每個包包上面會附贈ㄧ張商品售後服務卡)及購買發票和售價卡至原購物地點、無償更換新品! 2.因人為疏忽或未按本公司印製保養標示說明規定內而導致損壞、不在保證範圍內!,無,https://s1.myqr.com.tw/newshop/177/TypeGoods?type2=7910&type1=7911&type0=7914&pageIndex=0&goodId=47890,3526 撞色包包 翻蓋包包 磁鐵吸釦 磁鐵吸扣 磁扣吸合 磁釦吸合 角釘4 托特包 橫長方形包包 Color by sides 包包側面顏色 深色系列 暗色系列 黑色包包 黑色中包 黑色中小包 黑色手提包 黑色斜背包 黑色側背包 黑色素面包包 黑色素色包包 黑色休閒包 黑色真皮包包 黑色真皮中包 黑色真皮中小包 黑色真皮手提包 黑色真皮斜背包 黑色真皮側背包 黑色真皮素面包包 黑色真皮素色包包 黑色真皮休閒包  秋天色系  可塞摩托車箱內 Soft bag,https://pshop.myqr.com.tw/qrssimage/GoodsImage/115/115996.jpg?4
V80401D-6020,機車包經典元素名牌包-藍色,時尚女性,女用皮包,經典手提包,藍色,3480,0.0,12,華益皮件,商品描述 ★Ve 獨家發行經典呈現 嚴選頭層牛皮、皮革自然光澤好質感、保留牛皮的天然紋理和韌性、散發出淡淡的皮革氣味. 可手提 / 斜背 / 側背三用、復古機車包元素設計、百搭有型也兼具收納功能 包款有絲巾點綴、時尚又兼具氣質感、展現個人獨特風采 ★Ve 獨家款式限量發售 共推出黑色 / 藍色 / 卡其色 三色可以選擇 ◎包款尺寸:長 25*寬 9.5*高 17(手提把高:9cm) ◎材質:頭層牛皮 ◎主色:黑色 / 藍色 / 卡其色 ◎功能:斜背 / 側背 / 手提 ◎袋口開闔:拉鍊式開口 ◎袋內:手機袋、口袋、拉鍊袋 ◎袋外:拉鍊式口袋 ◎重量:515g 保養方式: ◎清潔:濕布擦拭後請拭乾. ◎保養:皮革類請使用高級皮革保養油、常保持光鮮、弄濕時、請陰乾之(晾乾、風乾)即可. ◎保存所處:避免放在溼氣和陽光直曬的地方、以免破壞包包應有的美麗色澤、防止接觸酸性腐蝕性物品、並請避免接觸油性筆.若是皮革以外的、金屬部份可使用拭銀布擦拭即可. ◎收藏:皮包內塞紙或置入乾燥劑、收藏陰涼通風處. 注意事項 1.如在您購買日起的ㄧ星期內、發現本產品質料有瑕疵時、只要憑著『商品售後服務卡』(每個包包上面會附贈ㄧ張商品售後服務卡)及購買發票和售價卡至原購物地點、無償更換新品! 2.因人為疏忽或未按本公司印製保養標示說明規定內而導致損壞、不在保證範圍內!,無,https://s1.myqr.com.tw/newshop/177/TypeGoods?type2=7910&type1=7911&type0=7914&pageIndex=0&goodId=47624,6020 角釘4 單提把手提 機車包元素 橫圓筒包 流蘇元素 皮革拉環 素面真皮休閒包 莫蘭迪色系 藍色系列 藍色包包 藍色中包 藍色中小包 藍色斜背包 藍色真皮側背包 藍色手提包 藍色真皮手提包 藍色真皮包包 藍色真皮中包 藍色真皮中小包 藍色真皮休閒包 藍色真皮素面包包 藍色真皮素面中包 藍色真皮素面中小包 藍色素色包包 藍色真皮素色中包 藍色真皮素色中小包 可塞摩托車箱內 Soft bag,https://pshop.myqr.com.tw/qrssimage/GoodsImage/118/118582.jpg?87
V54410K-3063,獨家日系花色多夾層-紫色,時尚女性,女用皮包,經典手提包,紫色,2980,0.0,28,華益皮件,商品描述 ☆Ve 輕量設計獨家發行 這款滿版棕櫚葉圖案包款、不僅外觀充滿異國情調和森林氣息的氛圍、還非常輕巧便捷.活潑可愛的配色、無論是在城市穿梭還是戶外踏青、都能讓你時刻保持亮眼. 包款設計非常實用、前面的兩個拉鍊夾層和後面的拉鍊夾層讓你可以輕鬆存取物品.內層設有兩個拉鍊層及兩個小插袋、讓所有隨身小物都能妥善歸位.這款包不僅是外出逛街的好夥伴、還特別適合機車通勤.包款輕便又不占空間、放進機車車箱也毫無壓力、讓你的更加輕鬆便利. ☆Ve 獨家款式限量發售 共推出粉色 / 淺藍 / 紫色 三色可以選擇 ◎包款尺寸(cm):長 25&times;寬 10&times;高 18.5 ◎材質:頭層牛皮 / 防水布 ◎主色:粉色 / 淺藍 / 紫色 ◎功能:側背 / 斜背 ◎袋口開闔:拉鍊式 ◎袋內:內拉鍊&times;2 小物插袋&times;2 ◎袋外:背面拉鍊&times;1 前面拉鍊&times;2 ◎重量(g):346g ※保養方式: ◎清潔:濕布擦拭後請拭乾. ◎保養:皮革類請使用高級皮革保養油、常保持光鮮、弄濕時、請陰乾之(晾乾、風乾)即可. ◎保存所處:避免放在溼氣和陽光直曬的地方、以免破壞包包應有的美麗色澤、防止接觸酸性腐蝕性物品、並請避免接觸油性筆.若是皮革以外的、金屬部份可使用拭銀布擦拭即可. ◎收藏:皮包內塞紙或置入乾燥劑、收藏陰涼通風處. 注意事項 1.如在您購買日起的ㄧ星期內、發現本產品質料有瑕疵時、只要憑著『商品售後服務卡』(每個包包上面會附贈ㄧ張商品售後服務卡)及購買發票和售價卡至原購物地點、無償更換新品! 2.因人為疏忽或未按本公司印製保養標示說明規定內而導致損壞、不在保證範圍內!,無,https://s1.myqr.com.tw/newshop/177/TypeGoods?type2=7910&type1=7911&type0=7914&pageIndex=0&goodId=47870,3063 樹葉圖案 棕櫚葉圖案 滿版圖案 直接斜背 三夾層 機車置物箱 春天氣息 夏天氣息 異國風情 森林氛圍 馬卡龍色系 紫色色系 紫色包包 紫色中小包 紫色中包 紫色斜背包 紫色側背包 紫色休閒包 紫色帆布包包 紫色帆布中小包 紫色帆布中包 紫色帆布斜背包 紫色帆布側背包 紫色帆布休閒包,https://pshop.myqr.com.tw/qrssimage/GoodsImage/126/126486.jpg?23
V57402M-9630,獨家撞色柔軟手感小方包-綠色,時尚女性,女用皮包,經典手提包,綠色,2980,0.0,17,華益皮件,商品描述 ★Ve 獨家發行經典呈現 精選優質頂級牛皮、頂級質感、擁有自然光澤、保留牛皮的天然紋理和韌性、散發出淡淡的皮革氣味 可斜背 / 側背 / 手提三用、容量大小適中、素面簡約風格設計、展現個人獨特魅力. ★Ve 獨家款式限量發售 共推出土黃色 / 藍色 / 綠 三色可以選擇 ◎包款尺寸:長 25.5*寬 9.5*高 15(手提把高:10cm) ◎材質:頭層牛皮 ◎主色:土黃色 / 藍色 / 綠色 ◎功能:斜背 / 側背 / 手提 ◎袋口開闔:拉鍊式開口 ◎袋內:手機袋、口袋、拉鍊袋 ◎袋外:拉鍊式口袋 ◎重量:385g 保養方式: ◎清潔:濕布擦拭後請拭乾. ◎保養:皮革類請使用高級皮革保養油、常保持光鮮、弄濕時、請陰乾之(晾乾、風乾)即可. ◎保存所處:避免放在溼氣和陽光直曬的地方、以免破壞包包應有的美麗色澤、防止接觸酸性腐蝕性物品、並請避免接觸油性筆.若是皮革以外的、金屬部份可使用拭銀布擦拭即可. ◎收藏:皮包內塞紙或置入乾燥劑、收藏陰涼通風處. 注意事項 1.如在您購買日起的ㄧ星期內、發現本產品質料有瑕疵時、只要憑著『商品售後服務卡』(每個包包上面會附贈ㄧ張商品售後服務卡)及購買發票和售價卡至原購物地點、無償更換新品! 2.因人為疏忽或未按本公司印製保養標示說明規定內而導致損壞、不在保證範圍內!,無,https://s1.myqr.com.tw/newshop/177/TypeGoods?type2=7910&type1=7911&type0=7914&pageIndex=0&goodId=47899,9630 寬底 角釘4 單提把手提 皮革拉環 橫方形圓筒包包 橫長方形包包 橫圓筒包包 撞色包包 橫方形圓筒包包 真皮休閒包包 莫蘭迪色系 綠色系列 綠色包包 綠色小包 綠色斜背包 綠色手提包 綠色真皮手提包 綠色真皮包包 綠色真皮小包 綠色真皮休閒包 手把可活動 綠色素面真皮小包 綠色素面真皮休閒包  可塞摩托車箱內 Soft bag,https://pshop.myqr.com.tw/qrssimage/GoodsImage/118/118521.jpg?23
V55209M-3267,韓版大開口壓印相機包-淺杏色,時尚女性,女用皮包,經典手提包,淺杏色,2980,0.0,13,華益皮件,商品描述 ★Ve 獨家發行經典呈現 精選優質頂級牛皮、頂級質感、擁有自然光澤、保留牛皮的天然紋理和韌性、散發出淡淡的皮革氣味 可斜背 / 側背 / 手提三用、容量大小適中、素面簡約風格設計、展現個人獨特魅力. ★Ve 獨家款式限量發售 共推出抹茶色 / 明星黑 / 藕粉色 / 淺杏色 四色可以選擇 ◎包款尺寸:長 24*寬 11.5*高 17(手提把高:8cm) ◎材質:進口頭層牛皮 ◎主色:抹茶色 / 明星黑 / 藕粉色 / 淺杏色 ◎功能:手提 / 側背 / 斜背 ◎袋口開闔:拉鍊式開口 ◎袋內:手機袋、口袋、拉鍊袋 ◎袋外:拉鍊式口袋 ◎重量:433g 保養方式: ◎清潔:濕布擦拭後請拭乾. ◎保養:皮革類請使用高級皮革保養油、常保持光鮮、弄濕時、請陰乾之(晾乾、風乾)即可. ◎保存所處:避免放在溼氣和陽光直曬的地方、以免破壞包包應有的美麗色澤、防止接觸酸性腐蝕性物品、並請避免接觸油性筆.若是皮革以外的、金屬部份可使用拭銀布擦拭即可. ◎收藏:皮包內塞紙或置入乾燥劑、收藏陰涼通風處. 注意事項 1.如在您購買日起的ㄧ星期內、發現本產品質料有瑕疵時、只要憑著『商品售後服務卡』(每個包包上面會附贈ㄧ張商品售後服務卡)及購買發票和售價卡至原購物地點、無償更換新品! 2.因人為疏忽或未按本公司印製保養標示說明規定內而導致損壞、不在保證範圍內!,無,https://s1.myqr.com.tw/newshop/177/TypeGoods?type2=7910&type1=7911&type0=7914&pageIndex=0&goodId=47876,3267 單提把 雙拉鍊 寬底 側邊水壺 兩條袋 織帶背帶 相機包造型 便當袋造型 U型拉鍊 土壤色系列 馬卡龍色系列 淺色系列 淺杏色系列 淺杏色包包 淺杏色中小包 淺杏色小包 淺杏色手提包 淺杏色側背包 淺杏色斜背包 淺杏色素面包包 淺杏色素色包包 淺杏色真皮包包 淺杏色真皮中小包 淺杏色真皮小包 淺杏色真皮手提包 淺杏色真皮側背包 淺杏色真皮斜背包 淺杏色真皮素面包包 淺杏色真皮素色包包 卡其色系列 卡其色包包 卡其色中小包 卡其色小包 卡其色手提包 卡其色側背包 卡其色斜背包 卡其色素面包包 卡其色素色包包 卡其色真皮包包 卡其色真皮中小包 卡其色真皮小包 卡其色真皮手提包 卡其色真皮側背包 卡其色真皮斜背包 卡其色真皮素面包包 卡其色真皮素色包包,https://pshop.myqr.com.tw/qrssimage/GoodsImage/94/94574.jpg?59
V80307W-9035,雙皮條前扣式波士頓包-藍色,時尚女性,女用皮包,經典手提包,藍色,3480,0.0,13,華益皮件,商品描述 ★Ve 獨家發行經典呈現 精選優質頂級牛皮、頂級質感、擁有自然光澤、保留牛皮的天然紋理和韌性、散發出淡淡的皮革氣味 可斜背 / 側背 / 手提三用、容量大小適中、素面簡約風格設計、展現個人獨特魅力. ★Ve 獨家款式限量發售 共推出藍色 / 黑色 / 綠色 / 粉色 ◎包款尺寸:長 25*寬 8*高 17.5 ◎材質:頭層牛皮 ◎主色:藍色 / 黑色 / 綠色 / 粉色 ◎功能:手提 / 側背 / 斜背 ◎袋口開闔:拉鍊式開口 ◎袋內:手機袋、口袋、拉鍊袋 ◎袋外:拉鍊式口袋 ◎重量:481g 保養方式: ◎清潔:濕布擦拭後請拭乾. ◎保養:皮革類請使用高級皮革保養油、常保持光鮮、弄濕時、請陰乾之(晾乾、風乾)即可. ◎保存所處:避免放在溼氣和陽光直曬的地方、以免破壞包包應有的美麗色澤、防止接觸酸性腐蝕性物品、並請避免接觸油性筆.若是皮革以外的、金屬部份可使用拭銀布擦拭即可. ◎收藏:皮包內塞紙或置入乾燥劑、收藏陰涼通風處. 注意事項 1.如在您購買日起的ㄧ星期內、發現本產品質料有瑕疵時、只要憑著『商品售後服務卡』(每個包包上面會附贈ㄧ張商品售後服務卡)及購買發票和售價卡至原購物地點、無償更換新品! 2.因人為疏忽或未按本公司印製保養標示說明規定內而導致損壞、不在保證範圍內!,無,https://s1.myqr.com.tw/newshop/177/TypeGoods?type2=7910&type1=7911&type0=7914&pageIndex=0&goodId=47887,9035 織帶背帶 兩條帶 素面 皮革扣環 挺包 橫圓筒包 藍色包包 藍色小包 藍色中小包 藍色手提包 藍色側背包 藍色斜背包 藍色素色包包 藍色素面包包 藍色真皮包包 藍色真皮小包 藍色真皮中小包 藍色真皮手提包 藍色真皮側背包 藍色真皮斜背包 藍色真皮素色包包 藍色真皮素面包包,https://pshop.myqr.com.tw/qrssimage/GoodsImage/107/107370.jpg?59
V50211R-2793,彎月日系絲巾手提包-亞麻藍,時尚女性,女用皮包,經典手提包,亞麻藍,2980,0.0,13,華益皮件,商品描述 ★Ve 輕量設計獨家發行 精選優質牛皮、壓印工藝 擁有自然光澤、保留牛皮的天然紋理和韌性、散發出淡淡的皮革氣味 可手提 / 斜背 / 肩背三用、容量大小適中、貴氣有型 包款全面展現獨特刷色感設計 輕鬆就打造出名個人獨特風采! 共推出明星黑 / 粉綠 / 亞麻藍 / 橙色 四色可以選擇 ◎包款尺寸:長 17*寬 13*高 17*(手提把高:14cm) ◎材質:頭層牛皮 ◎主色:明星黑 / 淺綠 / 亞麻藍 / 橙色 ◎功能:側背 / 斜背 / 手提 ◎袋口開闔:拉鍊式開口 ◎袋內:手機袋、口袋、拉鍊袋 ◎袋外:隱藏式口袋 ◎重量:371g 保養方式: ◎清潔:濕布擦拭後請拭乾. ◎保養:皮革類請使用高級皮革保養油、常保持光鮮、弄濕時、請陰乾之(晾乾、風乾)即可. ◎保存所處:避免放在溼氣和陽光直曬的地方、以免破壞包包應有的美麗色澤、防止接觸酸性腐蝕性物品、並請避免接觸油性筆.若是皮革以外的、金屬部份可使用拭銀布擦拭即可. ◎收藏:皮包內塞紙或置入乾燥劑、收藏陰涼通風處. 注意事項 1.如在您購買日起的ㄧ星期內、發現本產品質料有瑕疵時、只要憑著『商品售後服務卡』(每個包包上面會附贈ㄧ張商品售後服務卡)及購買發票和售價卡至原購物地點、無償更換新品! 2.因人為疏忽或未按本公司印製保養標示說明規定內而導致損壞、不在保證範圍內!,無,https://s1.myqr.com.tw/newshop/177/TypeGoods?type2=7910&type1=7911&type0=7914&pageIndex=0&goodId=47877,2793 金屬裝飾 便當袋造型 絲巾包 雙拉鍊 兩條帶 織帶背 皮革拉環 淺色系列 馬卡龍色系 莫蘭迪色系 亞麻藍系列 亞麻藍包包 亞麻藍小包 亞麻藍CR小包 亞麻藍手提包 亞麻藍側背包 亞麻藍斜背包 亞麻藍晚宴包 亞麻藍素面包包 亞麻藍素色包包 亞麻藍真皮包包 亞麻藍真皮小包 亞麻藍真皮CR小包 亞麻藍真皮手提包 亞麻藍真皮側背包 亞麻藍真皮斜背包 亞麻藍真皮晚宴包 亞麻藍素真皮面包包 亞麻藍真皮素色包包 藍色包包 藍色小包 藍色CR小包 藍色手提包 藍色側背包 藍色斜背包 藍色晚宴包 藍色素面包包 藍色素色包包 藍色真皮包包 藍色真皮小包 藍色真皮CR小包 藍色真皮手提包 藍色真皮側背包 藍色真皮斜背包 藍色真皮晚宴包 藍色素真皮面包包 藍色真皮素色包包,https://pshop.myqr.com.tw/qrssimage/GoodsImage/96/96870.jpg?42
V53307D-1049,(II)手工車線菱格造型小方包-藕粉色,時尚女性,女用皮包,經典側/斜背包,藕粉色,2980,0.0,11,華益皮件,商品描述 ☆Ve 獨家發行經典呈現 精選優質牛皮、壓印工藝 擁有自然光澤、保留牛皮的天然紋理和韌性、散發出淡淡的皮革氣味 可斜背 / 側背兩用、容量大小適中、時尚有型 包款全面展現獨特刷色感設計 輕鬆就打造出名個人獨特風采! ☆Ve 獨家款式限量發售 共推出黑色 / 藕粉色 / 奶酪色 / 豆青色四色 可以選擇 ◎包款尺寸:長 24*寬 6.5*高 15.5 ◎材質:頭層牛皮 ◎主色:黑色 / 藕粉色 / 奶酪色 / 豆青色 ◎功能:側背 / 斜背 ◎袋口開闔:拉鍊式開口 ◎袋內:手機袋、口袋、拉鍊袋 ◎袋外:拉鍊式口袋 ◎重量:294g 保養方式: ◎清潔:濕布擦拭後請拭乾. ◎保養:皮革類請使用高級皮革保養油、常保持光鮮、弄濕時、請陰乾之(晾乾、風乾)即可. ◎保存所處:避免放在溼氣和陽光直曬的地方、以免破壞包包應有的美麗色澤、防止接觸酸性腐蝕性物品、並請避免接觸油性筆.若是皮革以外的、金屬部份可使用拭銀布擦拭即可. ◎收藏:皮包內塞紙或置入乾燥劑、收藏陰涼通風處. 注意事項 1.如在您購買日起的ㄧ星期內、發現本產品質料有瑕疵時、只要憑著『商品售後服務卡』(每個包包上面會附贈ㄧ張商品售後服務卡)及購買發票和售價卡至原購物地點、無償更換新品! 2.因人為疏忽或未按本公司印製保養標示說明規定內而導致損壞、不在保證範圍內!,無,https://s1.myqr.com.tw/newshop/177/TypeGoods?type2=7910&type1=7911&type0=7915&pageIndex=0&goodId=47912,1049 手拎包包 小香風包包  橫圓桶包包 菱格紋車線 鍊條 三夾層 真皮晚宴包 真皮淑女包 真皮側背包 真皮斜背包 藕粉色包包 藕粉色中包 藕粉色真皮中包 藕粉色系列 藕粉色斜背包 藕粉色肩背包 藕粉色晚宴包 藕粉色真皮包 藕粉色真皮晚宴包 藕粉色真皮斜背包 藕粉色真皮側背包 馬卡龍色系,https://pshop.myqr.com.tw/qrssimage/GoodsImage/106/106023.jpg?14
V50310G-2125,小巧多夾層輕巧斜背包-淺藍色,時尚女性,女用皮包,經典側/斜背包,淺藍色,2980,0.0,13,華益皮件,商品描述 ☆Ve 獨家發行經典呈現 精選優質頂級牛皮、頂級質感、擁有自然光澤、保留牛皮的天然紋理和韌性、散發出淡淡的皮革氣味 可斜背 / 側背兩用、容量大小適中、素面簡約風格設計、展現個人獨特魅力. ☆Ve 獨家款式限量發售 共推出淺藍色 / 黑色 / 磚紅色 / 黃色 / 淺灰色 五色可以選擇 ◎包款尺寸:長 15*寬 10.5*高 17 ◎材質:進口頭層牛皮 ◎主色:淺藍色 / 黑色 / 磚紅色 / 黃色 / 淺灰色 ◎功能:側背 / 斜背 ◎袋口開闔:拉鍊式開口 ◎袋內:手機袋、口袋、拉鍊袋 ◎袋外:拉鍊式口袋 ◎重量:325g 保養方式: ◎清潔:濕布擦拭後請拭乾. ◎保養:皮革類請使用高級皮革保養油、常保持光鮮、弄濕時、請陰乾之(晾乾、風乾)即可. ◎保存所處:避免放在溼氣和陽光直曬的地方、以免破壞包包應有的美麗色澤、防止接觸酸性腐蝕性物品、並請避免接觸油性筆.若是皮革以外的、金屬部份可使用拭銀布擦拭即可. ◎收藏:皮包內塞紙或置入乾燥劑、收藏陰涼通風處. 注意事項 1.如在您購買日起的ㄧ星期內、發現本產品質料有瑕疵時、只要憑著『商品售後服務卡』(每個包包上面會附贈ㄧ張商品售後服務卡)及購買發票和售價卡至原購物地點、無償更換新品! 2.因人為疏忽或未按本公司印製保養標示說明規定內而導致損壞、不在保證範圍內!,無,https://s1.myqr.com.tw/newshop/177/TypeGoods?type2=7910&type1=7911&type0=7915&pageIndex=0&goodId=47916,2125 三夾層 兩條帶 織帶背帶 素面包包 多夾層包包 出遊小包 輕巧小包 淺藍色系列 淺藍色包包 淺藍色小包 淺藍色斜背包 淺藍色側背包 淺藍色中包 淺藍色真皮包包 淺藍色休閒包 淺藍色真皮小包 淺藍色真皮包 淺藍色真皮斜背包 淺藍色真皮休閒包 淺藍色真皮側背包 淺色系列 真皮休閒小包包 馬卡龍色系,https://pshop.myqr.com.tw/qrssimage/GoodsImage/115/115957.jpg?97
V55401L-3580,手工切割流蘇裙擺休閒包-黃色,時尚女性,女用皮包,經典側/斜背包,黃色,2980,0.0,18,華益皮件,商品描述 ☆Ve 獨家發行經典呈現 精選優質頭層牛皮、頂級質感展現出自然光澤、保留牛皮的天然紋理和韌性、散發出淡淡的皮革氣味. 可斜背 / 側背兩用、容量大小適中、復古簡約的流蘇風格設計、展現個人獨特魅力. ☆Ve 獨家款式限量發售 共推出黑色 / 黃色 / 綠色 / 杏色 四色可以選擇 ◎包款尺寸:長 28*寬 6*高 15.5 ◎材質:頭層牛皮 ◎主色:黑色 / 黃色 / 綠色 / 杏色 ◎功能:側背 / 斜背 / 手提 ◎袋口開闔:拉鍊式開口 ◎袋內:手機袋、口袋、拉鍊袋 ◎袋外:拉鍊式口袋 ◎重量:276g 保養方式: ◎清潔:濕布擦拭後請拭乾. ◎保養:皮革類請使用高級皮革保養油、常保持光鮮、弄濕時、請陰乾之(晾乾、風乾)即可. ◎保存所處:避免放在溼氣和陽光直曬的地方、以免破壞包包應有的美麗色澤、防止接觸酸性腐蝕性物品、並請避免接觸油性筆.若是皮革以外的、金屬部份可使用拭銀布擦拭即可. ◎收藏:皮包內塞紙或置入乾燥劑、收藏陰涼通風處. 注意事項 1.如在您購買日起的ㄧ星期內、發現本產品質料有瑕疵時、只要憑著『商品售後服務卡』(每個包包上面會附贈ㄧ張商品售後服務卡)及購買發票和售價卡至原購物地點、無償更換新品! 2.因人為疏忽或未按本公司印製保養標示說明規定內而導致損壞、不在保證範圍內!,無,https://s1.myqr.com.tw/newshop/177/TypeGoods?type2=7910&type1=7911&type0=7915&pageIndex=0&goodId=47932,3580 彎月 流蘇 水餃 彎月包 流蘇包 兩條帶 肩背 斜背 側背 氣質 真皮 真皮斜背 真皮側背 真皮斜背包 真皮側背包 真皮手提 淑女 真皮淑女 休閒 真皮休閒 斜背包 側背包 手提包,https://pshop.myqr.com.tw/qrssimage/GoodsImage/118/118554.jpg?97
V85401L-3575,手工抓皺前扣式肩背包-黃色,時尚女性,女用皮包,經典側/斜背包,黃色,3480,0.0,23,華益皮件,商品描述 ☆Ve 獨家發行經典呈現 精選優質頂級牛皮、頂級質感、擁有自然光澤、保留牛皮的天然紋理和韌性、散發出淡淡的皮革氣味 可斜背 / 側背兩用、容量大小適中、素面簡約風格設計、展現個人獨特魅力. ☆Ve 獨家款式限量發售 共推出粉色 / 黃色 / 黑色 / 杏色 四色可以選擇 ◎包款尺寸:長 25.5*寬 8.5*高 16 ◎材質:頭層牛皮 ◎主色:粉色 / 黃色 / 黑色 / 杏色 ◎功能:側背 / 斜背 ◎袋口開闔:拉鍊式開口 ◎袋內:手機袋、口袋、拉鍊袋 ◎袋外:拉鍊式口袋 ◎重量:359g 保養方式: ◎清潔:濕布擦拭後請拭乾. ◎保養:皮革類請使用高級皮革保養油、常保持光鮮、弄濕時、請陰乾之(晾乾、風乾)即可. ◎保存所處:避免放在溼氣和陽光直曬的地方、以免破壞包包應有的美麗色澤、防止接觸酸性腐蝕性物品、並請避免接觸油性筆.若是皮革以外的、金屬部份可使用拭銀布擦拭即可. ◎收藏:皮包內塞紙或置入乾燥劑、收藏陰涼通風處. 注意事項 1.如在您購買日起的ㄧ星期內、發現本產品質料有瑕疵時、只要憑著『商品售後服務卡』(每個包包上面會附贈ㄧ張商品售後服務卡)及購買發票和售價卡至原購物地點、無償更換新品! 2.因人為疏忽或未按本公司印製保養標示說明規定內而導致損壞、不在保證範圍內!,無,https://s1.myqr.com.tw/newshop/177/TypeGoods?type2=7910&type1=7911&type0=7915&pageIndex=0&goodId=47930,3575 抓皺 金屬轉扣 抓皺包 側背 斜背 角釘4 真皮 真皮斜背 真皮側背 真皮斜背包 真皮側背包 休閒 真皮休閒 斜背包 側背包 淑女 真皮淑女,https://pshop.myqr.com.tw/qrssimage/GoodsImage/118/118592.jpg?34
V87310W-9006,手工壓印鬆餅格小香風格包-湖水綠,時尚女性,女用皮包,經典側/斜背包,湖水綠,3480,0.0,9,華益皮件,商品描述 ☆Ve 獨家發行經典呈現 精選優質頂級牛皮、頂級質感、擁有自然光澤、保留牛皮的天然紋理和韌性、散發出淡淡的皮革氣味 可斜背 / 側背兩用、容量大小適中、素面簡約風格設計、展現個人獨特魅力. ☆Ve 獨家款式限量發售 共推出粉色 / 黑色 / 白色 / 湖水綠 四色可以選擇 ◎包款尺寸:長 23.5*寬 7.5*高 13.5 ◎材質:進口頭層牛皮 ◎主色:粉色 / 黑色 / 白色 / 湖水綠 ◎功能:側背 / 斜背 ◎袋口開闔:拉鍊式開口 ◎袋內:手機袋、口袋、拉鍊袋 ◎袋外:拉鍊式口袋 ◎重量:531g 保養方式: ◎清潔:濕布擦拭後請拭乾. ◎保養:皮革類請使用高級皮革保養油、常保持光鮮、弄濕時、請陰乾之(晾乾、風乾)即可. ◎保存所處:避免放在溼氣和陽光直曬的地方、以免破壞包包應有的美麗色澤、防止接觸酸性腐蝕性物品、並請避免接觸油性筆.若是皮革以外的、金屬部份可使用拭銀布擦拭即可. ◎收藏:皮包內塞紙或置入乾燥劑、收藏陰涼通風處. 注意事項 1.如在您購買日起的ㄧ星期內、發現本產品質料有瑕疵時、只要憑著『商品售後服務卡』(每個包包上面會附贈ㄧ張商品售後服務卡)及購買發票和售價卡至原購物地點、無償更換新品! 2.因人為疏忽或未按本公司印製保養標示說明規定內而導致損壞、不在保證範圍內!,無,https://s1.myqr.com.tw/newshop/177/TypeGoods?type2=7910&type1=7911&type0=7915&pageIndex=0&goodId=47636,9006 小香風 經典 復古 氣質 手提 格紋 車線 小香 小包 約會 大開口 翻蓋 側背 斜背 寬底 金屬轉扣 真皮 真皮斜背 真皮側背  淑女 真皮淑女 斜背包 側背包 晚宴 真皮晚宴,https://pshop.myqr.com.tw/qrssimage/GoodsImage/116/116437.jpg?34
V59310E-8500,日系百搭素雅蓋頭休閒包-淺灰色,時尚女性,女用皮包,經典側/斜背包,淺灰色,2980,0.0,6,華益皮件,商品描述 ☆Ve 獨家發行經典呈現 精選優質頂級牛皮、頂級質感、擁有自然光澤、保留牛皮的天然紋理和韌性、散發出淡淡的皮革氣味 可斜背 / 側背兩用、容量大小適中、素面簡約風格設計、展現個人獨特魅力. ☆Ve 獨家款式限量發售 共推出藍色 / 黑色 / 磚紅色 / 黃色 / 淺灰色 五色可以選擇 ◎包款尺寸:長 23.5*寬 8*高 15 ◎材質:進口頭層牛皮 ◎主色:藍色 / 黑色 / 磚紅色 / 黃色 / 淺灰色 ◎功能:側背 / 斜背 ◎袋口開闔:拉鍊式開口 ◎袋內:手機袋、口袋、拉鍊袋 ◎袋外:拉鍊式口袋 ◎重量:299g 保養方式: ◎清潔:濕布擦拭後請拭乾. ◎保養:皮革類請使用高級皮革保養油、常保持光鮮、弄濕時、請陰乾之(晾乾、風乾)即可. ◎保存所處:避免放在溼氣和陽光直曬的地方、以免破壞包包應有的美麗色澤、防止接觸酸性腐蝕性物品、並請避免接觸油性筆.若是皮革以外的、金屬部份可使用拭銀布擦拭即可. ◎收藏:皮包內塞紙或置入乾燥劑、收藏陰涼通風處. 注意事項 1.如在您購買日起的ㄧ星期內、發現本產品質料有瑕疵時、只要憑著『商品售後服務卡』(每個包包上面會附贈ㄧ張商品售後服務卡)及購買發票和售價卡至原購物地點、無償更換新品! 2.因人為疏忽或未按本公司印製保養標示說明規定內而導致損壞、不在保證範圍內!,無,https://s1.myqr.com.tw/newshop/177/TypeGoods?type2=7910&type1=7911&type0=7915&pageIndex=0&goodId=47920,8500 素色包包 馬鞍包 真皮斜背包 真皮側背包 真皮休閒包 真皮小包 淺灰色系列 淺灰色包包 淺灰色小包 淺灰色斜背包 淺灰色側背包 淺灰色休閒包包 淺灰色真皮包包 淺灰色真皮小包 出遊包包 出遊小包包 韓國百搭小包 韓版百搭小包 真皮休閒小包包 真皮半月小包包 淺色系列 莫蘭迪色系 灰白色包包 灰色包包,https://pshop.myqr.com.tw/qrssimage/GoodsImage/116/116722.jpg?18
V80312H-5540,日系前品牌點綴素雅小方包-藍色,時尚女性,女用皮包,經典側/斜背包,藍色,3480,0.0,10,華益皮件,商品描述 ☆Ve 獨家發行經典呈現 精選優質牛皮、壓印工藝 擁有自然光澤、保留牛皮的天然紋理和韌性、散發出淡淡的皮革氣味 可斜背 / 側背兩用、容量大小適中、貴氣有型 包款全面展現獨特刷色感設計 輕鬆就打造出名個人獨特風采 ☆Ve 獨家款式限量發售 共推出藍色 / 杏色 / 黃色 / 灰白 四色可以選擇 ◎包款尺寸:長 28*寬 11*高 19.5 ◎材質:頭層牛皮 ◎主色:藍色 / 杏色 / 黃色 / 灰白 ◎功能:側背 / 斜背 ◎袋口開闔:拉鍊式開口 ◎袋內:手機袋、口袋、拉鍊袋 ◎袋外:拉鍊式口袋 ◎重量:420g 保養方式: ◎清潔:濕布擦拭後請拭乾. ◎保養:皮革類請使用高級皮革保養油、常保持光鮮、弄濕時、請陰乾之(晾乾、風乾)即可. ◎保存所處:避免放在溼氣和陽光直曬的地方、以免破壞包包應有的美麗色澤、防止接觸酸性腐蝕性物品、並請避免接觸油性筆.若是皮革以外的、金屬部份可使用拭銀布擦拭即可. ◎收藏:皮包內塞紙或置入乾燥劑、收藏陰涼通風處. 注意事項 1.如在您購買日起的ㄧ星期內、發現本產品質料有瑕疵時、只要憑著『商品售後服務卡』(每個包包上面會附贈ㄧ張商品售後服務卡)及購買發票和售價卡至原購物地點、無償更換新品! 2.因人為疏忽或未按本公司印製保養標示說明規定內而導致損壞、不在保證範圍內!,無,https://s1.myqr.com.tw/newshop/177/TypeGoods?type2=7910&type1=7911&type0=7915&pageIndex=0&goodId=47923,5540 寬底 挺包 側背 斜背 肩背 素面 皮革拉環 雙拉環 長方形 復古 公事包 素色 真皮素色 真皮 真皮斜背 真皮側背 真皮斜背包 真皮側背包 休閒 真皮休閒 斜背包 側背包,https://pshop.myqr.com.tw/qrssimage/GoodsImage/116/116174.jpg?18
V50310E-8387,日系風格素雅百搭水餃包-牛仔藍,時尚女性,女用皮包,經典側/斜背包,牛仔藍,2980,0.0,13,華益皮件,商品描述 ☆Ve 獨家發行經典呈現 精選優質頂級牛皮、頂級質感、擁有自然光澤、保留牛皮的天然紋理和韌性、散發出淡淡的皮革氣味 可斜背 / 側背兩用、容量大小適中、素面簡約風格設計、展現個人獨特魅力. ☆Ve 獨家款式限量發售 共推出牛仔藍 / 磚紅色 / 黃色 / 抹茶色 四色可以選擇 ◎包款尺寸:長 27*寬 9.5*高 16 ◎材質:進口頭層牛皮 ◎主色:牛仔藍 / 磚紅色 / 黃色 / 抹茶色 ◎功能:側背 / 斜背 ◎袋口開闔:拉鍊式開口 ◎袋內:手機袋、口袋、拉鍊袋 ◎袋外:拉鍊式口袋 ◎重量:282g 保養方式: ◎清潔:濕布擦拭後請拭乾. ◎保養:皮革類請使用高級皮革保養油、常保持光鮮、弄濕時、請陰乾之(晾乾、風乾)即可. ◎保存所處:避免放在溼氣和陽光直曬的地方、以免破壞包包應有的美麗色澤、防止接觸酸性腐蝕性物品、並請避免接觸油性筆.若是皮革以外的、金屬部份可使用拭銀布擦拭即可. ◎收藏:皮包內塞紙或置入乾燥劑、收藏陰涼通風處. 注意事項 1.如在您購買日起的ㄧ星期內、發現本產品質料有瑕疵時、只要憑著『商品售後服務卡』(每個包包上面會附贈ㄧ張商品售後服務卡)及購買發票和售價卡至原購物地點、無償更換新品! 2.因人為疏忽或未按本公司印製保養標示說明規定內而導致損壞、不在保證範圍內!,無,https://s1.myqr.com.tw/newshop/177/TypeGoods?type2=7910&type1=7911&type0=7915&pageIndex=0&goodId=47918,8387 兩條帶 織帶背帶 編織背帶 大開口 寬底 素色包包 真皮水餃包 真皮半月包 真皮斜背包 真皮側背包 真皮淑女包 真皮休閒包 真皮素色 牛仔藍色系列 牛仔藍色包包 牛仔藍色中包 牛仔藍色肩背包 牛仔藍色斜背包 牛仔藍色真皮包包 牛仔藍色真皮肩背包 牛仔藍色真皮斜背包 牛仔藍系列 牛仔藍包包 牛仔藍中包 牛仔藍肩背包 牛仔藍斜背包 牛仔藍真皮包包 牛仔藍真皮肩背包 牛仔藍真皮斜背包,https://pshop.myqr.com.tw/qrssimage/GoodsImage/115/115911.jpg?53
V83307H-6701,日系素雅絲巾點綴包中包-粉色,時尚女性,女用皮包,經典側/斜背包,粉色,3480,0.0,12,華益皮件,商品描述 Ve 經典時尚肩背包 ☆Ve 獨家發行經典呈現 精選優質牛皮、壓印工藝 擁有自然光澤、保留牛皮的天然紋理和韌性、散發出淡淡的皮革氣味. 可斜背 / 肩背兩用、容量大小適中、子母包款設計使用超方便 雙提把特殊設計兼具時尚感、輕鬆就打造出名個人獨特風采! ☆Ve 獨家款式限量發售 共推出粉色 / 藍色 / 杏色 / 豆青色 四色可以選擇 ◎包款尺寸:長 28*寬 9*高 23(手提把高:30cm) ◎材質:進口頭層牛皮 ◎主色:粉色 / 藍色 / 杏色 / 豆青色 ◎功能:側背 / 斜背 ◎袋口開闔:拉鍊式開口 ◎袋內:手機袋、口袋、拉鍊袋 ◎袋外:拉鍊式口袋 ◎重量:682g 保養方式: ◎清潔:濕布擦拭後請拭乾. ◎保養:皮革類請使用高級皮革保養油、常保持光鮮、弄濕時、請陰乾之(晾乾、風乾)即可. ◎保存所處:避免放在溼氣和陽光直曬的地方、以免破壞包包應有的美麗色澤、防止接觸酸性腐蝕性物品、並請避免接觸油性筆.若是皮革以外的、金屬部份可使用拭銀布擦拭即可. ◎收藏:皮包內塞紙或置入乾燥劑、收藏陰涼通風處. 注意事項 1.如在您購買日起的ㄧ星期內、發現本產品質料有瑕疵時、只要憑著『商品售後服務卡』(每個包包上面會附贈ㄧ張商品售後服務卡)及購買發票和售價卡至原購物地點、無償更換新品! 2.因人為疏忽或未按本公司印製保養標示說明規定內而導致損壞、不在保證範圍內!,無,https://s1.myqr.com.tw/newshop/177/TypeGoods?type2=7910&type1=7911&type0=7915&pageIndex=0&goodId=47638,6701 絲巾 織帶背帶 兩條帶 肩背 挺包 子母包 寬底 素面 磁鐵吸釦 磁鐵吸扣 磁扣吸合 磁釦吸合 斜背 素色 真皮素面 真皮素色 真皮 真皮斜背 真皮側背 淑女 真皮淑女 休閒 真皮休閒 斜背包 側背包,https://pshop.myqr.com.tw/qrssimage/GoodsImage/107/107360.jpg?53
V50306M-2207,皮條撞色多夾層小方包-藍色,時尚女性,女用皮包,經典側/斜背包,藍色,2980,0.0,10,華益皮件,商品描述 ☆Ve 獨家發行經典呈現 精選優質牛皮、壓印工藝 擁有自然光澤、保留牛皮的天然紋理和韌性、散發出淡淡的皮革氣味. 可側背 / 肩背兩用、容量大小適中、時尚有型 包款全面展現獨特刷色感設計 輕鬆就打造出名個人獨特風采! ☆Ve 獨家款式限量發售 共推出粉色 / 卡其 / 藍色 / 奶茶 四色可以選擇 ◎包款尺寸:長 21*寬 10*高 14 ◎材質:頭層牛皮 ◎主色:粉色 / 卡其 / 藍色 / 奶茶 ◎功能:側背 / 斜背 ◎袋口開闔:拉鍊式開口 ◎袋內:手機袋、口袋、拉鍊袋 ◎袋外:拉鍊式口袋 ◎重量:339g 保養方式: ◎清潔:濕布擦拭後請拭乾. ◎保養:皮革類請使用高級皮革保養油、常保持光鮮、弄濕時、請陰乾之(晾乾、風乾)即可. ◎保存所處:避免放在溼氣和陽光直曬的地方、以免破壞包包應有的美麗色澤、防止接觸酸性腐蝕性物品、並請避免接觸油性筆.若是皮革以外的、金屬部份可使用拭銀布擦拭即可. ◎收藏:皮包內塞紙或置入乾燥劑、收藏陰涼通風處. 注意事項 1.如在您購買日起的ㄧ星期內、發現本產品質料有瑕疵時、只要憑著『商品售後服務卡』(每個包包上面會附贈ㄧ張商品售後服務卡)及購買發票和售價卡至原購物地點、無償更換新品! 2.因人為疏忽或未按本公司印製保養標示說明規定內而導致損壞、不在保證範圍內!,無,https://s1.myqr.com.tw/newshop/177/TypeGoods?type2=7910&type1=7911&type0=7915&pageIndex=0&goodId=47911,2207 撞色 翻蓋 小包 兩條帶 織帶背帶 寬底 挺包 大開口 輕便 出遊 斜背 肩背 真皮斜背 真皮側背 淑女 真皮淑女 休閒 真皮休閒 斜背包 側背包 真皮小包 小包 color by sides 包包側面顏色 秋天色系,https://pshop.myqr.com.tw/qrssimage/GoodsImage/106/106033.jpg?89
V00401M-718,多夾層拉鍊方便收納小方包-亞麻藍,時尚女性,女用皮包,經典側/斜背包,亞麻藍,2370,0.0,18,華益皮件,商品描述 ☆Ve 獨家發行經典呈現 精選優質頂級牛皮、頂級質感、擁有自然光澤、保留牛皮的天然紋理和韌性、散發出淡淡的皮革氣味 可斜背 / 側背兩用、容量大小適中、素面簡約風格設計、展現個人獨特魅力. ☆Ve 獨家款式限量發售 共推出亞麻藍 / 黑色 / 黃色 / 淺灰色 四色可以選擇 ◎包款尺寸:長 16*寬 6*高 20 ◎材質:頭層牛皮 ◎主色:亞麻藍 / 黑色 / 黃色 / 淺灰色 ◎功能:側背 / 斜背 ◎袋口開闔:拉鍊式開口 ◎袋內:手機袋、口袋、拉鍊袋 ◎袋外:拉鍊式口袋 ◎重量:210g 保養方式: ◎清潔:濕布擦拭後請拭乾. ◎保養:皮革類請使用高級皮革保養油、常保持光鮮、弄濕時、請陰乾之(晾乾、風乾)即可. ◎保存所處:避免放在溼氣和陽光直曬的地方、以免破壞包包應有的美麗色澤、防止接觸酸性腐蝕性物品、並請避免接觸油性筆.若是皮革以外的、金屬部份可使用拭銀布擦拭即可. ◎收藏:皮包內塞紙或置入乾燥劑、收藏陰涼通風處. 注意事項 1.如在您購買日起的ㄧ星期內、發現本產品質料有瑕疵時、只要憑著『商品售後服務卡』(每個包包上面會附贈ㄧ張商品售後服務卡)及購買發票和售價卡至原購物地點、無償更換新品! 2.因人為疏忽或未按本公司印製保養標示說明規定內而導致損壞、不在保證範圍內!,無,https://s1.myqr.com.tw/newshop/177/TypeGoods?type2=7910&type1=7911&type0=7915&pageIndex=0&goodId=47924,718 三夾層 小包 方形 皮革拉環 側背 斜背 百搭 多功能 出遊 真皮 真皮斜背 真皮側背 真皮斜背包 真皮側背包 休閒 真皮休閒 斜背包 側背包 真皮小包 小包 斜背包 側背包,https://pshop.myqr.com.tw/qrssimage/GoodsImage/118/118393.jpg?72
V01401M-718,多夾層拉鍊方便收納小方包-黑色,時尚女性,女用皮包,經典側/斜背包,黑色,2370,0.0,16,華益皮件,商品描述 ☆Ve 獨家發行經典呈現 精選優質頂級牛皮、頂級質感、擁有自然光澤、保留牛皮的天然紋理和韌性、散發出淡淡的皮革氣味 可斜背 / 側背兩用、容量大小適中、素面簡約風格設計、展現個人獨特魅力. ☆Ve 獨家款式限量發售 共推出亞麻藍 / 黑色 / 黃色 / 淺灰色 四色可以選擇 ◎包款尺寸:長 16*寬 6*高 20 ◎材質:頭層牛皮 ◎主色:亞麻藍 / 黑色 / 黃色 / 淺灰色 ◎功能:側背 / 斜背 ◎袋口開闔:拉鍊式開口 ◎袋內:手機袋、口袋、拉鍊袋 ◎袋外:拉鍊式口袋 ◎重量:210g 保養方式: ◎清潔:濕布擦拭後請拭乾. ◎保養:皮革類請使用高級皮革保養油、常保持光鮮、弄濕時、請陰乾之(晾乾、風乾)即可. ◎保存所處:避免放在溼氣和陽光直曬的地方、以免破壞包包應有的美麗色澤、防止接觸酸性腐蝕性物品、並請避免接觸油性筆.若是皮革以外的、金屬部份可使用拭銀布擦拭即可. ◎收藏:皮包內塞紙或置入乾燥劑、收藏陰涼通風處. 注意事項 1.如在您購買日起的ㄧ星期內、發現本產品質料有瑕疵時、只要憑著『商品售後服務卡』(每個包包上面會附贈ㄧ張商品售後服務卡)及購買發票和售價卡至原購物地點、無償更換新品! 2.因人為疏忽或未按本公司印製保養標示說明規定內而導致損壞、不在保證範圍內!,無,https://s1.myqr.com.tw/newshop/177/TypeGoods?type2=7910&type1=7911&type0=7915&pageIndex=0&goodId=47634,718 三夾層 小包 方形 皮革拉環 側背 斜背 百搭 多功能 出遊 真皮 真皮斜背 真皮側背 真皮斜背包 真皮側背包 休閒 真皮休閒 斜背包 側背包 真皮小包 小包 斜背包 側背包,https://pshop.myqr.com.tw/qrssimage/GoodsImage/118/118391.jpg?72
V57308M-7792,多拉牌素雅品牌斜背包-豆沙綠,時尚女性,女用皮包,經典側/斜背包,豆沙綠,2980,0.0,14,華益皮件,商品描述 ☆Ve 獨家發行經典呈現 精選頂級頭層牛皮、包款展現天然牛皮光澤.牛皮的天然紋理和韌性、散發出淡淡的皮革氣味! 可斜背 / 肩背兩用、容量大小適中、時尚有型 包款全面展現獨特刷色感設計 輕鬆就打造出名個人獨特風采! ☆Ve 獨家款式限量發售 共推出亞麻色 / 淺黃色 / 淺灰色 / 豆沙綠 四色可以選擇 ◎包款尺寸:長 21*寬 7*高 21 ◎材質:頭層牛皮 ◎主色:亞麻色 / 淺黃色 / 淺灰色 / 豆沙綠 ◎功能:側背 / 斜背 ◎袋口開闔:拉鍊式開口 ◎袋內:手機袋、口袋、拉鍊袋 ◎袋外:拉鍊式口袋 ◎重量:475g 保養方式: ◎清潔:濕布擦拭後請拭乾. ◎保養:皮革類請使用高級皮革保養油、常保持光鮮、弄濕時、請陰乾之(晾乾、風乾)即可. ◎保存所處:避免放在溼氣和陽光直曬的地方、以免破壞包包應有的美麗色澤、防止接觸酸性腐蝕性物品、並請避免接觸油性筆.若是皮革以外的、金屬部份可使用拭銀布擦拭即可. ◎收藏:皮包內塞紙或置入乾燥劑、收藏陰涼通風處. 注意事項 1.如在您購買日起的ㄧ星期內、發現本產品質料有瑕疵時、只要憑著『商品售後服務卡』(每個包包上面會附贈ㄧ張商品售後服務卡)及購買發票和售價卡至原購物地點、無償更換新品! 2.因人為疏忽或未按本公司印製保養標示說明規定內而導致損壞、不在保證範圍內!,無,https://s1.myqr.com.tw/newshop/177/TypeGoods?type2=7910&type1=7911&type0=7915&pageIndex=0&goodId=47914,7792 三條帶 織帶背帶 側背 斜背 肩背 三夾層 休閒包 真皮 真皮斜背 真皮側背 淑女 真皮淑女 休閒 真皮休閒 斜背包 側背包 真皮小包 小包,https://pshop.myqr.com.tw/qrssimage/GoodsImage/107/107219.jpg?9
V86310R-3176,典雅文青時尚名牌包-白色,時尚女性,女用皮包,經典側/斜背包,白色,3480,0.0,18,華益皮件,商品描述 ☆Ve 獨家發行經典呈現 精選優質頂級牛皮、頂級質感、擁有自然光澤、保留牛皮的天然紋理和韌性、散發出淡淡的皮革氣味 可斜背 / 側背兩用、容量大小適中、素面簡約風格設計、展現個人獨特魅力. ☆Ve 獨家款式限量發售 共推出杏色 / 黃色 / 白色 / 餅乾色 四色可以選擇 ◎包款尺寸:長 25*寬 10*高 22 ◎材質:頭層牛皮 ◎主色:杏色 / 黃色 / 白色 / 餅乾色 ◎功能:斜背 / 側背 / 手提 ◎袋口開闔:拉鍊式開口 ◎袋內:手機袋、口袋、拉鍊袋 ◎袋外:拉鍊式口袋 ◎重量:512g 保養方式: ◎清潔:濕布擦拭後請拭乾. ◎保養:皮革類請使用高級皮革保養油、常保持光鮮、弄濕時、請陰乾之(晾乾、風乾)即可. ◎保存所處:避免放在溼氣和陽光直曬的地方、以免破壞包包應有的美麗色澤、防止接觸酸性腐蝕性物品、並請避免接觸油性筆.若是皮革以外的、金屬部份可使用拭銀布擦拭即可. ◎收藏:皮包內塞紙或置入乾燥劑、收藏陰涼通風處. 注意事項 1.如在您購買日起的ㄧ星期內、發現本產品質料有瑕疵時、只要憑著『商品售後服務卡』(每個包包上面會附贈ㄧ張商品售後服務卡)及購買發票和售價卡至原購物地點、無償更換新品! 2.因人為疏忽或未按本公司印製保養標示說明規定內而導致損壞、不在保證範圍內!,無,https://s1.myqr.com.tw/newshop/177/TypeGoods?type2=7910&type1=7911&type0=7915&pageIndex=0&goodId=47637,3176 直接斜背 寬底 挺包 素面 皮革翻蓋 休閒 真皮 真皮斜背 真皮側背 淑女 真皮淑女 休閒 真皮休閒 斜背包 側背包,https://pshop.myqr.com.tw/qrssimage/GoodsImage/116/116162.jpg?9
V50401M-1001,前大口袋日系素雅休閒包-亞麻藍,時尚女性,女用皮包,經典側/斜背包,亞麻藍,2980,0.0,23,華益皮件,商品描述 ☆Ve 獨家發行經典呈現 精選優質牛皮、壓印工藝 擁有自然光澤、保留牛皮的天然紋理和韌性、散發出淡淡的皮革氣味 可斜背 / 側背兩用、容量大小適中、貴氣有型 包款全面展現獨特刷色感設計 輕鬆就打造出名個人獨特風 ☆Ve 獨家款式限量發售 共推出亞麻藍 / 黃色 / 淺灰色 三色可以選擇 ◎包款尺寸:長 26*寬 5*高 17.5 ◎材質:頭層牛皮 ◎主色:亞麻藍 / 黃色 / 淺灰色 ◎功能:側背 / 斜背 ◎袋口開闔:拉鍊式開口 ◎袋內:手機袋、口袋、拉鍊袋 ◎袋外:拉鍊式口袋 ◎重量:298g 保養方式: ◎清潔:濕布擦拭後請拭乾. ◎保養:皮革類請使用高級皮革保養油、常保持光鮮、弄濕時、請陰乾之(晾乾、風乾)即可. ◎保存所處:避免放在溼氣和陽光直曬的地方、以免破壞包包應有的美麗色澤、防止接觸酸性腐蝕性物品、並請避免接觸油性筆.若是皮革以外的、金屬部份可使用拭銀布擦拭即可. ◎收藏:皮包內塞紙或置入乾燥劑、收藏陰涼通風處. 注意事項 1.如在您購買日起的ㄧ星期內、發現本產品質料有瑕疵時、只要憑著『商品售後服務卡』(每個包包上面會附贈ㄧ張商品售後服務卡)及購買發票和售價卡至原購物地點、無償更換新品! 2.因人為疏忽或未按本公司印製保養標示說明規定內而導致損壞、不在保證範圍內!,無,https://s1.myqr.com.tw/newshop/177/TypeGoods?type2=7910&type1=7911&type0=7915&pageIndex=0&goodId=47925,1001 長方形 信封 信封包 兩條帶 斜背包 肩背包 休閒 素面 寬底 側背 斜背 真皮 真皮斜背 真皮側背 真皮斜背包 真皮側背包 休閒 真皮休閒,https://pshop.myqr.com.tw/qrssimage/GoodsImage/118/118479.jpg?44
V05401Y-5316,前皮釦式多夾層實用斜背包-奶酪色,時尚女性,女用皮包,經典側/斜背包,奶酪色,2370,0.0,16,華益皮件,商品描述 ☆Ve 獨家發行經典呈現 精選優質頂級牛皮、頂級質感、擁有自然光澤、保留牛皮的天然紋理和韌性、散發出淡淡的皮革氣味 可斜背 / 側背兩用、容量大小適中、素面簡約風格設計、展現個人獨特魅力. ☆Ve 獨家款式限量發售 共推出豆青色 / 奶酪色 / 黑色 三色可以選擇 ◎包款尺寸:長 14*寬 6*高 17 ◎材質:頭層牛皮 ◎主色:豆青色 / 奶酪色 / 黑色 ◎功能:側背 / 斜背 ◎袋口開闔:拉鍊式開口 ◎袋內:手機袋、口袋、拉鍊袋 ◎袋外:拉鍊式口袋 ◎重量:233g 保養方式: ◎清潔:濕布擦拭後請拭乾. ◎保養:皮革類請使用高級皮革保養油、常保持光鮮、弄濕時、請陰乾之(晾乾、風乾)即可. ◎保存所處:避免放在溼氣和陽光直曬的地方、以免破壞包包應有的美麗色澤、防止接觸酸性腐蝕性物品、並請避免接觸油性筆.若是皮革以外的、金屬部份可使用拭銀布擦拭即可. ◎收藏:皮包內塞紙或置入乾燥劑、收藏陰涼通風處. 注意事項 1.如在您購買日起的ㄧ星期內、發現本產品質料有瑕疵時、只要憑著『商品售後服務卡』(每個包包上面會附贈ㄧ張商品售後服務卡)及購買發票和售價卡至原購物地點、無償更換新品! 2.因人為疏忽或未按本公司印製保養標示說明規定內而導致損壞、不在保證範圍內!,無,https://s1.myqr.com.tw/newshop/177/TypeGoods?type2=7910&type1=7911&type0=7915&pageIndex=0&goodId=47929,5316 雙夾層 小包 寬底 側背 斜背 出遊 素色 真皮 真皮斜背 真皮側背 真皮斜背包 真皮側背包 休閒 真皮休閒 斜背包 側背包 真皮小包 小包,https://pshop.myqr.com.tw/qrssimage/GoodsImage/118/118377.jpg?44
V01401Y-5316,前皮釦式多夾層實用斜背包-黑色,時尚女性,女用皮包,經典側/斜背包,黑色,2370,0.0,16,華益皮件,商品描述 ☆Ve 獨家發行經典呈現 精選優質頂級牛皮、頂級質感、擁有自然光澤、保留牛皮的天然紋理和韌性、散發出淡淡的皮革氣味 可斜背 / 側背兩用、容量大小適中、素面簡約風格設計、展現個人獨特魅力. ☆Ve 獨家款式限量發售 共推出豆青色 / 奶酪色 / 黑色 三色可以選擇 ◎包款尺寸:長 14*寬 6*高 17 ◎材質:頭層牛皮 ◎主色:豆青色 / 奶酪色 / 黑色 ◎功能:側背 / 斜背 ◎袋口開闔:拉鍊式開口 ◎袋內:手機袋、口袋、拉鍊袋 ◎袋外:拉鍊式口袋 ◎重量:233g 保養方式: ◎清潔:濕布擦拭後請拭乾. ◎保養:皮革類請使用高級皮革保養油、常保持光鮮、弄濕時、請陰乾之(晾乾、風乾)即可. ◎保存所處:避免放在溼氣和陽光直曬的地方、以免破壞包包應有的美麗色澤、防止接觸酸性腐蝕性物品、並請避免接觸油性筆.若是皮革以外的、金屬部份可使用拭銀布擦拭即可. ◎收藏:皮包內塞紙或置入乾燥劑、收藏陰涼通風處. 注意事項 1.如在您購買日起的ㄧ星期內、發現本產品質料有瑕疵時、只要憑著『商品售後服務卡』(每個包包上面會附贈ㄧ張商品售後服務卡)及購買發票和售價卡至原購物地點、無償更換新品! 2.因人為疏忽或未按本公司印製保養標示說明規定內而導致損壞、不在保證範圍內!,無,https://s1.myqr.com.tw/newshop/177/TypeGoods?type2=7910&type1=7911&type0=7915&pageIndex=0&goodId=47926,5316 雙夾層 小包 寬底 側背 斜背 出遊 素色 真皮 真皮斜背 真皮側背 真皮斜背包 真皮側背包 休閒 真皮休閒 斜背包 側背包 真皮小包 小包,https://pshop.myqr.com.tw/qrssimage/GoodsImage/118/118379.jpg?44
V55306F-0317,前扣式素雅休閒包-土黃色,時尚女性,女用皮包,經典側/斜背包,土黃色,2980,0.0,8,華益皮件,商品描述 ☆Ve 獨家發行經典呈現 精選優質牛皮、壓印工藝 擁有自然光澤、保留牛皮的天然紋理和韌性、散發出淡淡的皮革氣味. 可斜背 / 肩背兩用、容量大小適中、時尚百搭 輕鬆就打造出名個人獨特風采! ☆Ve 獨家款式限量發售 共推出明星黑 / 大象灰 / 土黃色 / 香梨黃 四色可以選擇 ◎包款尺寸:長 18*寬 6*高 14 ◎材質:頭層牛皮 ◎主色:明星黑 / 大象灰 / 土黃色 / 香梨黃 ◎功能:側背 / 斜背 ◎袋口開闔:拉鍊式開口 ◎袋內:手機袋、口袋、拉鍊袋 ◎袋外:拉鍊式口袋 ◎重量:358g 保養方式: ◎清潔:濕布擦拭後請拭乾. ◎保養:皮革類請使用高級皮革保養油、常保持光鮮、弄濕時、請陰乾之(晾乾、風乾)即可. ◎保存所處:避免放在溼氣和陽光直曬的地方、以免破壞包包應有的美麗色澤、防止接觸酸性腐蝕性物品、並請避免接觸油性筆.若是皮革以外的、金屬部份可使用拭銀布擦拭即可. ◎收藏:皮包內塞紙或置入乾燥劑、收藏陰涼通風處. 注意事項 1.如在您購買日起的ㄧ星期內、發現本產品質料有瑕疵時、只要憑著『商品售後服務卡』(每個包包上面會附贈ㄧ張商品售後服務卡)及購買發票和售價卡至原購物地點、無償更換新品! 2.因人為疏忽或未按本公司印製保養標示說明規定內而導致損壞、不在保證範圍內!,無,https://s1.myqr.com.tw/newshop/177/TypeGoods?type2=7910&type1=7911&type0=7915&pageIndex=0&goodId=47910,0317 磁鐵吸釦 磁鐵吸扣 磁扣吸合 磁釦吸合 翻蓋 織帶背帶 兩條帶 小包 約會 斜背 肩背 外出 寬底 素色 真皮 真皮斜背 真皮側背 真皮手提 淑女 真皮淑女 休閒 真皮休閒 斜背包 側背包 手提包 真皮小包 小包,https://pshop.myqr.com.tw/qrssimage/GoodsImage/106/106017.jpg?28
V55212D-1150,前扣式編織麻花肩背包-黃色,時尚女性,女用皮包,經典側/斜背包,黃色,2980,0.0,11,華益皮件,商品描述 ☆Ve 輕量設計獨家發行 精選優質頭層牛皮、壓印工藝 擁有自然光澤、保留牛皮的天然紋理和韌性、散發出淡淡的皮革氣味 可斜背 / 肩背兩用、容量大小適中、貴氣有型 包兩面全是立體斜車線做法 強調包的整體性 更能輕鬆就打造出質感時尚風采! 共推出明星黑 / 黃色 / 亞麻藍 / 蘋果綠 四色可以選擇 ◎包款尺寸:長 22*寬 6.5*高 16 ◎材質:頭層牛皮 ◎主色:明星黑 / 黃色 / 亞麻藍 / 蘋果綠 ◎功能:側背 / 斜背 ◎袋口開闔:拉鍊式開口 ◎袋內:手機袋、口袋、拉鍊袋 ◎袋外:隱藏式口袋 ◎重量:471g 保養方式: ◎清潔:濕布擦拭後請拭乾. ◎保養:皮革類請使用高級皮革保養油、常保持光鮮、弄濕時、請陰乾之(晾乾、風乾)即可. ◎保存所處:避免放在溼氣和陽光直曬的地方、以免破壞包包應有的美麗色澤、防止接觸酸性腐蝕性物品、並請避免接觸油性筆.若是皮革以外的、金屬部份可使用拭銀布擦拭即可. ◎收藏:皮包內塞紙或置入乾燥劑、收藏陰涼通風處. 注意事項 1.如在您購買日起的ㄧ星期內、發現本產品質料有瑕疵時、只要憑著『商品售後服務卡』(每個包包上面會附贈ㄧ張商品售後服務卡)及購買發票和售價卡至原購物地點、無償更換新品! 2.因人為疏忽或未按本公司印製保養標示說明規定內而導致損壞、不在保證範圍內!,無,https://s1.myqr.com.tw/newshop/177/TypeGoods?type2=7910&type1=7911&type0=7915&pageIndex=0&goodId=47908,1150 翻蓋 磁鐵吸釦 磁鐵吸扣 磁扣吸合 磁釦吸合 編織 兩條帶 織帶背帶 肩背 斜背 小資女 小包 信封包 素面 氣質 真皮 真皮斜背 淑女 真皮淑女 斜背包 肩背包 經典款 晚宴 真皮晚宴 莫蘭迪色系 馬卡龍色系,https://pshop.myqr.com.tw/qrssimage/GoodsImage/96/96860.jpg?28
V80312H-2022,前品牌濕印經典素雅休閒包-亞麻藍,時尚女性,女用皮包,經典側/斜背包,亞麻藍,3480,0.0,11,華益皮件,商品描述 ☆Ve 獨家發行經典呈現 精選優質牛皮、壓印工藝 擁有自然光澤、保留牛皮的天然紋理和韌性、散發出淡淡的皮革氣味. 可斜背 / 側背兩用、容量大小適中、肩背袋使用兩種不同材質的元素~拼接成鍊子形狀、流行感設計兼具時尚感、輕鬆就打造出名個人獨特風采! ☆Ve 獨家款式限量發售 共推出粉色 / 黑色 / 黃色 / 亞麻藍 四色可以選擇 ◎包款尺寸:長 30*寬 9*高 27 ◎材質:頭層牛皮 ◎主色:粉色 / 黑色 / 黃色 / 亞麻藍 ◎功能:側背 / 斜背 ◎袋口開闔:拉鍊式開口 ◎袋內:手機袋、口袋、拉鍊袋 ◎袋外:拉鍊式口袋 ◎重量:589g 保養方式: ◎清潔:濕布擦拭後請拭乾. ◎保養:皮革類請使用高級皮革保養油、常保持光鮮、弄濕時、請陰乾之(晾乾、風乾)即可. ◎保存所處:避免放在溼氣和陽光直曬的地方、以免破壞包包應有的美麗色澤、防止接觸酸性腐蝕性物品、並請避免接觸油性筆.若是皮革以外的、金屬部份可使用拭銀布擦拭即可. ◎收藏:皮包內塞紙或置入乾燥劑、收藏陰涼通風處. 注意事項 1.如在您購買日起的ㄧ星期內、發現本產品質料有瑕疵時、只要憑著『商品售後服務卡』(每個包包上面會附贈ㄧ張商品售後服務卡)及購買發票和售價卡至原購物地點、無償更換新品! 2.因人為疏忽或未按本公司印製保養標示說明規定內而導致損壞、不在保證範圍內!,無,https://s1.myqr.com.tw/newshop/177/TypeGoods?type2=7910&type1=7911&type0=7915&pageIndex=0&goodId=47922,2022 大包 垂墜 寬底 皮革吊飾 皮革拉環 肩背 側背 大開口 柔軟 真皮 真皮斜背 真皮斜背包 真皮側背包 真皮側背 休閒 真皮休閒 斜背包 側背包 大包 真皮大包 大容量 真皮大容量 真皮 真皮A4 A4,https://pshop.myqr.com.tw/qrssimage/GoodsImage/116/116085.jpg?64
V86401F-6008,前釦式素雅文青休閒包-奶茶色,時尚女性,女用皮包,經典側/斜背包,奶茶色,3480,0.0,30,華益皮件,商品描述 ☆Ve 獨家發行經典呈現 精選優質頂級牛皮、頂級質感、擁有自然光澤、保留牛皮的天然紋理和韌性、散發出淡淡的皮革氣味 可斜背 / 側背兩用、容量大小適中、素面簡約風格設計、展現個人獨特魅力. ☆Ve 獨家款式限量發售 共推出餅乾色 / 奶茶色 / 黑色 三色可以選擇 ◎包款尺寸:長 23*寬 9*高 17 ◎材質:頭層牛皮 ◎主色:餅乾色 / 奶茶色 / 黑色 ◎功能:側背 / 斜背 ◎袋口開闔:拉鍊式開口 ◎袋內:手機袋、口袋、拉鍊袋 ◎袋外:拉鍊式口袋 ◎重量:278g 保養方式: ◎清潔:濕布擦拭後請拭乾. ◎保養:皮革類請使用高級皮革保養油、常保持光鮮、弄濕時、請陰乾之(晾乾、風乾)即可. ◎保存所處:避免放在溼氣和陽光直曬的地方、以免破壞包包應有的美麗色澤、防止接觸酸性腐蝕性物品、並請避免接觸油性筆.若是皮革以外的、金屬部份可使用拭銀布擦拭即可. ◎收藏:皮包內塞紙或置入乾燥劑、收藏陰涼通風處. 注意事項 1.如在您購買日起的ㄧ星期內、發現本產品質料有瑕疵時、只要憑著『商品售後服務卡』(每個包包上面會附贈ㄧ張商品售後服務卡)及購買發票和售價卡至原購物地點、無償更換新品! 2.因人為疏忽或未按本公司印製保養標示說明規定內而導致損壞、不在保證範圍內!,無,https://s1.myqr.com.tw/newshop/177/TypeGoods?type2=7910&type1=7911&type0=7915&pageIndex=0&goodId=47928,6008 兩條帶 側背 斜背 肩背 素面 寬底 金屬轉扣 真皮 真皮斜背 真皮側背 真皮斜背包 真皮側背包 休閒 真皮休閒 斜背包 側背包 淑女 真皮淑女,https://pshop.myqr.com.tw/qrssimage/GoodsImage/118/118576.jpg?64
V59311D-807,前蓋式經典品牌斜背包-灰色,時尚女性,女用皮包,經典側/斜背包,灰色,2980,0.0,13,華益皮件,商品描述 ☆Ve 獨家發行經典呈現 精選優質頂級牛皮、頂級質感、擁有自然光澤、保留牛皮的天然紋理和韌性、散發出淡淡的皮革氣味 可斜背 / 側背兩用、容量大小適中、素面簡約風格設計、展現個人獨特魅力 ☆Ve 獨家款式限量發售 共推出梨黃色 / 黑色 / 豆青色 / 灰色 四色可以選擇 ◎包款尺寸:長 19*寬 10*高 12 ◎材質:進口頭層牛皮 ◎主色:梨黃色 / 黑色 / 豆青色 / 灰色 ◎功能:側背 / 斜背 ◎袋口開闔:拉鍊式開口 ◎袋內:手機袋、口袋、拉鍊袋 ◎袋外:拉鍊式口袋 ◎重量:329g 保養方式: ◎清潔:濕布擦拭後請拭乾. ◎保養:皮革類請使用高級皮革保養油、常保持光鮮、弄濕時、請陰乾之(晾乾、風乾)即可. ◎保存所處:避免放在溼氣和陽光直曬的地方、以免破壞包包應有的美麗色澤、防止接觸酸性腐蝕性物品、並請避免接觸油性筆.若是皮革以外的、金屬部份可使用拭銀布擦拭即可. ◎收藏:皮包內塞紙或置入乾燥劑、收藏陰涼通風處. 注意事項 1.如在您購買日起的ㄧ星期內、發現本產品質料有瑕疵時、只要憑著『商品售後服務卡』(每個包包上面會附贈ㄧ張商品售後服務卡)及購買發票和售價卡至原購物地點、無償更換新品! 2.因人為疏忽或未按本公司印製保養標示說明規定內而導致損壞、不在保證範圍內!,無,https://s1.myqr.com.tw/newshop/177/TypeGoods?type2=7910&type1=7911&type0=7915&pageIndex=0&goodId=47635,807 翻蓋 圓筒 小包 側背 斜背 挺包 輕巧 可愛 素面 logo 金屬logo 約會 真皮 真皮斜背 真皮側背 淑女 真皮淑女 休閒 真皮休閒 斜背包 側背包 真皮小包 小包,https://pshop.myqr.com.tw/qrssimage/GoodsImage/115/115853.jpg?64
V51401V-6646,柔軟手感大開口斜背包-黑色,時尚女性,女用皮包,經典側/斜背包,黑色,2980,0.0,16,華益皮件,商品描述 ☆Ve 獨家發行經典呈現 精選優質牛皮、壓印工藝 擁有自然光澤、保留牛皮的天然紋理和韌性、散發出淡淡的皮革氣味 可肩背 / 斜背 / 側背三用、容量大小適中、時尚有型 包款全面展現獨特刷色感設計 輕鬆就打造出名個人獨特風采! ☆Ve 獨家款式限量發售 共推出棕色 / 黑色 二色可以選擇 ◎包款尺寸:長 29*寬 6*高 17 ◎材質:頭層牛皮 ◎主色:棕色 / 黑色 ◎功能:側背 / 斜背 ◎袋口開闔:拉鍊式開口 ◎袋內:手機袋、口袋、拉鍊袋 ◎袋外:拉鍊式口袋 ◎重量:372g 保養方式: ◎清潔:濕布擦拭後請拭乾. ◎保養:皮革類請使用高級皮革保養油、常保持光鮮、弄濕時、請陰乾之(晾乾、風乾)即可. ◎保存所處:避免放在溼氣和陽光直曬的地方、以免破壞包包應有的美麗色澤、防止接觸酸性腐蝕性物品、並請避免接觸油性筆.若是皮革以外的、金屬部份可使用拭銀布擦拭即可. ◎收藏:皮包內塞紙或置入乾燥劑、收藏陰涼通風處. 注意事項 1.如在您購買日起的ㄧ星期內、發現本產品質料有瑕疵時、只要憑著『商品售後服務卡』(每個包包上面會附贈ㄧ張商品售後服務卡)及購買發票和售價卡至原購物地點、無償更換新品! 2.因人為疏忽或未按本公司印製保養標示說明規定內而導致損壞、不在保證範圍內!,無,https://s1.myqr.com.tw/newshop/177/TypeGoods?type2=7910&type1=7911&type0=7915&pageIndex=0&goodId=47927,6646 皮革拉環 復古包 側背 斜背 直接斜背 素面 真皮 真皮斜背 真皮側背 真皮斜背包 真皮側背包 休閒 真皮休閒 斜背包 側背包,https://pshop.myqr.com.tw/qrssimage/GoodsImage/118/118410.jpg?48
V76404L-8315,柔軟手感袋中袋大方肩背包-卡其色,時尚女性,女用皮包,經典側/斜背包,卡其色,3980,0.0,16,華益皮件,包款特色: 1.子母包設計: 這款子母包設計相當貼心、可以根據您的需要單獨使用或一起使用.當您需要攜帶更多物品時、可以將子包放入母包中、以提供更多的空間和功能. 2.材質與工藝: 外袋材質為精選優質頭層牛皮、保留牛皮的天然紋理和韌性、散發天然皮格自然光澤及淡淡的皮革氣味、展現出專業級的工藝品質. 內袋材質為防潑水布料、多夾層設計、讓您使用起來超便利. 3.不定型設計 包款皮質柔軟呈現了隨性、自由的風格、與傳的結構化包款形成鮮明對比、更能突顯個人獨特品味和風格. 不受固定形狀的限制、具有多功能性、容納各種形狀和尺寸的物品、提供更多樣化的使用方式. 更便利於機車、包包可靈活放置於機車置物箱中、確保您在行駛中的物品安全.(註:只針對包包敘述、包包內之物品請使用者自行判斷其材質狀況、以免造成不便或損壞.) 3.輕便舒適: 輕盈柔軟的特性使得長時間攜帶更加輕鬆舒適、無論是購物、旅行、商務還是日常通勤、都能自如搭配. 包款設計: ★外袋包包開口設計寬大、採用磁扣開合方式方便拿取物品、相當貼心且便利.搭配同色系品牌 Logo 皮革吊牌相當有質感、突顯女性的細膩品味.包款可容 A4 資料夾大小的物品、可肩背使用. ★寬大的拉鍊式開口和多層夾層設計讓您輕鬆收納各種物品、底部寬大、東西再多也不擔心、並可依個人喜好斜背或側背. 功能性: ※容量寬敞:不定型的包款設計可容納日常所需物品、如零錢包、化妝品、手機等滿足女性日常攜帶需求. ※多功能隔層:內部設有多個隔層和口袋、方便整理和分類物品、提高使用效率. ※調節背帶:可調節式織袋長袋設計、可依個人身形調節長度、保證舒適貼合的穿戴感受. ※多場合適用:適合日常生活中的各種場合使用、如購物、約會、休閒、辦公等、是女性生活中的實用配件. ★★★--Ve 獨家款式限量發售 --★★★ ◎包款尺寸:長 36*寬 13*高 32 ◎材質:頭層牛皮 / 防潑水布料 ◎主色:藍色 / 黑色 / 深卡色 / 卡其色 ◎功能:側背 / 斜背 / 肩背 ◎袋口開闔:拉鍊式開口 ◎袋內:手機袋、口袋、拉鍊袋 ◎袋外:拉鍊式口袋 ◎重量:790g 保養方式: ◎清潔:濕布擦拭後請拭乾. ◎保養:皮革類請使用高級皮革保養油、常保持光鮮、弄濕時、請陰乾之(,無,https://s1.myqr.com.tw/newshop/177/TypeGoods?type2=7910&type1=7911&type0=7915&pageIndex=0&goodId=47633,8315 子母包 磁鐵吸釦 磁鐵吸扣 磁扣吸合 磁釦吸合 皮牌吊飾 側背 斜背 肩背 可A4包 大開口 不定型包 不定型 軟包 素面 素色 單一色 磁扣吸合 寬底 真皮素面 真皮素色 真皮 真皮斜背 真皮側背 真皮斜背包 真皮側背包 斜背包 側背包,https://pshop.myqr.com.tw/qrssimage/GoodsImage/119/119549.jpg?48
V50307W-8872,倒三角手工立體壓印斜背包-藍色,時尚女性,女用皮包,經典側/斜背包,藍色,2980,0.0,14,華益皮件,商品描述 ☆Ve 獨家發行經典呈現 精選頂級頭層牛皮、包款展現天然牛皮光澤.牛皮的天然紋理和韌性、散發出淡淡的皮革氣味! 可斜背 / 肩背兩用、容量大小適中、時尚有型 包款全面展現獨特刷色感設計 輕鬆就打造出名個人獨特風采! ☆Ve 獨家款式限量發售 共推出藍色 / 黑色 / 粉色 / 黃色 四色可以選擇 ◎包款尺寸:長 21.5*寬 8*高 14 ◎材質:頭層牛皮 ◎主色:藍色 / 黑色 / 粉色 / 黃色 ◎功能:側背 / 斜背 ◎袋口開闔:拉鍊式開口 ◎袋內:手機袋、口袋、拉鍊袋 ◎袋外:拉鍊式口袋 ◎重量:318g 保養方式: ◎清潔:濕布擦拭後請拭乾. ◎保養:皮革類請使用高級皮革保養油、常保持光鮮、弄濕時、請陰乾之(晾乾、風乾)即可. ◎保存所處:避免放在溼氣和陽光直曬的地方、以免破壞包包應有的美麗色澤、防止接觸酸性腐蝕性物品、並請避免接觸油性筆.若是皮革以外的、金屬部份可使用拭銀布擦拭即可. ◎收藏:皮包內塞紙或置入乾燥劑、收藏陰涼通風處. 注意事項 1.如在您購買日起的ㄧ星期內、發現本產品質料有瑕疵時、只要憑著『商品售後服務卡』(每個包包上面會附贈ㄧ張商品售後服務卡)及購買發票和售價卡至原購物地點、無償更換新品! 2.因人為疏忽或未按本公司印製保養標示說明規定內而導致損壞、不在保證範圍內!,無,https://s1.myqr.com.tw/newshop/177/TypeGoods?type2=7910&type1=7911&type0=7915&pageIndex=0&goodId=47913,8872 車線 雙夾層 皮革拉環 織帶背帶 鍊條長帶 兩條帶 寬底 側背 斜背 空氣感 挺包 真皮 真皮斜背 真皮側背 淑女 真皮淑女 休閒 真皮休閒 斜背包 側背包 真皮小包 小包,https://pshop.myqr.com.tw/qrssimage/GoodsImage/107/107233.jpg?83
V83312H-1999,素面典雅日系風格柔軟休閒包-粉色,時尚女性,女用皮包,經典側/斜背包,粉色,3480,0.0,11,華益皮件,商品描述 ☆Ve 獨家發行經典呈現 精選優質牛皮、壓印工藝 擁有自然光澤、保留牛皮的天然紋理和韌性、散發出淡淡的皮革氣味. 可斜背 / 側背兩用、容量大小適中、肩背袋使用兩種不同材質的元素~拼接成鍊子形狀、流行感設計兼具時尚感、輕鬆就打造出名個人獨特風采! ☆Ve 獨家款式限量發售 共推出粉色 / 杏色 / 黃色 / 綠色 四色可以選擇 ◎包款尺寸:長 29*寬 9*高 26 ◎材質:頭層牛皮 ◎主色:粉色 / 杏色 / 黃色 / 綠色 ◎功能:側背 / 斜背 ◎袋口開闔:拉鍊式開口 ◎袋內:手機袋、口袋、拉鍊袋 ◎袋外:拉鍊式口袋 ◎重量:531g 保養方式: ◎清潔:濕布擦拭後請拭乾. ◎保養:皮革類請使用高級皮革保養油、常保持光鮮、弄濕時、請陰乾之(晾乾、風乾)即可. ◎保存所處:避免放在溼氣和陽光直曬的地方、以免破壞包包應有的美麗色澤、防止接觸酸性腐蝕性物品、並請避免接觸油性筆.若是皮革以外的、金屬部份可使用拭銀布擦拭即可. ◎收藏:皮包內塞紙或置入乾燥劑、收藏陰涼通風處. 注意事項 1.如在您購買日起的ㄧ星期內、發現本產品質料有瑕疵時、只要憑著『商品售後服務卡』(每個包包上面會附贈ㄧ張商品售後服務卡)及購買發票和售價卡至原購物地點、無償更換新品! 2.因人為疏忽或未按本公司印製保養標示說明規定內而導致損壞、不在保證範圍內!,無,https://s1.myqr.com.tw/newshop/177/TypeGoods?type2=7910&type1=7911&type0=7915&pageIndex=0&goodId=47921,1999 皮革吊飾 鍊子 垂墜 彎月 素面 寬底 側背 斜背 肩背 真皮 真皮斜背包 真皮側背包 真皮斜背 真皮側背 休閒 真皮休閒 斜背包 側背包 大包 真皮大包 大容量 真皮大容量 真皮 真皮A4 A4,https://pshop.myqr.com.tw/qrssimage/GoodsImage/115/115796.jpg?83
V03310N-6041,純手工彩繪萌貓經典包-紅棕色,時尚女性,女用皮包,經典側/斜背包,紅棕色,2370,0.0,16,華益皮件,商品描述 Ve 經典時尚側背包 ☆Ve 獨家發行經典呈現 精選優質頂級牛皮、頂級質感、擁有自然光澤、保留牛皮的天然紋理和韌性、散發出淡淡的皮革氣味 可斜背 / 側背 / 手拎三用、容量大小適中、素面簡約風格設計、展現個人獨特魅力. ☆Ve 獨家款式限量發售 共推出紅棕色 / 淺棕色 二色可以選擇 ◎包款尺寸:長 19*寬 4*高 12 ◎材質:進口頭層牛皮 ◎主色:紅棕色 / 淺棕色 ◎功能:側背 / 斜背 ◎袋口開闔:拉鍊式開口 ◎袋內:手機袋、口袋、拉鍊袋 ◎袋外:拉鍊式口袋 ◎重量:189g 保養方式: ◎清潔:濕布擦拭後請拭乾. ◎保養:皮革類請使用高級皮革保養油、常保持光鮮、弄濕時、請陰乾之(晾乾、風乾)即可. ◎保存所處:避免放在溼氣和陽光直曬的地方、以免破壞包包應有的美麗色澤、防止接觸酸性腐蝕性物品、並請避免接觸油性筆.若是皮革以外的、金屬部份可使用拭銀布擦拭即可. ◎收藏:皮包內塞紙或置入乾燥劑、收藏陰涼通風處. 注意事項 1.如在您購買日起的ㄧ星期內、發現本產品質料有瑕疵時、只要憑著『商品售後服務卡』(每個包包上面會附贈ㄧ張商品售後服務卡)及購買發票和售價卡至原購物地點、無償更換新品! 2.因人為疏忽或未按本公司印製保養標示說明規定內而導致損壞、不在保證範圍內!,無,https://s1.myqr.com.tw/newshop/177/TypeGoods?type2=7910&type1=7911&type0=7915&pageIndex=0&goodId=47915,6041 貓咪 貓 小貓 動物 側背 斜背 復古 獨特 個性 可愛 小包 日系 輕巧 皮革拉環 真皮 真皮斜背 真皮側背 斜背包 側背包 真皮小包 小包 特殊款 秋天色系,https://pshop.myqr.com.tw/qrssimage/GoodsImage/115/115608.jpg?20
V57306J-6537,菱形彎月輕巧手提包-粉綠色,時尚女性,女用皮包,經典側/斜背包,粉綠色,2980,0.0,15,華益皮件,商品描述 ☆Ve 獨家發行經典呈現 精選優質牛皮材質、搭配經典菱形格設計、保留牛皮的天然紋理和韌性、散發出淡淡的皮革氣味. 可斜背 / 側背兩用、容量大小適中、時尚有型又擺搭、輕鬆就打造出名個人獨特風采! ☆Ve 獨家款式限量發售 共推出明星黑 / 鵝黃色 / 粉綠色 / 大紅色 四色可以選擇 ◎包款尺寸:長 23.5*寬 6.5*高 17 ◎材質:頭層牛皮 ◎主色:明星黑 / 鵝黃色 / 粉綠色 / 大紅色 ◎功能:側背 / 斜背 ◎袋口開闔:拉鍊式開口 ◎袋內:手機袋、口袋、拉鍊袋 ◎袋外:拉鍊式口袋 ◎重量:274g 保養方式: ◎清潔:濕布擦拭後請拭乾. ◎保養:皮革類請使用高級皮革保養油、常保持光鮮、弄濕時、請陰乾之(晾乾、風乾)即可. ◎保存所處:避免放在溼氣和陽光直曬的地方、以免破壞包包應有的美麗色澤、防止接觸酸性腐蝕性物品、並請避免接觸油性筆.若是皮革以外的、金屬部份可使用拭銀布擦拭即可. ◎收藏:皮包內塞紙或置入乾燥劑、收藏陰涼通風處. 注意事項 1.如在您購買日起的ㄧ星期內、發現本產品質料有瑕疵時、只要憑著『商品售後服務卡』(每個包包上面會附贈ㄧ張商品售後服務卡)及購買發票和售價卡至原購物地點、無償更換新品! 2.因人為疏忽或未按本公司印製保養標示說明規定內而導致損壞、不在保證範圍內!,無,https://s1.myqr.com.tw/newshop/177/TypeGoods?type2=7910&type1=7911&type0=7915&pageIndex=0&goodId=47909,6537 彎月包包 三條帶 織帶背帶 寬底挺包 菱形格紋包包 菱形紋包包 小香風包包 小香包包 真皮經典包包 約會包包 氣質包包 真皮斜背包 真皮側背包 真皮手提包 真皮淑女包 真皮晚宴包 粉綠色真皮小包 粉綠色系列 粉綠色小包 粉綠色CR小包 粉綠色包包 粉綠色肩背包 粉綠色斜背包 粉綠色晚宴包 粉綠色手提包  粉綠色真皮CR小包 粉綠色真皮晚宴包 粉綠色真皮肩背包 粉綠色真皮包包 粉綠色真皮晚宴包 淺色系列 馬卡龍色系,https://pshop.myqr.com.tw/qrssimage/GoodsImage/106/106047.jpg?20
V50201d-6003,輕巧實用外出斜背包-水藍色,時尚女性,女用皮包,經典側/斜背包,水藍色,2980,0.0,12,華益皮件,商品描述 ☆Ve 獨家發行經典呈現 精選優質牛皮、壓印工藝 擁有自然光澤、保留牛皮的天然紋理和韌性、散發出淡淡的皮革氣味 可側背 / 斜背兩用、容量大小適中、時尚有型 包款全面展現獨特刷色感設計 輕鬆就打造出名個人獨特風采! ☆Ve 獨家款式限量發售 共推出奶酪 / 水藍色 / 明星黑 三色可以選擇 ◎包款尺寸:長 29*寬 3*高 13 ◎材質:頭層牛皮 ◎主色:奶酪 / 豆青色 / 明星黑 ◎功能:側背 / 斜背 ◎袋口開闔:拉鍊式開口 ◎袋內:手機袋、口袋、拉鍊袋 ◎袋外:拉鍊式口袋 保養方式: ◎清潔:濕布擦拭後請拭乾. ◎保養:皮革類請使用高級皮革保養油、常保持光鮮、弄濕時、請陰乾之(晾乾、風乾)即可. ◎保存所處:避免放在溼氣和陽光直曬的地方、以免破壞包包應有的美麗色澤、防止接觸酸性腐蝕性物品、並請避免接觸油性筆.若是皮革以外的、金屬部份可使用拭銀布擦拭即可. ◎收藏:皮包內塞紙或置入乾燥劑、收藏陰涼通風處. 注意事項 1.如在您購買日起的ㄧ星期內、發現本產品質料有瑕疵時、只要憑著『商品售後服務卡』(每個包包上面會附贈ㄧ張商品售後服務卡)及購買發票和售價卡至原購物地點、無償更換新品! 2.因人為疏忽或未按本公司印製保養標示說明規定內而導致損壞、不在保證範圍內!,無,https://s1.myqr.com.tw/newshop/177/TypeGoods?type2=7910&type1=7911&type0=7915&pageIndex=0&goodId=47907,6003 側背 斜背 胸包 小包 皮革拉環 休閒 率性 真皮 休閒 真皮休閒 真皮小包 真皮側背 真皮斜背 經典款 側背包 斜背包,https://pshop.myqr.com.tw/qrssimage/GoodsImage/86/86925.jpg?3
V00401D-9272,機車包經典元素斜背包-藍色,時尚女性,女用皮包,經典側/斜背包,藍色,2370,0.0,12,華益皮件,商品描述 ☆Ve 獨家發行經典呈現 嚴選頭層牛皮、皮革自然光澤好質感、保留牛皮的天然紋理和韌性、散發出淡淡的皮革氣味. 可斜背 / 側背兩用、復古機車包元素設計、百搭有型也兼具收納功能 包款有絲巾點綴 時尚又兼具氣質感、展現個人獨特風采 ☆Ve 獨家款式限量發售 共推出藍色 / 黑色 / 卡其色 三色可以選擇 ◎包款尺寸:長 20*寬 5*高 16.5 ◎材質:頭層牛皮 ◎主色:藍色 / 黑色 / 卡其色 ◎功能:側背 / 斜背 ◎袋口開闔:拉鍊式開口 ◎袋內:手機袋、口袋、拉鍊袋 ◎袋外:拉鍊式口袋 ◎重量:305g 保養方式: ◎清潔:濕布擦拭後請拭乾. ◎保養:皮革類請使用高級皮革保養油、常保持光鮮、弄濕時、請陰乾之(晾乾、風乾)即可. ◎保存所處:避免放在溼氣和陽光直曬的地方、以免破壞包包應有的美麗色澤、防止接觸酸性腐蝕性物品、並請避免接觸油性筆.若是皮革以外的、金屬部份可使用拭銀布擦拭即可. ◎收藏:皮包內塞紙或置入乾燥劑、收藏陰涼通風處. 注意事項 1.如在您購買日起的ㄧ星期內、發現本產品質料有瑕疵時、只要憑著『商品售後服務卡』(每個包包上面會附贈ㄧ張商品售後服務卡)及購買發票和售價卡至原購物地點、無償更換新品! 2.因人為疏忽或未按本公司印製保養標示說明規定內而導致損壞、不在保證範圍內!,無,https://s1.myqr.com.tw/newshop/177/TypeGoods?type2=7910&type1=7911&type0=7915&pageIndex=0&goodId=47931,9272 機車包 方形包 皮革拉環 鉚釘 兩條帶 織帶背帶 側背 斜背 真皮 真皮斜背 真皮側背 真皮斜背包 真皮側背包 休閒 真皮休閒 斜背包 側背包,https://pshop.myqr.com.tw/qrssimage/GoodsImage/118/118385.jpg?3
V53310E-8502,韓風時尚高貴車線名牌包-粉色,時尚女性,女用皮包,經典側/斜背包,粉色,2980,0.0,16,華益皮件,商品描述 ☆Ve 獨家發行經典呈現 精選頂級頭層牛皮、包款展現天然牛皮光澤.牛皮的天然紋理和韌性、散發出淡淡的皮革氣味! 可斜背 / 肩背兩用、容量大小適中、時尚有型 包款全面展現獨特刷色感設計 輕鬆就打造出名個人獨特風采! ☆Ve 獨家款式限量發售 共推出藍色 / 黑色 / 粉色 / 黃色 四色可以選擇 ◎包款尺寸:長 25.5*寬 3.5*高 15 ◎材質:進口頭層牛皮 ◎主色:藍色 / 黑色 / 粉色 / 黃色 ◎功能:側背 / 斜背 ◎袋口開闔:拉鍊式開口 ◎袋內:手機袋、口袋、拉鍊袋 ◎袋外:拉鍊式口袋 ◎重量:282g 保養方式: ◎清潔:濕布擦拭後請拭乾. ◎保養:皮革類請使用高級皮革保養油、常保持光鮮、弄濕時、請陰乾之(晾乾、風乾)即可. ◎保存所處:避免放在溼氣和陽光直曬的地方、以免破壞包包應有的美麗色澤、防止接觸酸性腐蝕性物品、並請避免接觸油性筆.若是皮革以外的、金屬部份可使用拭銀布擦拭即可. ◎收藏:皮包內塞紙或置入乾燥劑、收藏陰涼通風處. 注意事項 1.如在您購買日起的ㄧ星期內、發現本產品質料有瑕疵時、只要憑著『商品售後服務卡』(每個包包上面會附贈ㄧ張商品售後服務卡)及購買發票和售價卡至原購物地點、無償更換新品! 2.因人為疏忽或未按本公司印製保養標示說明規定內而導致損壞、不在保證範圍內!,無,https://s1.myqr.com.tw/newshop/177/TypeGoods?type2=7910&type1=7911&type0=7915&pageIndex=0&goodId=47919,8502 翻蓋 三夾層 車線 兩條帶 肩背 斜背 側背 車線 書本 真皮 真皮斜背 真皮側背 淑女 真皮淑女 斜背包 側背包 晚宴 真皮晚宴,https://pshop.myqr.com.tw/qrssimage/GoodsImage/115/115915.jpg?3
V57304V-210,擺擺流蘇日系斜背包-綠色,時尚女性,女用皮包,經典側/斜背包,綠色,2980,0.0,20,華益皮件,商品描述 ☆Ve 獨家發行經典呈現 精選優質頭層牛皮、頂級質感展現出自然光澤、保留牛皮的天然紋理和韌性、散發出淡淡的皮革氣味. 可斜背 / 側背兩用、容量大小適中、復古簡約的流蘇風格設計、展現個人獨特魅力. ☆Ve 獨家款式限量發售 共推出黑色 / 綠色 二色可以選擇 ◎包款尺寸:長 25*寬 8*高 26 ◎材質:頭層牛皮 ◎主色:黑色 / 綠色 ◎功能:側背 / 斜背 ◎袋口開闔:拉鍊式開口 ◎袋內:手機袋、口袋、拉鍊袋 ◎袋外:拉鍊式口袋 ◎重量:446g 保養方式: ◎清潔:濕布擦拭後請拭乾. ◎保養:皮革類請使用高級皮革保養油、常保持光鮮、弄濕時、請陰乾之(晾乾、風乾)即可. ◎保存所處:避免放在溼氣和陽光直曬的地方、以免破壞包包應有的美麗色澤、防止接觸酸性腐蝕性物品、並請避免接觸油性筆.若是皮革以外的、金屬部份可使用拭銀布擦拭即可. ◎收藏:皮包內塞紙或置入乾燥劑、收藏陰涼通風處. 注意事項 1.如在您購買日起的ㄧ星期內、發現本產品質料有瑕疵時、只要憑著『商品售後服務卡』(每個包包上面會附贈ㄧ張商品售後服務卡)及購買發票和售價卡至原購物地點、無償更換新品! 2.因人為疏忽或未按本公司印製保養標示說明規定內而導致損壞、不在保證範圍內!,無,https://s1.myqr.com.tw/newshop/177/TypeGoods?type2=7910&type1=7911&type0=7915&pageIndex=0&goodId=47639,210 流蘇 個性 側背 斜背 素面 真皮 真皮斜背 真皮側背 真皮素面 淑女 真皮淑女 休閒 真皮休閒,https://pshop.myqr.com.tw/qrssimage/GoodsImage/105/105949.jpg?39
V55310F-9007,雙夾層日系分格便利斜背包-駝色,時尚女性,女用皮包,經典側/斜背包,駝色,2980,0.0,14,華益皮件,商品描述 ☆Ve 獨家發行經典呈現 精選優質頂級牛皮、頂級質感、擁有自然光澤、保留牛皮的天然紋理和韌性、散發出淡淡的皮革氣味 可斜背 / 側背兩用、容量大小適中、素面簡約風格設計、展現個人獨特魅力. ☆Ve 獨家款式限量發售 共推出藍色 / 駝色 / 綠色 / 橙色 四色可以選擇 ◎包款尺寸:長 20*寬 7.5*高 13 ◎材質:進口頭層牛皮 ◎主色:藍色 / 駝色 / 綠色 / 橙色 ◎功能:側背 / 斜背 ◎袋口開闔:拉鍊式開口 ◎袋內:手機袋、口袋、拉鍊袋 ◎袋外:拉鍊式口袋 ◎重量:287g 保養方式: ◎清潔:濕布擦拭後請拭乾. ◎保養:皮革類請使用高級皮革保養油、常保持光鮮、弄濕時、請陰乾之(晾乾、風乾)即可. ◎保存所處:避免放在溼氣和陽光直曬的地方、以免破壞包包應有的美麗色澤、防止接觸酸性腐蝕性物品、並請避免接觸油性筆.若是皮革以外的、金屬部份可使用拭銀布擦拭即可. ◎收藏:皮包內塞紙或置入乾燥劑、收藏陰涼通風處. 注意事項 1.如在您購買日起的ㄧ星期內、發現本產品質料有瑕疵時、只要憑著『商品售後服務卡』(每個包包上面會附贈ㄧ張商品售後服務卡)及購買發票和售價卡至原購物地點、無償更換新品! 2.因人為疏忽或未按本公司印製保養標示說明規定內而導致損壞、不在保證範圍內!,無,https://s1.myqr.com.tw/newshop/177/TypeGoods?type2=7910&type1=7911&type0=7915&pageIndex=0&goodId=47917,9007 雙夾層 寬底.斜背 側背 皮革拉環 兩條帶 織帶背帶 小包 休閒 輕巧 出遊 素面 真皮 真皮斜背 真皮側背 淑女 真皮淑女 休閒 真皮休閒 斜背包 側背包 真皮小包 小包,https://pshop.myqr.com.tw/qrssimage/GoodsImage/115/115928.jpg?74
V57204K-3220,立體手工刺繡音符手提包-綠色,時尚女性,女用皮包,輕量手提包,綠色,2980,0.0,14,華益皮件,商品描述 Ve 輕量尼龍多夾層大方包 ☆Ve 輕量設計獨家發行 嚴選進口高密度防潑水彩色牛津布面料 搭配厚實的牛皮皮革、提升細節與質感 超輕量、觸感柔軟又柔順、顏色飽和且耐看 完美的防潑水功能、輕鬆應付多變的天氣型態 來達到完美合一的效果! 精密刺繡與精細手車縫製結合、打造出全新的時尚品味 ☆Ve 獨家款式限量發售 共推出明星黑 / 桃紅色 / 綠色 三色可以選擇 ◎包款尺寸:長 23*寬 12*高 17.5(手提把高:13cm) ◎材質:頭層牛皮 / 防水布 ◎主色:明星黑 / 桃紅色 / 綠色 ◎功能:手提 / 斜背 / 側背 ◎袋口開闔:拉鍊式開口 ◎袋內:手機袋、口袋、拉鍊袋 ◎袋外:隱藏式口袋 保養方式: ◎清潔:濕布擦拭後請拭乾. ◎保養:皮革類請使用高級皮革保養油、常保持光鮮、弄濕時、請陰乾之(晾乾、風乾)即可. ◎保存所處:避免放在溼氣和陽光直曬的地方、以免破壞包包應有的美麗色澤、防止接觸酸性腐蝕性物品、並請避免接觸油性筆.若是皮革以外的、金屬部份可使用拭銀布擦拭即可. ◎收藏:皮包內塞紙或置入乾燥劑、收藏陰涼通風處. 注意事項 1.如在您購買日起的ㄧ星期內、發現本產品質料有瑕疵時、只要憑著『商品售後服務卡』(每個包包上面會附贈ㄧ張商品售後服務卡)及購買發票和售價卡至原購物地點、無償更換新品! 2.因人為疏忽或未按本公司印製保養標示說明規定內而導致損壞、不在保證範圍內!,無,https://s1.myqr.com.tw/newshop/177/TypeGoods?type2=7910&type1=7911&type0=7916&pageIndex=0&goodId=47933,3220 手提 音符 刺繡 皮扣繩 側背 斜背 三夾層 帆布 帆布斜背 帆布側背 帆布手提 帆布休閒 休閒 斜背包 側背包 手提包 小包 帆布小包 輕量 帆布刺繡,https://pshop.myqr.com.tw/qrssimage/GoodsImage/86/86919.jpg?74
V56310T-3987,多夾層日系實用托特包-米兔,時尚女性,女用皮包,輕量手提包,米兔,2980,0.0,8,華益皮件,商品描述 ☆Ve 獨家發行經典呈現 嚴選進口高密度防潑水彩色牛津布面料 搭配厚實的牛皮皮革、提升細節與質感! 超輕量、觸感柔軟又柔順、顏色飽和且耐看.完美的防潑水功能、輕鬆應付台灣多變的天氣型態、完美合一的效果! 精密刺繡與精細手車縫製結合、打造出全新的時尚品味. ☆Ve 獨家款式限量發售 共推出黑色 / 藍色 / 黑兔 / 米兔 四色可以選擇 ◎包款尺寸:長 25.5*寬 11.5*高 21(手提把高:16cm) ◎材質:頭層牛皮 / 防水布 ◎主色:黑色 / 藍色 / 黑兔 / 米兔 ◎功能:側背 / 斜背 / 手提 ◎袋口開闔:拉鍊式開口 ◎袋內:手機袋、口袋、拉鍊袋 ◎袋外:拉鍊式口袋 ◎重量:480g 保養方式: ◎清潔:濕布擦拭後請拭乾. ◎保養:皮革類請使用高級皮革保養油、常保持光鮮、弄濕時、請陰乾之(晾乾、風乾)即可. ◎保存所處:避免放在溼氣和陽光直曬的地方、以免破壞包包應有的美麗色澤、防止接觸酸性腐蝕性物品、並請避免接觸油性筆.若是皮革以外的、金屬部份可使用拭銀布擦拭即可. ◎收藏:皮包內塞紙或置入乾燥劑、收藏陰涼通風處. 注意事項 1.如在您購買日起的ㄧ星期內、發現本產品質料有瑕疵時、只要憑著『商品售後服務卡』(每個包包上面會附贈ㄧ張商品售後服務卡)及購買發票和售價卡至原購物地點、無償更換新品! 2.因人為疏忽或未按本公司印製保養標示說明規定內而導致損壞、不在保證範圍內!,無,https://s1.myqr.com.tw/newshop/177/TypeGoods?type2=7910&type1=7911&type0=7916&pageIndex=0&goodId=47934,3987 手提 側背 斜背 大開口 寬底 三夾層 收納 滿版 卡通 兔子 花草  兔兔 帆布 帆布斜背 帆布側背 帆布手提 帆布休閒 休閒 斜背包 側背包 手提包 輕量 兔子 動物 帆布花色 特殊花色 帆布特殊花色,https://pshop.myqr.com.tw/qrssimage/GoodsImage/115/115891.jpg?74
V55401T-2119,抓皺質感輕巧輕量手提包-卡其色,時尚女性,女用皮包,輕量手提包,卡其色,2980,0.0,24,華益皮件,商品描述 ☆Ve 獨家發行經典呈現 手工立體感摺衣布料搭配厚實的牛皮皮革、除了兼具實用功能也提升包款質感度. 超輕量、觸感立體有手感、顏色飽和且耐看.布料具有防潑水功能、輕鬆應付多變的天氣型態. ☆Ve 獨家款式限量發售 共推出黑色 / 粉色 / 卡其色 三色可以選擇 ◎包款尺寸:長 26*寬 9.5*高 23(手提把高:19cm) ◎材質:頭層牛皮 ◎主色:黑色 / 粉色 / 卡其色 ◎功能:斜背 / 側背 / 手提 ◎袋口開闔:拉鍊式開口 ◎袋內:手機袋、口袋、拉鍊袋 ◎袋外:拉鍊式口袋 ◎重量:271g 保養方式: ◎清潔:濕布擦拭後請拭乾. ◎保養:皮革類請使用高級皮革保養油、常保持光鮮、弄濕時、請陰乾之(晾乾、風乾)即可. ◎保存所處:避免放在溼氣和陽光直曬的地方、以免破壞包包應有的美麗色澤、防止接觸酸性腐蝕性物品、並請避免接觸油性筆.若是皮革以外的、金屬部份可使用拭銀布擦拭即可. ◎收藏:皮包內塞紙或置入乾燥劑、收藏陰涼通風處. 注意事項 1.如在您購買日起的ㄧ星期內、發現本產品質料有瑕疵時、只要憑著『商品售後服務卡』(每個包包上面會附贈ㄧ張商品售後服務卡)及購買發票和售價卡至原購物地點、無償更換新品! 2.因人為疏忽或未按本公司印製保養標示說明規定內而導致損壞、不在保證範圍內!,無,https://s1.myqr.com.tw/newshop/177/TypeGoods?type2=7910&type1=7911&type0=7916&pageIndex=0&goodId=47642,2119 手提 吊飾 毛吊飾 可愛吊飾 配件 可愛配件 彎月 側背 斜背 肩背 氣質 空氣感 摺衣 皮革拉環 鉚釘四角 帆布 帆布斜背 帆布側背 帆布手提 帆布休閒 休閒 斜背包 側背包 手提包 斜背 側背 帆布斜背包 帆布側背包,https://pshop.myqr.com.tw/qrssimage/GoodsImage/118/118481.jpg?58
V53401P-6658,品牌訂製小巧防潑水手提包-粉色,時尚女性,女用皮包,輕量手提包,粉色,2980,0.0,20,華益皮件,商品描述 ☆Ve 獨家發行經典呈現 嚴選進口高密度防潑水彩色牛津布面料 搭配厚實的牛皮皮革、提升細節與質感! 超輕量、觸感柔軟又柔順、顏色飽和且耐看.完美的防潑水功能、輕鬆應付台灣多變的天氣型態、完美合一的效果! 精密刺繡與精細手車縫製結合、打造出全新的時尚品味. ☆Ve 獨家款式限量發售 共推出黑色 / 粉色 / 卡色 三色可以選擇 ◎包款尺寸:長 24*寬 9.5*高 19(手提把高:12cm) ◎材質:頭層牛皮 / 防水布 ◎主色:黑色 / 粉色 / 卡色 ◎功能:斜背 / 側背 / 手提 ◎袋口開闔:拉鍊式開口 ◎袋內:手機袋、口袋、拉鍊袋 ◎袋外:拉鍊式口袋 ◎重量:235g 保養方式: ◎清潔:濕布擦拭後請拭乾. ◎保養:皮革類請使用高級皮革保養油、常保持光鮮、弄濕時、請陰乾之(晾乾、風乾)即可. ◎保存所處:避免放在溼氣和陽光直曬的地方、以免破壞包包應有的美麗色澤、防止接觸酸性腐蝕性物品、並請避免接觸油性筆.若是皮革以外的、金屬部份可使用拭銀布擦拭即可. ◎收藏:皮包內塞紙或置入乾燥劑、收藏陰涼通風處. 注意事項 1.如在您購買日起的ㄧ星期內、發現本產品質料有瑕疵時、只要憑著『商品售後服務卡』(每個包包上面會附贈ㄧ張商品售後服務卡)及購買發票和售價卡至原購物地點、無償更換新品! 2.因人為疏忽或未按本公司印製保養標示說明規定內而導致損壞、不在保證範圍內!,無,https://s1.myqr.com.tw/newshop/177/TypeGoods?type2=7910&type1=7911&type0=7916&pageIndex=0&goodId=47935,6658 手提 皮革吊牌 波浪紋 波浪形 波浪 側背 斜背 小包 圓弧 圓弧形 可愛 帆布 帆布斜背 帆布側背 帆布休閒 休閒 斜背包 側背包 輕量 帆布斜背包 帆布側背包 斜背 側背 帆布手提 手提包 手提 休閒 帆布休閒,https://pshop.myqr.com.tw/qrssimage/GoodsImage/118/118517.jpg?58
V55312K-3347,獨家輕巧防潑水面料休閒包-黃貓,時尚女性,女用皮包,輕量手提包,黃貓,2980,0.0,16,華益皮件,商品描述 ☆Ve 獨家發行經典呈現 嚴選進口高密度防潑水彩色牛津布面料 搭配厚實的牛皮皮革、提升細節與質感! 超輕量、觸感柔軟又柔順、顏色飽和且耐看.完美的防潑水功能、輕鬆應付台灣多變的天氣型態、完美合一的效果! 精密刺繡與精細手車縫製結合、打造出全新的時尚品味. ☆Ve 獨家款式限量發售 共推出藍色 / 黑色 / 白貓 / 黃貓 四色可以選擇 ◎包款尺寸:長 20*寬 5*高 19(手提把高:9cm) ◎材質:頭層牛皮 / 防水布 ◎主色:藍色 / 黑色 / 白貓 / 黃貓 ◎功能:側背 / 斜背 / 手提 ◎袋口開闔:拉鍊式開口 ◎袋內:手機袋、口袋、拉鍊袋 ◎袋外:拉鍊式口袋 ◎重量:404g 保養方式: ◎清潔:濕布擦拭後請拭乾. ◎保養:皮革類請使用高級皮革保養油、常保持光鮮、弄濕時、請陰乾之(晾乾、風乾)即可. ◎保存所處:避免放在溼氣和陽光直曬的地方、以免破壞包包應有的美麗色澤、防止接觸酸性腐蝕性物品、並請避免接觸油性筆.若是皮革以外的、金屬部份可使用拭銀布擦拭即可. ◎收藏:皮包內塞紙或置入乾燥劑、收藏陰涼通風處. 注意事項 1.如在您購買日起的ㄧ星期內、發現本產品質料有瑕疵時、只要憑著『商品售後服務卡』(每個包包上面會附贈ㄧ張商品售後服務卡)及購買發票和售價卡至原購物地點、無償更換新品! 2.因人為疏忽或未按本公司印製保養標示說明規定內而導致損壞、不在保證範圍內!,無,https://s1.myqr.com.tw/newshop/177/TypeGoods?type2=7910&type1=7911&type0=7916&pageIndex=0&goodId=47643,3347 手提 貓咪 貓 小貓 喵 雙向拉鍊 斜背 側背 小包 可愛 滿版 滿版圖 出遊 手提包 帆布手提 帆布手提包 日系 帆布小包 帆布 帆布斜背 帆布側背 帆布休閒 休閒 斜背包 側背包 輕量 帆布斜背包 帆布側背包 斜背 側背 動物,https://pshop.myqr.com.tw/qrssimage/GoodsImage/115/115861.jpg?94
V57301B-8056,手工抓皺高質感束口手提包-橄欖綠,時尚女性,女用皮包,輕量A4大容量包,橄欖綠,2980,0.0,13,華益皮件,商品描述 Ve 輕量尼龍多夾層大方包 ☆Ve 輕量設計獨家發行 嚴選進口高密度防潑水面料 搭配厚實的牛皮皮革、提升細節與質感! 超輕量、觸感柔軟又柔順、顏色飽和且耐看.完美的防潑水功能、輕鬆應付台灣多變的天氣型態、完美合一的效果! ☆Ve 獨家款式限量發售 共推出明星黑 / 橄欖綠 二色可以選擇 ◎包款尺寸:長 33*寬 11*高 27.5 ◎材質:頭層牛皮 / 防水布 ◎主色:明星黑 / 橄欖綠 ◎功能:側背 / 斜背 / 手提 ◎袋口開闔:拉鍊式開口 ◎袋內:手機袋、口袋、拉鍊袋 ◎袋外:隱藏式口袋 ◎重量:311g 保養方式: ◎清潔:濕布擦拭後請拭乾. ◎保養:皮革類請使用高級皮革保養油、常保持光鮮、弄濕時、請陰乾之(晾乾、風乾)即可. ◎保存所處:避免放在溼氣和陽光直曬的地方、以免破壞包包應有的美麗色澤、防止接觸酸性腐蝕性物品、並請避免接觸油性筆.若是皮革以外的、金屬部份可使用拭銀布擦拭即可. ◎收藏:皮包內塞紙或置入乾燥劑、收藏陰涼通風處. 注意事項 1.如在您購買日起的ㄧ星期內、發現本產品質料有瑕疵時、只要憑著『商品售後服務卡』(每個包包上面會附贈ㄧ張商品售後服務卡)及購買發票和售價卡至原購物地點、無償更換新品! 2.因人為疏忽或未按本公司印製保養標示說明規定內而導致損壞、不在保證範圍內!,無,https://s1.myqr.com.tw/newshop/177/TypeGoods?type2=7910&type1=7911&type0=7917&pageIndex=0&goodId=47644,8056 束口 大容量 大開口 流蘇 素面 絲光 側背 斜背 帆布 帆布斜背 帆布側背 帆布手提 帆布休閒 休閒 斜背包 側背包 手提包 帆布淑女 淑女 帆布大包 大包 帆布大容量 帆布A4 大容量 A4,https://pshop.myqr.com.tw/qrssimage/GoodsImage/99/99433.jpg?94
V31312K-3331,多口袋夾層A4大容量托特包-黑色,時尚女性,女用皮包,輕量A4大容量包,黑色,3290,0.0,4,華益皮件,商品描述 ☆Ve 獨家發行經典呈現 嚴選進口高密度防潑水彩色牛津布面料 搭配厚實的牛皮皮革、提升細節與質感! 超輕量、觸感柔軟又柔順、顏色飽和且耐看.完美的防潑水功能、輕鬆應付台灣多變的天氣型態、完美合一的效果! 精密刺繡與精細手車縫製結合、打造出全新的時尚品味. ☆Ve 獨家款式限量發售 共推出藍色 / 黑色 二色可以選擇 ◎包款尺寸:長 30*寬 11*高 26(手提把高:15cm) ◎材質:頭層牛皮 / 防水布 ◎主色:藍色 / 黑色 ◎功能:側背 / 斜背 / 手提 ◎袋口開闔:拉鍊式開口 ◎袋內:手機袋、口袋、拉鍊袋 ◎袋外:拉鍊式口袋 ◎重量:681g 保養方式: ◎清潔:濕布擦拭後請拭乾. ◎保養:皮革類請使用高級皮革保養油、常保持光鮮、弄濕時、請陰乾之(晾乾、風乾)即可. ◎保存所處:避免放在溼氣和陽光直曬的地方、以免破壞包包應有的美麗色澤、防止接觸酸性腐蝕性物品、並請避免接觸油性筆.若是皮革以外的、金屬部份可使用拭銀布擦拭即可. ◎收藏:皮包內塞紙或置入乾燥劑、收藏陰涼通風處. 注意事項 1.如在您購買日起的ㄧ星期內、發現本產品質料有瑕疵時、只要憑著『商品售後服務卡』(每個包包上面會附贈ㄧ張商品售後服務卡)及購買發票和售價卡至原購物地點、無償更換新品! 2.因人為疏忽或未按本公司印製保養標示說明規定內而導致損壞、不在保證範圍內!,無,https://s1.myqr.com.tw/newshop/177/TypeGoods?type2=7910&type1=7911&type0=7917&pageIndex=0&goodId=47948,3331 A4大容量 可A4包包 手提 肩背 斜背 大開口 大容量 寬底 霧面手感布 水壺袋 刷色感 收納 方形 托特包 帆布 帆布斜背 帆布側背 帆布手提 帆布休閒 休閒 斜背包 側背包 手提包 斜背 側背 帆布斜背包 帆布側背包 帆布手提包 帆布大包 大包 帆布大容量 帆布A4 大容量 A4,https://pshop.myqr.com.tw/qrssimage/GoodsImage/115/115959.jpg?78
V85310E-8503,前小口袋巧思大容量休閒包-卡其色,時尚女性,女用皮包,輕量A4大容量包,卡其色,3480,0.0,15,華益皮件,商品描述 ☆Ve 獨家發行經典呈現 精選優質牛皮、壓印工藝 擁有自然光澤、保留牛皮的天然紋理和韌性、散發出淡淡的皮革氣味 可肩背 / 斜背 / 側背三用、容量大小適中、時尚有型 包款全面展現獨特刷色感設計 輕鬆就打造出名個人獨特風采! ☆Ve 獨家款式限量發售 共推出牛仔藍 / 黑色 / 磚紅色 / 卡其色 四色可以選擇 ◎包款尺寸:長 36*寬 13*高 23 ◎材質:進口頭層牛皮 ◎主色:藍牛仔藍 / 黑色 / 磚紅色 / 卡其色 ◎功能:側背 / 斜背 ◎袋口開闔:拉鍊式開口 ◎袋內:手機袋、口袋、拉鍊袋 ◎袋外:拉鍊式口袋 ◎重量:590g 保養方式: ◎清潔:濕布擦拭後請拭乾. ◎保養:皮革類請使用高級皮革保養油、常保持光鮮、弄濕時、請陰乾之(晾乾、風乾)即可. ◎保存所處:避免放在溼氣和陽光直曬的地方、以免破壞包包應有的美麗色澤、防止接觸酸性腐蝕性物品、並請避免接觸油性筆.若是皮革以外的、金屬部份可使用拭銀布擦拭即可. ◎收藏:皮包內塞紙或置入乾燥劑、收藏陰涼通風處. 注意事項 1.如在您購買日起的ㄧ星期內、發現本產品質料有瑕疵時、只要憑著『商品售後服務卡』(每個包包上面會附贈ㄧ張商品售後服務卡)及購買發票和售價卡至原購物地點、無償更換新品! 2.因人為疏忽或未按本公司印製保養標示說明規定內而導致損壞、不在保證範圍內!,無,https://s1.myqr.com.tw/newshop/177/TypeGoods?type2=7910&type1=7911&type0=7917&pageIndex=0&goodId=47949,8503 寬底 角釘4 彎月包包 彎月造型 單條袋肩背 單提把肩背 大開口 皮革拉環 素面包包 真皮斜背包 真皮側背包 真皮休閒包包 真皮大容量包包 真皮A4 口袋造型 土壤色系列  卡其色包包 卡其色大包 卡其色CR大包 卡其色真皮CR大包 卡其色斜背包 卡其色肩背包 卡其色真皮包包 卡其色真皮大包 土黃色包包 土黃色大包 土黃色CR大包 土黃色真皮CR大包 土黃色肩背包 土黃色斜背包 土黃色真皮包包 土黃色真皮大包 駝色包包 駝色大包 駝色CR大包 駝色肩背包 駝色斜背包 駝色真皮包包 駝色真皮大包 駝色真皮CR大包 土黃色彎月包 駝色彎月包 卡其色彎月包 土黃色真皮彎月包 駝色真皮彎月包 卡其色彎月包 可塞摩托車箱內 Soft bag,https://pshop.myqr.com.tw/qrssimage/GoodsImage/116/116213.jpg?78
V87407K-3138,(Ⅱ)手工刺繡旋轉音符三用包-綠色,時尚女性,女用皮包,輕量後背包,綠色,3480,0.0,17,華益皮件,商品描述 ☆Ve 輕量設計獨家發行 這款音符刺繡滿版圖案的後背包、結合時尚與實用功能、輕鬆兼具肩背和後背兩用設計.背部採用減壓軟墊設計、讓長時間背負也能保持舒適.背帶設計靈活、可根據需求拆除或加裝、滿足不同使用場景. 包款的開口設計非常寬敞、方便快速取用物品、內部設計則相當實用、包含兩個小物插袋、一個大插袋及一個拉鍊夾層、讓你的隨身物品井然有序.包包側邊設有可加寬的夾層、讓你可以根據需要輕鬆擴展空間. 這款後背包無論是日常出行還是輕旅行、都是一個兼具時尚與舒適的理想選擇. ☆Ve 獨家款式限量發售 共推出黑色 / 綠色 / 藍色 三色可以選擇 ◎包款尺寸(cm):長 26&times;寬 11.5&times;高 31 材質:頭層牛皮 / 防水布 ◎主色:黑色 / 綠色 / 藍色 ◎功能:側背 / 斜背 / 手提 ◎袋口開闔:拉鍊式 ◎袋內:內層拉鍊夾層&times;1 插袋&times;1 小物插袋&times;2 ◎袋外:前側拉鍊&times;1 後側拉鍊 ◎重量(g):664g ※保養方式: ◎清潔:濕布擦拭後請拭乾. ◎保養:皮革類請使用高級皮革保養油、常保持光鮮、弄濕時、請陰乾之(晾乾、風乾)即可. ◎保存所處:避免放在溼氣和陽光直曬的地方、以免破壞包包應有的美麗色澤、防止接觸酸性腐蝕性物品、並請避免接觸油性筆.若是皮革以外的、金屬部份可使用拭銀布擦拭即可. ◎收藏:皮包內塞紙或置入乾燥劑、收藏陰涼通風處. 注意事項 1.如在您購買日起的ㄧ星期內、發現本產品質料有瑕疵時、只要憑著『商品售後服務卡』(每個包包上面會附贈ㄧ張商品售後服務卡)及購買發票和售價卡至原購物地點、無償更換新品! 2.因人為疏忽或未按本公司印製保養標示說明規定內而導致損壞、不在保證範圍內!,無,https://s1.myqr.com.tw/newshop/177/TypeGoods?type2=7910&type1=7911&type0=7918&pageIndex=0&goodId=47645,3138 單提把 水壺鬆緊調整 刺繡音符刺繡 帆布刺繡 滿版圖刺繡滿版圖 U型開口 寬底 綠色系列 綠色包包 綠色大包 綠色CR大包 綠色肩背包 綠色後背包 綠色休閒包 綠色帆布包包 綠色帆布大包 綠色帆布CR大包 綠色帆布肩背包 綠色帆布後背包 綠色帆布休閒包,https://pshop.myqr.com.tw/qrssimage/GoodsImage/121/121310.jpg?14
V50302K-2871,(Ⅱ)格紋裝飾配色兩用後背包-藍色,時尚女性,女用皮包,輕量後背包,藍色,2980,0.0,25,華益皮件,商品描述 輕量後背迷彩尼龍包 ☆Ve 獨家限量經典呈現 嚴選空氣感防水輕盈尼龍布面料搭配高級牛皮面料 空氣感設計、折疊後攤開也不易產生褶皺 手感順滑輕盈、布料防潑水、耐髒、快乾、好清理 完美的防水又輕盈減壓的功能、包兩側加大貼心設計、可供妳隨心所欲放置心愛物品、前有拉鍊放置小物設計、讓妳愛不釋手! ☆Ve 獨家推薦限量發售 共推出黑色 / 藍色 二色可以選擇 ◎包款尺寸:長 27*寬 13*高 33(手提把高:9cm) ◎材質:進口頭層牛皮 / 防水牛津布 ◎主色:黑色 / 藍色 ◎功能:後背 / 手提 ◎袋口開闔:拉鍊式開口 ◎袋內:手機袋、口袋、拉鍊袋 ◎袋外:拉鍊式口袋 ◎重量:641g 保養方式: ◎清潔:濕布擦拭後請拭乾. ◎保養:皮革類請使用高級皮革保養油、常保持光鮮、弄濕時、請陰乾之(晾乾、風乾)即可. ◎保存所處:避免放在溼氣和陽光直曬的地方、以免破壞包包應有的美麗色澤、防止接觸酸性腐蝕性物品、並請避免接觸油性筆.若是皮革以外的、金屬部份可使用拭銀布擦拭即可. ◎收藏:皮包內塞紙或置入乾燥劑、收藏陰涼通風處. 注意事項 1.如在您購買日起的ㄧ星期內、發現本產品質料有瑕疵時、只要憑著『商品售後服務卡』(每個包包上面會附贈ㄧ張商品售後服務卡)及購買發票和售價卡至原購物地點、無償更換新品! 2.因人為疏忽或未按本公司印製保養標示說明規定內而導致損壞、不在保證範圍內!,無,https://s1.myqr.com.tw/newshop/177/TypeGoods?type2=7910&type1=7911&type0=7918&pageIndex=0&goodId=47938,2871 兩用包 側背 斜背 後背 側斜背 水壺袋 單提把 帆布休閒 休閒 格紋 手提 帆布 帆布斜背 帆布側背 帆布手提 帆布休閒 休閒 斜背包 側背包 手提包 帆布後背 後背包 帆布淑女 淑女 輕量,https://pshop.myqr.com.tw/qrssimage/GoodsImage/99/99411.jpg?14
V50001K-2980,(I)(II)星星撞色多夾層後背包-星星藍,時尚女性,女用皮包,輕量後背包,星星藍,2980,0.0,7,華益皮件,商品描述 Ve 輕量尼龍多夾層大方包 ☆Ve 輕量設計獨家發行 嚴選進口高密度防潑水彩色牛津布面料 搭配厚實的牛皮皮革、提升細節與質感 超輕量、觸感柔軟又柔順、顏色飽和且耐看 完美的防潑水功能、輕鬆應付多變的天氣型態 來達到完美合一的效果! 混搭又撞色的異材質流暢結合、竟如此結合無違、打造出全新的時尚品味 ☆Ve 獨家款式限量發售 共推出星星藍 / 星星黑 / 星星紅 三色可以選擇 ◎包款尺寸:長 36*寬 15*高 23(手提把高:9cm) ◎材質:牛皮 / 防水牛津布 ◎主色:星星藍 / 星星黑 / 星星紅 ◎功能:後背 / 手提 ◎袋口開闔:拉鍊式開口 ◎袋內:手機袋、口袋、拉鍊袋 ◎袋外:隱藏式口袋 保養方式: ◎清潔:濕布擦拭後請拭乾. ◎保養:皮革類請使用高級皮革保養油、常保持光鮮、弄濕時、請陰乾之(晾乾、風乾)即可. ◎保存所處:避免放在溼氣和陽光直曬的地方、以免破壞包包應有的美麗色澤、防止接觸酸性腐蝕性物品、並請避免接觸油性筆.若是皮革以外的、金屬部份可使用拭銀布擦拭即可. ◎收藏:皮包內塞紙或置入乾燥劑、收藏陰涼通風處. 注意事項 1.如在您購買日起的ㄧ星期內、發現本產品質料有瑕疵時、只要憑著『商品售後服務卡』(每個包包上面會附贈ㄧ張商品售後服務卡)及購買發票和售價卡至原購物地點、無償更換新品! 2.因人為疏忽或未按本公司印製保養標示說明規定內而導致損壞、不在保證範圍內!,無,https://s1.myqr.com.tw/newshop/177/TypeGoods?type2=7910&type1=7911&type0=7918&pageIndex=0&goodId=47936,2980 星星 滿天星 水壺 單提把 星空 後背 手提 手提包 帆布後背 後背包 帆布手提 帆布 輕量 帆布休閒 休閒,https://pshop.myqr.com.tw/qrssimage/GoodsImage/57/57877.jpg?50
V51001K-2732,(II)迷彩雙側口袋後背包-迷彩黑,時尚女性,女用皮包,輕量後背包,迷彩黑,2980,0.0,8,華益皮件,商品描述 Ve 輕量尼龍多夾層大方包 ☆Ve 輕量設計獨家發行 嚴選進口高密度防潑水彩色牛津布面料 搭配厚實的牛皮皮革、提升細節與質感 超輕量、觸感柔軟又柔順、顏色飽和且耐看 完美的防潑水功能、輕鬆應付多變的天氣型態 來達到完美合一的效果! 混搭又撞色的異材質流暢結合、竟如此結合無違、打造出全新的時尚品味 ☆Ve 獨家款式限量發售 共推出迷彩黑 / 迷彩灰 / 迷彩藍 三色可以選擇 ◎包款尺寸:長 33*寬 11*高 36(手提把高:8cm) ◎材質:牛皮 / 防水牛津布 ◎主色:迷彩黑 / 迷彩灰 / 迷彩藍 ◎功能:後背 / 手提 ◎袋口開闔:拉鍊式開口 ◎袋內:手機袋、口袋、拉鍊袋 ◎袋外:隱藏式口袋 保養方式: ◎清潔:濕布擦拭後請拭乾. ◎保養:皮革類請使用高級皮革保養油、常保持光鮮、弄濕時、請陰乾之(晾乾、風乾)即可. ◎保存所處:避免放在溼氣和陽光直曬的地方、以免破壞包包應有的美麗色澤、防止接觸酸性腐蝕性物品、並請避免接觸油性筆.若是皮革以外的、金屬部份可使用拭銀布擦拭即可. ◎收藏:皮包內塞紙或置入乾燥劑、收藏陰涼通風處. 注意事項 1.如在您購買日起的ㄧ星期內、發現本產品質料有瑕疵時、只要憑著『商品售後服務卡』(每個包包上面會附贈ㄧ張商品售後服務卡)及購買發票和售價卡至原購物地點、無償更換新品! 2.因人為疏忽或未按本公司印製保養標示說明規定內而導致損壞、不在保證範圍內!,無,https://s1.myqr.com.tw/newshop/177/TypeGoods?type2=7910&type1=7911&type0=7918&pageIndex=0&goodId=47937,2732 防盜 單提把 水壺 後背 手提 迷彩 手提包 帆布後背 後背包 帆布手提 帆布 輕量 帆布休閒 休閒,https://pshop.myqr.com.tw/qrssimage/GoodsImage/68/68014.jpg?50
V50307B-8035,(III)多功能輕量後背包-單車,時尚女性,女用皮包,輕量後背包,單車,2980,0.0,8,華益皮件,商品描述 ☆Ve 獨家發行經典呈現 嚴選進口高密度防潑水彩色牛津布面料 搭配厚實的牛皮皮革、提升細節與質感 超輕量、觸感柔軟又柔順、顏色飽和且耐看 完美的防潑水功能、輕鬆應付多變的天氣型態 來達到完美合一的效果! 精密刺繡與精細手車縫製結合、打造出全新的時尚品味 ☆Ve 獨家款式限量發售 共推出單車 / 馬車 ◎包款尺寸:長 25*寬 10*高 36(手提把高:9cm) ◎材質:頭層牛皮 / 防水布 ◎主色:單車 / 馬車 ◎功能:手提 / 後背 ◎袋口開闔:拉鍊式開口 ◎袋內:手機袋、口袋、拉鍊袋 ◎袋外:拉鍊式口袋 ◎重量:700g 保養方式: ◎清潔:濕布擦拭後請拭乾. ◎保養:皮革類請使用高級皮革保養油、常保持光鮮、弄濕時、請陰乾之(晾乾、風乾)即可. ◎保存所處:避免放在溼氣和陽光直曬的地方、以免破壞包包應有的美麗色澤、防止接觸酸性腐蝕性物品、並請避免接觸油性筆.若是皮革以外的、金屬部份可使用拭銀布擦拭即可. ◎收藏:皮包內塞紙或置入乾燥劑、收藏陰涼通風處. 注意事項 1.如在您購買日起的ㄧ星期內、發現本產品質料有瑕疵時、只要憑著『商品售後服務卡』(每個包包上面會附贈ㄧ張商品售後服務卡)及購買發票和售價卡至原購物地點、無償更換新品! 2.因人為疏忽或未按本公司印製保養標示說明規定內而導致損壞、不在保證範圍內!,無,https://s1.myqr.com.tw/newshop/177/TypeGoods?type2=7910&type1=7911&type0=7918&pageIndex=0&goodId=47647,8035 滿版圖 水壺 後背 單提把 手提包 帆布後背 後背包 帆布手提 帆布 輕量 後背 手提 帆布休閒 休閒 英倫風 馬車 出遊,https://pshop.myqr.com.tw/qrssimage/GoodsImage/107/107196.jpg?33
V31401B-1059,手感撞色防波水尼龍後背包-黑色,時尚女性,女用皮包,輕量後背包,黑色,3290,0.0,12,華益皮件,商品描述 ☆Ve 獨家發行經典呈現 精選優質頂級牛皮、頂級質感、擁有自然光澤、保留牛皮的天然紋理和韌性、散發出淡淡的皮革氣味 可手提 / 後背兩用、容量大小適中、素面簡約風格設計、展現個人獨特魅力. ☆Ve 獨家款式限量發售 共推出黑色 / 卡其色 二色可以選擇 ◎包款尺寸:長 24.5*寬 11.5*高 30(手提把高:8cm) ◎材質:頭層牛皮 / 防水布 ◎主色:黑色 / 卡其色 ◎功能:後背 / 手提 ◎袋口開闔:拉鍊式開口 ◎袋內:手機袋、口袋、拉鍊袋 ◎袋外:拉鍊式口袋 ◎重量:698g 保養方式: ◎清潔:濕布擦拭後請拭乾. ◎保養:皮革類請使用高級皮革保養油、常保持光鮮、弄濕時、請陰乾之(晾乾、風乾)即可. ◎保存所處:避免放在溼氣和陽光直曬的地方、以免破壞包包應有的美麗色澤、防止接觸酸性腐蝕性物品、並請避免接觸油性筆.若是皮革以外的、金屬部份可使用拭銀布擦拭即可. ◎收藏:皮包內塞紙或置入乾燥劑、收藏陰涼通風處. 注意事項 1.如在您購買日起的ㄧ星期內、發現本產品質料有瑕疵時、只要憑著『商品售後服務卡』(每個包包上面會附贈ㄧ張商品售後服務卡)及購買發票和售價卡至原購物地點、無償更換新品! 2.因人為疏忽或未按本公司印製保養標示說明規定內而導致損壞、不在保證範圍內!,無,https://s1.myqr.com.tw/newshop/177/TypeGoods?type2=7910&type1=7911&type0=7918&pageIndex=0&goodId=47940,1059 手提 後背 雙拉鍊 水壺 大開口 皮革拉環 皮革吊飾 流蘇吊飾 寬底 菱形粗車線 帆布 帆布手提 帆布休閒 休閒 帆布後背 後背包 後背 帆布後背包,https://pshop.myqr.com.tw/qrssimage/GoodsImage/118/118560.jpg?33
V50312K-3207,低調防潑水實用雙口袋後背包-藍色,時尚女性,女用皮包,輕量後背包,藍色,2980,0.0,9,華益皮件,商品描述 ☆Ve 獨家發行經典呈現 嚴選進口高密度防潑水彩色牛津布面料 搭配厚實的牛皮皮革、提升細節與質感! 超輕量、觸感柔軟又柔順、顏色飽和且耐看.完美的防潑水功能、輕鬆應付台灣多變的天氣型態、完美合一的效果! 精密刺繡與精細手車縫製結合、打造出全新的時尚品味. ☆Ve 獨家款式限量發售 共推出藍色 / 黑色 ◎包款尺寸:長 25*寬 10*高 33(手提把高:7cm) ◎材質:頭層牛皮 / 防水布 ◎主色:藍色 / 黑色 ◎功能:手提 / 後背 ◎袋口開闔:拉鍊式開口 ◎袋內:手機袋、口袋、拉鍊袋 ◎袋外:拉鍊式口袋 ◎重量:752g 保養方式: ◎清潔:濕布擦拭後請拭乾. ◎保養:皮革類請使用高級皮革保養油、常保持光鮮、弄濕時、請陰乾之(晾乾、風乾)即可. ◎保存所處:避免放在溼氣和陽光直曬的地方、以免破壞包包應有的美麗色澤、防止接觸酸性腐蝕性物品、並請避免接觸油性筆.若是皮革以外的、金屬部份可使用拭銀布擦拭即可. ◎收藏:皮包內塞紙或置入乾燥劑、收藏陰涼通風處. 注意事項 1.如在您購買日起的ㄧ星期內、發現本產品質料有瑕疵時、只要憑著『商品售後服務卡』(每個包包上面會附贈ㄧ張商品售後服務卡)及購買發票和售價卡至原購物地點、無償更換新品! 2.因人為疏忽或未按本公司印製保養標示說明規定內而導致損壞、不在保證範圍內!,無,https://s1.myqr.com.tw/newshop/177/TypeGoods?type2=7910&type1=7911&type0=7918&pageIndex=0&goodId=47646,3207 水壺 雙夾層 兩夾層 雙向拉鍊 霧面手感布 大開口 後背 減壓 手提 帆布 帆布休閒 休閒 手提包 帆布後背 後背包 帆布手提 帆布手提包 帆布後背包 素面,https://pshop.myqr.com.tw/qrssimage/GoodsImage/115/115736.jpg?69
V57401B-1018,前流蘇防波水撞色尼龍後背包-草綠色,時尚女性,女用皮包,輕量後背包,草綠色,2980,0.0,29,華益皮件,商品描述 ☆Ve 獨家發行經典呈現 嚴選進口高密度防潑水彩色牛津布面料 搭配厚實的牛皮皮革、提升細節與質感! 超輕量、觸感柔軟又柔順、顏色飽和且耐看.完美的防潑水功能、輕鬆應付台灣多變的天氣型態、完美合一的效果! ☆Ve 獨家款式限量發售 共推出草綠色 / 奶茶色 / 墨綠色 三色可以選擇 ◎包款尺寸:長 25*寬 10.5*高 28(手提把高:8cm) ◎材質:頭層牛皮 / 防水布 ◎主色:草綠色 / 奶茶色 / 墨綠色 ◎功能:後背 / 手提 ◎袋口開闔:拉鍊式開口 ◎袋內:手機袋、口袋、拉鍊袋 ◎袋外:拉鍊式口袋 ◎重量:555g 保養方式: ◎清潔:濕布擦拭後請拭乾. ◎保養:皮革類請使用高級皮革保養油、常保持光鮮、弄濕時、請陰乾之(晾乾、風乾)即可. ◎保存所處:避免放在溼氣和陽光直曬的地方、以免破壞包包應有的美麗色澤、防止接觸酸性腐蝕性物品、並請避免接觸油性筆.若是皮革以外的、金屬部份可使用拭銀布擦拭即可. ◎收藏:皮包內塞紙或置入乾燥劑、收藏陰涼通風處. 注意事項 1.如在您購買日起的ㄧ星期內、發現本產品質料有瑕疵時、只要憑著『商品售後服務卡』(每個包包上面會附贈ㄧ張商品售後服務卡)及購買發票和售價卡至原購物地點、無償更換新品! 2.因人為疏忽或未按本公司印製保養標示說明規定內而導致損壞、不在保證範圍內!,無,https://s1.myqr.com.tw/newshop/177/TypeGoods?type2=7910&type1=7911&type0=7918&pageIndex=0&goodId=47941,1018 後背 手提 u型拉鍊 皮革吊飾 水壺 可調水壺 撞色 皮革拉環 U型拉鍊 出遊 大開口 帆布 帆布手提 帆布休閒 休閒 帆布後背 後背包 後背 帆布後背包,https://pshop.myqr.com.tw/qrssimage/GoodsImage/118/118982.jpg?69
V52308B-8504,獨家滿版料多夾層後背包-咖啡杯,時尚女性,女用皮包,輕量後背包,咖啡杯,2980,0.0,9,華益皮件,商品描述 ☆Ve 獨家發行經典呈現 嚴選進口高密度防潑水彩色牛津布面料 搭配厚實的牛皮皮革、提升細節與質感 超輕量、觸感柔軟又柔順、顏色飽和且耐看 完美的防潑水功能、輕鬆應付多變的天氣型態 來達到完美合一的效果! 精密刺繡與精細手車縫製結合、打造出全新的時尚品味 ☆Ve 獨家款式限量發售 共推出咖啡杯 / 芭蕉葉 ◎包款尺寸:長 30*寬 14.5*高 38(手提把高:8cm) ◎材質:頭層牛皮 / 防水布 ◎主色:咖啡杯 / 芭蕉葉 ◎功能:手提 / 後背 ◎袋口開闔:拉鍊式開口 ◎袋內:手機袋、口袋、拉鍊袋 ◎袋外:拉鍊式口袋 ◎重量:620g 保養方式: ◎清潔:濕布擦拭後請拭乾. ◎保養:皮革類請使用高級皮革保養油、常保持光鮮、弄濕時、請陰乾之(晾乾、風乾)即可. ◎保存所處:避免放在溼氣和陽光直曬的地方、以免破壞包包應有的美麗色澤、防止接觸酸性腐蝕性物品、並請避免接觸油性筆.若是皮革以外的、金屬部份可使用拭銀布擦拭即可. ◎收藏:皮包內塞紙或置入乾燥劑、收藏陰涼通風處. 注意事項 1.如在您購買日起的ㄧ星期內、發現本產品質料有瑕疵時、只要憑著『商品售後服務卡』(每個包包上面會附贈ㄧ張商品售後服務卡)及購買發票和售價卡至原購物地點、無償更換新品! 2.因人為疏忽或未按本公司印製保養標示說明規定內而導致損壞、不在保證範圍內!,無,https://s1.myqr.com.tw/newshop/177/TypeGoods?type2=7910&type1=7911&type0=7918&pageIndex=0&goodId=47939,8504 大容量 大開口 皮牌吊飾 金屬吊飾 寬底 滿版圖 水壺 後背 單提把 手提包 帆布後背 後背包 帆布手提 帆布 輕量 後背 手提 帆布休閒 休閒 咖啡杯 出遊 文青 甜甜圈 可愛 咖啡 旅行 杯子 卡通,https://pshop.myqr.com.tw/qrssimage/GoodsImage/107/107200.jpg?69
V72311D-8786,重工手工編織手提包-棕色,時尚女性,女用皮包,羊皮手提包,棕色,3980,0.0,12,華益皮件,商品描述 ☆Ve 獨家發行經典呈現 精選優質頂級牛皮、頂級質感、擁有自然光澤、保留牛皮的天然紋理和韌性、散發出淡淡的皮革氣味 可斜背 / 側背 / 手提三用、容量大小適中、素面簡約風格設計、展現個人獨特魅力. ☆Ve 獨家款式限量發售 共推出黑色 / 藍色 / 梨黃色 / 棕色 四色可以選擇 ◎包款尺寸:長 23*寬 10.5*高*15(手提把高:6cm) ◎材質:進口羊皮 ◎主色:黑色 / 藍色 / 梨黃色 / 棕色 ◎功能:側背 / 手提 / 斜背 ◎袋口開闔:拉鍊式開口 ◎袋內:手機袋、口袋、拉鍊袋 ◎袋外:拉鍊式口袋 ◎重量:301g 保養方式: ◎清潔:濕布擦拭後請拭乾. ◎保養:皮革類請使用高級皮革保養油、常保持光鮮、弄濕時、請陰乾之(晾乾、風乾)即可. ◎保存所處:避免放在溼氣和陽光直曬的地方、以免破壞包包應有的美麗色澤、防止接觸酸性腐蝕性物品、並請避免接觸油性筆.若是皮革以外的、金屬部份可使用拭銀布擦拭即可. ◎收藏:皮包內塞紙或置入乾燥劑、收藏陰涼通風處. 注意事項 1.如在您購買日起的ㄧ星期內、發現本產品質料有瑕疵時、只要憑著『商品售後服務卡』(每個包包上面會附贈ㄧ張商品售後服務卡)及購買發票和售價卡至原購物地點、無償更換新品! 2.因人為疏忽或未按本公司印製保養標示說明規定內而導致損壞、不在保證範圍內!,無,https://s1.myqr.com.tw/newshop/177/TypeGoods?type2=7910&type1=7911&type0=7919&pageIndex=0&goodId=47648,8786 手提 小包 編織 柔軟 斜背 側背 bv bv包 皮革拉環 寬底 百搭 經典 編織包 羊皮手提 羊皮手提包 羊皮側背 羊皮側背包 羊皮斜背 羊皮斜背包 斜背包 側背包 手提包 羊皮 羊皮小包,https://pshop.myqr.com.tw/qrssimage/GoodsImage/116/116478.jpg?5
V89307G-6583,(II)前扣式日系簡約後背包-灰色,時尚女性,女用皮包,經典後背包,灰色,3480,0.0,6,華益皮件,商品描述 Ve 經典時尚後背包 ★Ve 獨家發行經典呈現 精選優質牛皮、壓印工藝 擁有自然光澤、保留牛皮的天然紋理和韌性、散發出淡淡的皮革氣味 可後背 / 手提兩用、容量大小適中、時尚有型 包款全面展現獨特刷色感設計 輕鬆就打造出名個人獨特風采! ★Ve 獨家款式限量發售 共推出黑色 / 灰色 / 杏色 / 藍色 四色可以選擇 ◎包款尺寸:長 25*寬 9.5*高 28(手提把高:8cm) ◎材質:進口頭層牛皮 ◎主色:黑色 / 灰色 / 杏色 / 藍色 ◎功能:後背 / 手提 ◎袋口開闔:拉鍊式開口 ◎袋內:手機袋、口袋、拉鍊袋 ◎袋外:拉鍊式口袋 ◎重量:670g 保養方式: ◎清潔:濕布擦拭後請拭乾. ◎保養:皮革類請使用高級皮革保養油、常保持光鮮、弄濕時、請陰乾之(晾乾、風乾)即可. ◎保存所處:避免放在溼氣和陽光直曬的地方、以免破壞包包應有的美麗色澤、防止接觸酸性腐蝕性物品、並請避免接觸油性筆.若是皮革以外的、金屬部份可使用拭銀布擦拭即可. ◎收藏:皮包內塞紙或置入乾燥劑、收藏陰涼通風處. 注意事項 1.如在您購買日起的ㄧ星期內、發現本產品質料有瑕疵時、只要憑著『商品售後服務卡』(每個包包上面會附贈ㄧ張商品售後服務卡)及購買發票和售價卡至原購物地點、無償更換新品! 2.因人為疏忽或未按本公司印製保養標示說明規定內而導致損壞、不在保證範圍內!,無,https://s1.myqr.com.tw/newshop/177/TypeGoods?type2=7910&type1=7911&type0=7964&pageIndex=0&goodId=47902,6583 雙拉鍊 皮牌拉環 皮革拉環 鉚釘元素 寬底 水壺 單提把 紅唇造型 織帶背帶 大開口 莫蘭迪色系 灰色包包 灰色中大包 灰色大包 灰色後背包 灰色肩背包 灰色休閒包 灰色素面包包 灰色素色包包 灰色真皮包包 灰色真皮中大包 灰色真皮大包 灰色真皮後背包 灰色真皮肩背包 灰色真皮休閒包 灰色真皮素面包包 灰色真皮素色包包 後背肩背2WAY,https://pshop.myqr.com.tw/qrssimage/GoodsImage/107/107348.jpg?88
V81307G-0106,(II)經典魚兒吊飾實用後背包-黑色,時尚女性,女用皮包,經典後背包,黑色,3480,0.0,9,華益皮件,商品描述 ★Ve 輕量設計獨家發行 精選優質頂級牛皮、頂級質感、擁有自然光澤、保留牛皮的天然紋理和韌性、散發出淡淡的皮革氣味 可手提 / 後背兩用、容量大小適中、素面簡約風格設計、展現個人獨特魅力. ★Ve 獨家款式限量發售 共推出黑色 / 粉色 / 奶酪色 / 灰色 四色可以選擇 ◎包款尺寸:長 25*寬 12*高 30(手提把高:8cm) ◎材質:進口頭層牛皮 ◎主色:黑色 / 粉色 / 奶酪色 / 灰色 ◎功能:手提 / 後背 ◎袋口開闔:拉鍊式開口 ◎袋內:手機袋、口袋、拉鍊袋 ◎袋外:隱藏式口袋 ◎重量:746g 保養方式: ◎清潔:濕布擦拭後請拭乾. ◎保養:皮革類請使用高級皮革保養油、常保持光鮮、弄濕時、請陰乾之(晾乾、風乾)即可. ◎保存所處:避免放在溼氣和陽光直曬的地方、以免破壞包包應有的美麗色澤、防止接觸酸性腐蝕性物品、並請避免接觸油性筆.若是皮革以外的、金屬部份可使用拭銀布擦拭即可. ◎收藏:皮包內塞紙或置入乾燥劑、收藏陰涼通風處. 注意事項 1.如在您購買日起的ㄧ星期內、發現本產品質料有瑕疵時、只要憑著『商品售後服務卡』(每個包包上面會附贈ㄧ張商品售後服務卡)及購買發票和售價卡至原購物地點、無償更換新品! 2.因人為疏忽或未按本公司印製保養標示說明規定內而導致損壞、不在保證範圍內!,無,https://s1.myqr.com.tw/newshop/177/TypeGoods?type2=7910&type1=7911&type0=7964&pageIndex=0&goodId=47901,0106 單提把 水壺 雙夾層 三夾層 織帶背帶 皮革拉環 皮牌拉環 寬底 織帶背帶 大開口 深色系列 暗色系列 黑色系列 黑色包包 黑色大包 黑色CR大包 黑色後背包 黑色肩背包 黑色休閒包 黑色真皮CR大包 黑色素色包包 黑色素面包包 黑色真皮包包 黑色真皮大包 黑色真皮後背包 黑色真皮肩背包 黑色真皮休閒包 黑色真皮素色包包 黑色真皮素面包包 肩背後背2WAY,https://pshop.myqr.com.tw/qrssimage/GoodsImage/107/107330.jpg?88
V85312H-633,小巧可愛風格多拉鍊後背包-奶黃色,時尚女性,女用皮包,經典後背包,奶黃色,3480,0.0,8,華益皮件,商品描述 ★Ve 獨家發行經典呈現 精選優質頂級牛皮、頂級質感、擁有自然光澤、保留牛皮的天然紋理和韌性、散發出淡淡的皮革氣味 可手提 / 後背兩用、容量大小適中、素面簡約風格設計、展現個人獨特魅力. ★Ve 獨家款式限量發售 共推出黑色 / 奶黃色 / 灰白 / 抹茶綠 四色可以選擇 ◎包款尺寸:長 20*寬 14*高 24.5(手提把高:7.5cm) ◎材質:頭層牛皮 ◎主色:黑色 / 奶黃色 / 灰白 / 抹茶綠 ◎功能:後背 / 手提 ◎袋口開闔:拉鍊式開口 ◎袋內:手機袋、口袋、拉鍊袋 ◎袋外:拉鍊式口袋 ◎重量:548g 保養方式: ◎清潔:濕布擦拭後請拭乾. ◎保養:皮革類請使用高級皮革保養油、常保持光鮮、弄濕時、請陰乾之(晾乾、風乾)即可. ◎保存所處:避免放在溼氣和陽光直曬的地方、以免破壞包包應有的美麗色澤、防止接觸酸性腐蝕性物品、並請避免接觸油性筆.若是皮革以外的、金屬部份可使用拭銀布擦拭即可. ◎收藏:皮包內塞紙或置入乾燥劑、收藏陰涼通風處. 注意事項 1.如在您購買日起的ㄧ星期內、發現本產品質料有瑕疵時、只要憑著『商品售後服務卡』(每個包包上面會附贈ㄧ張商品售後服務卡)及購買發票和售價卡至原購物地點、無償更換新品! 2.因人為疏忽或未按本公司印製保養標示說明規定內而導致損壞、不在保證範圍內!,無,https://s1.myqr.com.tw/newshop/177/TypeGoods?type2=7910&type1=7911&type0=7964&pageIndex=0&goodId=47906,633 皮革拉環 織帶背帶 雙拉鍊 水壺 寬底 亮色系列 馬卡龍色系 奶黃色包包 奶黃色中包 奶黃色CR中包 奶黃色後背包 奶黃色休閒包 奶黃色肩背包 奶黃色素面包包 奶黃色素色包包 奶黃色真皮包包 奶黃色真皮中包 奶黃色真皮CR中包 奶黃色真皮後背包 奶黃色真皮休閒包 奶黃色真皮肩背包 奶黃色真皮素面包包 奶黃色真皮素色包包 正黃色包包 正黃色中包 正黃色CR中包 正黃色後背包 正黃色休閒包 正黃色肩背包 正黃色素面包包 正黃色素色包包 正黃色真皮包包 正黃色真皮中包 正黃色真皮CR中包 正黃色真皮後背包 正黃色真皮休閒包 正黃色真皮肩背包 正黃色真皮素面包包 正黃色真皮素色包包 後背肩背2WAY,https://pshop.myqr.com.tw/qrssimage/GoodsImage/116/116046.jpg?25
V55312H-0053,手工菱格車線小香風格小方包-黃色,時尚女性,女用皮包,經典後背包,黃色,2980,0.0,22,華益皮件,商品描述 ★Ve 獨家發行經典呈現 精選優質牛皮、壓印工藝 擁有自然光澤、保留牛皮的天然紋理和韌性、散發出淡淡的皮革氣味 可斜背 / 肩背 / 手提三用、容量大小適中、時尚有型 包款全面展現獨特刷色感設計 輕鬆就打造出名個人獨特風采! ★Ve 獨家款式限量發售 共推出藍色 / 黑色 / 黃色 / 灰白 四色可以選擇 ◎包款尺寸:長 17*寬 8.5*高 20.5 ◎材質:頭層牛皮 ◎主色:藍色 / 黑色 / 黃色 / 灰白 ◎功能:側背 / 斜背 / 手提 ◎袋口開闔:拉鍊式開口 ◎袋內:手機袋、口袋、拉鍊袋 ◎袋外:拉鍊式口袋 ◎重量:400g 保養方式: ◎清潔:濕布擦拭後請拭乾. ◎保養:皮革類請使用高級皮革保養油、常保持光鮮、弄濕時、請陰乾之(晾乾、風乾)即可. ◎保存所處:避免放在溼氣和陽光直曬的地方、以免破壞包包應有的美麗色澤、防止接觸酸性腐蝕性物品、並請避免接觸油性筆.若是皮革以外的、金屬部份可使用拭銀布擦拭即可. ◎收藏:皮包內塞紙或置入乾燥劑、收藏陰涼通風處. 注意事項 1.如在您購買日起的ㄧ星期內、發現本產品質料有瑕疵時、只要憑著『商品售後服務卡』(每個包包上面會附贈ㄧ張商品售後服務卡)及購買發票和售價卡至原購物地點、無償更換新品! 2.因人為疏忽或未按本公司印製保養標示說明規定內而導致損壞、不在保證範圍內!,無,https://s1.myqr.com.tw/newshop/177/TypeGoods?type2=7910&type1=7911&type0=7964&pageIndex=0&goodId=47905,0053 雙夾層 兩夾層 寬底 4WAY 便當袋造型 半橢圓形包包 經典菱格紋包 經典格紋包 經典菱格紋 小香包 亮色系列 馬卡龍色系 正黃色色系列 正黃色包包 正黃色小包 正黃色CR小包 正黃色手提包 正黃色側背包 正黃色斜背包 正黃色休閒包 正黃色晚宴包 正黃色後背包 正黃色真皮包包 正黃色真皮小包 正黃色真皮CR小包 正黃色真皮手提包 正黃色真皮側背包 正黃色真皮斜背包 正黃色真皮休閒包 正黃色真皮晚宴包 正黃色真皮後背包 後背肩背2WAY 後背側背2WAY,https://pshop.myqr.com.tw/qrssimage/GoodsImage/115/115842.jpg?25
V83308M-9711,日系耐用前拉鍊後背包-粉色,時尚女性,女用皮包,經典後背包,粉色,3480,0.0,14,華益皮件,商品描述 ★Ve 輕量設計獨家發行 精選優質頂級牛皮、頂級質感、擁有自然光澤、保留牛皮的天然紋理和韌性、散發出淡淡的皮革氣味 可手提 / 後背兩用、容量大小適中、素面簡約風格設計、展現個人獨特魅力. ★Ve 獨家款式限量發售 共推出黑色 / 粉色 / 土黃色 / 亞麻藍 四色可以選擇 ◎包款尺寸:長 27*寬 11*高 31(手提把高:8cm) ◎材質:進口頭層牛皮 ◎主色:黑色 / 粉色 / 土黃色 / 亞麻藍 ◎功能:手提 / 後背 ◎袋口開闔:拉鍊式開口 ◎袋內:手機袋、口袋、拉鍊袋 ◎袋外:隱藏式口袋 ◎重量:746g 保養方式: ◎清潔:濕布擦拭後請拭乾. ◎保養:皮革類請使用高級皮革保養油、常保持光鮮、弄濕時、請陰乾之(晾乾、風乾)即可. ◎保存所處:避免放在溼氣和陽光直曬的地方、以免破壞包包應有的美麗色澤、防止接觸酸性腐蝕性物品、並請避免接觸油性筆.若是皮革以外的、金屬部份可使用拭銀布擦拭即可. ◎收藏:皮包內塞紙或置入乾燥劑、收藏陰涼通風處. 注意事項 1.如在您購買日起的ㄧ星期內、發現本產品質料有瑕疵時、只要憑著『商品售後服務卡』(每個包包上面會附贈ㄧ張商品售後服務卡)及購買發票和售價卡至原購物地點、無償更換新品! 2.因人為疏忽或未按本公司印製保養標示說明規定內而導致損壞、不在保證範圍內!,無,https://s1.myqr.com.tw/newshop/177/TypeGoods?type2=7910&type1=7911&type0=7964&pageIndex=0&goodId=47903,9711 單提把 雙拉鍊 皮革拉環 皮牌拉環 水壺 寬底 馬卡龍色系 粉色系列 粉色包包 粉色大包 粉色CR大包 粉色後背包 粉色素面包包 粉色素色包包 粉色休閒包 粉色真皮包包 粉色真皮大包 粉色真皮CR大包 粉色真皮後背包 粉色真皮素面包包 粉色真皮素色包包 粉色真皮休閒包,https://pshop.myqr.com.tw/qrssimage/GoodsImage/107/107374.jpg?25
V87310G-1993,多夾層素雅韓風後背包-珍珠藍,時尚女性,女用皮包,經典後背包,珍珠藍,3480,0.0,6,華益皮件,商品描述 ★Ve 獨家發行經典呈現 精選優質頂級牛皮、頂級質感、擁有自然光澤、保留牛皮的天然紋理和韌性、散發出淡淡的皮革氣味 可手提 / 後背兩用、容量大小適中、素面簡約風格設計、展現個人獨特魅力. ★Ve 獨家款式限量發售 共推出湖水藍 / 珍珠藍 / 粉色 / 奶茶色 四色可以選擇 ◎包款尺寸:長 25*寬 11*高 28(手提把高:8cm) ◎材質:頭層牛皮 ◎主色:湖水藍 / 珍珠藍 / 粉色 / 奶茶色 ◎功能:後背 / 手提 ◎袋口開闔:拉鍊式開口 ◎袋內:手機袋、口袋、拉鍊袋 ◎袋外:拉鍊式口袋 ◎重量:739g 保養方式: ◎清潔:濕布擦拭後請拭乾. ◎保養:皮革類請使用高級皮革保養油、常保持光鮮、弄濕時、請陰乾之(晾乾、風乾)即可. ◎保存所處:避免放在溼氣和陽光直曬的地方、以免破壞包包應有的美麗色澤、防止接觸酸性腐蝕性物品、並請避免接觸油性筆.若是皮革以外的、金屬部份可使用拭銀布擦拭即可. ◎收藏:皮包內塞紙或置入乾燥劑、收藏陰涼通風處. 注意事項 1.如在您購買日起的ㄧ星期內、發現本產品質料有瑕疵時、只要憑著『商品售後服務卡』(每個包包上面會附贈ㄧ張商品售後服務卡)及購買發票和售價卡至原購物地點、無償更換新品! 2.因人為疏忽或未按本公司印製保養標示說明規定內而導致損壞、不在保證範圍內!,無,https://s1.myqr.com.tw/newshop/177/TypeGoods?type2=7910&type1=7911&type0=7964&pageIndex=0&goodId=47904,1993 單提把 大開口 雙拉鍊 織帶背帶 U型拉連 水壺 莫蘭迪色系 珍珠藍系列 珍珠藍包包 珍珠藍中大包 珍珠藍大包 珍珠藍肩背包 珍珠藍後背包 珍珠藍素面包包 珍珠藍素色包包 珍珠藍休閒包 珍珠藍真皮包包 珍珠藍真皮中大包 珍珠藍真皮大包 珍珠藍真皮肩背包 珍珠藍真皮後背包 珍珠藍真皮素面包包 珍珠藍真皮素色包包 珍珠藍真皮休閒包 綠色系列 綠色包包 綠色中大包 綠色大包 綠色肩背包 綠色後背包 綠色素面包包 綠色素色包包 綠色休閒包 綠色真皮包包 綠色真皮中大包 綠色真皮大包 綠色真皮肩背包 綠色真皮後背包 綠色真皮素面包包 綠色真皮素色包包 綠色真皮休閒包 後背肩背2WA,https://pshop.myqr.com.tw/qrssimage/GoodsImage/116/116067.jpg?9
V14,【Ve Vitalise】真皮植鞣皮革素面休閒皮帶,潮流男性,潮流男性,男用皮帶,明星黑,780,0.0,0,無,商品描述 商品圖檔顏色因電腦螢幕設定差異會略有不同、以實際商品顏色為準. 本品牌來自於 Vevitalise 設計製造、品質超凡、高雅、全台限量 ◎品牌:『Vevitalise』 ◎型號:V14 ◎材質:植鞣皮革 / 鋅合金帶扣 ◎顏色:黑色 ◎尺寸:長 120*寬 3.2cm ◎皮帶頭尺寸:長 5.5*寬 4.5cm 保養方式: ◎清潔:濕布擦拭後請拭乾. ◎保養:皮革類請使用高級皮革保養油、常保持光鮮、弄濕時、請陰乾之(晾乾、風乾)即可. ◎保存所處:避免放在溼氣和陽光直曬的地方、以免破壞包包應有的美麗色澤、防止接觸酸性腐蝕性物品、並請避免接觸油性筆.若是皮革以外的、金屬部份可使用拭銀布擦拭即可. ◎收藏:皮包內塞紙或置入乾燥劑、收藏陰涼通風處. 注意事項 1.如在您購買日起的ㄧ星期內、發現本產品質料有瑕疵時、只要憑著『商品售後服務卡』(每個包包上面會附贈ㄧ張商品售後服務卡)及購買發票和售價卡至原購物地點、無償更換新品! 2.因人為疏忽或未按本公司印製保養標示說明規定內而導致損壞、不在保證範圍內!,無,https://s1.myqr.com.tw/newshop/177/TypeGoods?type2=7920&type1=7921&type0=7922&pageIndex=0&goodId=47651,V14,https://pshop.myqr.com.tw/qrssimage/GoodsImage/120/120097.jpg?9
V279-03,掀蓋式專利頭層牛皮自動皮帶(V279-03),潮流男性,潮流男性,男用皮帶,黑色,780,0.0,0,無,商品描述 商品圖檔顏色因電腦螢幕設定差異會略有不同、以實際商品顏色為準. 本品牌來自於 Vevitalise 設計製造、品質超凡、高雅、全台限量 ◎品牌:『Vevitalise』 ◎型號:V279-03 ◎材質:頭層牛皮皮革 / 鋅合金帶扣 ◎顏色:黑色 ◎尺寸:長 115*寬 3cm ◎皮帶頭尺寸:長 6.8*寬 3.8cm 保養方式: ◎清潔:濕布擦拭後請拭乾. ◎保養:皮革類請使用高級皮革保養油、常保持光鮮、弄濕時、請陰乾之(晾乾、風乾)即可. ◎保存所處:避免放在溼氣和陽光直曬的地方、以免破壞包包應有的美麗色澤、防止接觸酸性腐蝕性物品、並請避免接觸油性筆.若是皮革以外的、金屬部份可使用拭銀布擦拭即可. ◎收藏:皮包內塞紙或置入乾燥劑、收藏陰涼通風處. 注意事項 1.如在您購買日起的ㄧ星期內、發現本產品質料有瑕疵時、只要憑著『商品售後服務卡』(每個包包上面會附贈ㄧ張商品售後服務卡)及購買發票和售價卡至原購物地點、無償更換新品! 2.因人為疏忽或未按本公司印製保養標示說明規定內而導致損壞、不在保證範圍內!,https://www.youtube.com/embed/l3-_NOupyFA?si=weGqjYl7v95sCXSv,https://s1.myqr.com.tw/newshop/177/TypeGoods?type2=7920&type1=7921&type0=7922&pageIndex=0&goodId=47653,V279-03,https://pshop.myqr.com.tw/qrssimage/GoodsImage/74/74197.jpg?44
V279-04,掀蓋式專利頭層牛皮自動皮帶(V279-04),潮流男性,潮流男性,男用皮帶,黑色,780,0.0,0,無,商品描述 商品圖檔顏色因電腦螢幕設定差異會略有不同、以實際商品顏色為準. 本品牌來自於 Vevitalise 設計製造、品質超凡、高雅、全台限量 ◎品牌:『Vevitalise』 ◎型號:V279-04 ◎材質:頭層牛皮皮革 / 鋅合金帶扣 ◎顏色:黑色 ◎尺寸:長 115*寬 3cm ◎皮帶頭尺寸:長 6.8*寬 3.8cm 保養方式: ◎清潔:濕布擦拭後請拭乾. ◎保養:皮革類請使用高級皮革保養油、常保持光鮮、弄濕時、請陰乾之(晾乾、風乾)即可. ◎保存所處:避免放在溼氣和陽光直曬的地方、以免破壞包包應有的美麗色澤、防止接觸酸性腐蝕性物品、並請避免接觸油性筆.若是皮革以外的、金屬部份可使用拭銀布擦拭即可. ◎收藏:皮包內塞紙或置入乾燥劑、收藏陰涼通風處. 注意事項 1.如在您購買日起的ㄧ星期內、發現本產品質料有瑕疵時、只要憑著『商品售後服務卡』(每個包包上面會附贈ㄧ張商品售後服務卡)及購買發票和售價卡至原購物地點、無償更換新品! 2.因人為疏忽或未按本公司印製保養標示說明規定內而導致損壞、不在保證範圍內!,https://www.youtube.com/embed/l3-_NOupyFA?si=weGqjYl7v95sCXSv,https://s1.myqr.com.tw/newshop/177/TypeGoods?type2=7920&type1=7921&type0=7922&pageIndex=0&goodId=47652,V279-04,https://pshop.myqr.com.tw/qrssimage/GoodsImage/74/74199.jpg?44
V501,掀蓋式專利頭層牛皮自動皮帶(V501),潮流男性,潮流男性,男用皮帶,咖啡色,780,0.0,0,無,商品描述 商品圖檔顏色因電腦螢幕設定差異會略有不同、以實際商品顏色為準. 本品牌來自於 Vevitalise 設計製造、品質超凡、高雅、全台限量 ◎品牌:『Vevitalise』 ◎型號:V501 ◎材質:頭層牛皮皮革 / 鋅合金帶扣 ◎顏色:咖啡色 ◎尺寸:長 115*寬 3cm ◎皮帶頭尺寸:長 6.8*寬 3.8cm 保養方式: ◎清潔:濕布擦拭後請拭乾. ◎保養:皮革類請使用高級皮革保養油、常保持光鮮、弄濕時、請陰乾之(晾乾、風乾)即可. ◎保存所處:避免放在溼氣和陽光直曬的地方、以免破壞包包應有的美麗色澤、防止接觸酸性腐蝕性物品、並請避免接觸油性筆.若是皮革以外的、金屬部份可使用拭銀布擦拭即可. ◎收藏:皮包內塞紙或置入乾燥劑、收藏陰涼通風處. 注意事項 1.如在您購買日起的ㄧ星期內、發現本產品質料有瑕疵時、只要憑著『商品售後服務卡』(每個包包上面會附贈ㄧ張商品售後服務卡)及購買發票和售價卡至原購物地點、無償更換新品! 2.因人為疏忽或未按本公司印製保養標示說明規定內而導致損壞、不在保證範圍內!,https://www.youtube.com/embed/l3-_NOupyFA?si=weGqjYl7v95sCXSv,https://s1.myqr.com.tw/newshop/177/TypeGoods?type2=7920&type1=7921&type0=7922&pageIndex=0&goodId=47650,V501,https://pshop.myqr.com.tw/qrssimage/GoodsImage/120/120114.jpg?44
V503,掀蓋式專利頭層牛皮自動皮帶(V503),潮流男性,潮流男性,男用皮帶,黑色,780,0.0,0,無,商品描述 商品圖檔顏色因電腦螢幕設定差異會略有不同、以實際商品顏色為準. 本品牌來自於 Vevitalise 設計製造、品質超凡、高雅、全台限量 ◎品牌:『Vevitalise』 ◎型號:V503 ◎材質:頭層牛皮皮革 / 鋅合金帶扣 ◎顏色:黑色 ◎尺寸:長 115*寬 3cm ◎皮帶頭尺寸:長 6.8*寬 3.8cm 保養方式: ◎清潔:濕布擦拭後請拭乾. ◎保養:皮革類請使用高級皮革保養油、常保持光鮮、弄濕時、請陰乾之(晾乾、風乾)即可. ◎保存所處:避免放在溼氣和陽光直曬的地方、以免破壞包包應有的美麗色澤、防止接觸酸性腐蝕性物品、並請避免接觸油性筆.若是皮革以外的、金屬部份可使用拭銀布擦拭即可. ◎收藏:皮包內塞紙或置入乾燥劑、收藏陰涼通風處. 注意事項 1.如在您購買日起的ㄧ星期內、發現本產品質料有瑕疵時、只要憑著『商品售後服務卡』(每個包包上面會附贈ㄧ張商品售後服務卡)及購買發票和售價卡至原購物地點、無償更換新品! 2.因人為疏忽或未按本公司印製保養標示說明規定內而導致損壞、不在保證範圍內!,https://www.youtube.com/embed/l3-_NOupyFA?si=weGqjYl7v95sCXSv,https://s1.myqr.com.tw/newshop/177/TypeGoods?type2=7920&type1=7921&type0=7922&pageIndex=0&goodId=47649,V503,https://pshop.myqr.com.tw/qrssimage/GoodsImage/120/120118.jpg?80
V01312B-2033,多功能時尚牛皮休閒包,潮流男性,潮流男性,胸包,明星黑,2880,0.0,0,無,◎尺寸:長 16*寬 8*高 28cm ◎材質:進口牛皮 ◎功能:側背 / 斜背 ◎袋口開闔:拉鍊式開口 ◎袋內:口袋、手機袋、拉鍊袋 ◎袋外:拉鍊口袋,無,https://s1.myqr.com.tw/newshop/177/TypeGoods?type2=7920&type1=7921&type0=7923&pageIndex=0&goodId=47654,2033 男包 男用包 男性 胸包,https://pshop.myqr.com.tw/qrssimage/GoodsImage/116/116492.jpg?80
V209-1280-32,【Ve Vitalise】進口休閒短夾-黑色,潮流男性,潮流男性,皮夾,無,1280,0.0,0,無,◎品牌:『Vevitalise』 ◎編號:V209-1280-32 ◎尺寸:長 22*寬 9.5cm ◎材質:進口高級小牛皮,無,https://s1.myqr.com.tw/newshop/177/TypeGoods?type2=7920&type1=7921&type0=7924&pageIndex=0&goodId=47655,無,https://pshop.myqr.com.tw/qrssimage/GoodsImage/75/75930.jpg?63
W80414-S,百搭首選真皮吊帶款藍-四夾【底格紋紅虛線】,潮流男性,潮流男性,四夾,藍底格紋紅虛線,680,0.0,0,無,商品描述 商品圖檔顏色因電腦螢幕設定差異會略有不同、以實際商品顏色為準. 本品牌來自於 Vevitalise 設計製造、品質超凡、高雅、全台限量 ◎品牌:『Vevitalise』 ◎編號:W80414-S ◎材質:針織緹花伸縮材質 / 鍍鎳金屬 / 真皮牛皮皮革 ◎吊帶帶寬:3.5cm ◎長度:88cm(可再拉伸) ◎重量:106g ◎產地:中國 保養方式: ◎清潔:濕布擦拭後請拭乾. ◎保養:皮革類請使用高級皮革保養油、常保持光鮮、弄濕時、請陰乾之(晾乾、風乾)即可. ◎保存所處:避免放在溼氣和陽光直曬的地方、以免破壞包包應有的美麗色澤、防止接觸酸性腐蝕性物品、並請避免接觸油性筆.若是皮革以外的、金屬部份可使用拭銀布擦拭即可. ◎收藏:皮包內塞紙或置入乾燥劑、收藏陰涼通風處. 注意事項 1.如在您購買日起的ㄧ星期內、發現本產品質料有瑕疵時、只要憑著『商品售後服務卡』(每個包包上面會附贈ㄧ張商品售後服務卡)及購買發票和售價卡至原購物地點、無償更換新品! 2.因人為疏忽或未按本公司印製保養標示說明規定內而導致損壞、不在保證範圍內!,無,https://s1.myqr.com.tw/newshop/177/TypeGoods?type2=7920&type1=7921&type0=7925&pageIndex=0&goodId=47656,W80414,https://pshop.myqr.com.tw/qrssimage/GoodsImage/74/74287.jpg?63
W80412,百搭首選真皮吊帶款-六夾【灰底黑線條】,潮流男性,潮流男性,六夾,灰底黑線條,980,0.0,0,無,商品描述 商品圖檔顏色因電腦螢幕設定差異會略有不同、以實際商品顏色為準. 本品牌來自於 Vevitalise 設計製造、品質超凡、高雅、全台限量 ◎品牌:『Vevitalise』 ◎編號:W80412 ◎材質:針織緹花伸縮材質 / 鍍鎳金屬 / 真皮牛皮皮革 ◎吊帶帶寬:3.5cm ◎長度:95cm(可再拉伸) ◎重量:120g 保養方式: ◎清潔:濕布擦拭後請拭乾. ◎保養:皮革類請使用高級皮革保養油、常保持光鮮、弄濕時、請陰乾之(晾乾、風乾)即可. ◎保存所處:避免放在溼氣和陽光直曬的地方、以免破壞包包應有的美麗色澤、防止接觸酸性腐蝕性物品、並請避免接觸油性筆.若是皮革以外的、金屬部份可使用拭銀布擦拭即可. ◎收藏:皮包內塞紙或置入乾燥劑、收藏陰涼通風處. 注意事項 1.如在您購買日起的ㄧ星期內、發現本產品質料有瑕疵時、只要憑著『商品售後服務卡』(每個包包上面會附贈ㄧ張商品售後服務卡)及購買發票和售價卡至原購物地點、無償更換新品! 2.因人為疏忽或未按本公司印製保養標示說明規定內而導致損壞、不在保證範圍內!,無,https://s1.myqr.com.tw/newshop/177/TypeGoods?type2=7920&type1=7921&type0=7926&pageIndex=0&goodId=47657,W80412,https://pshop.myqr.com.tw/qrssimage/GoodsImage/74/74297.jpg?63
V31401B-1990,多功能輕巧男用牛皮包,潮流男性,潮流男性,休閒包,黑色,3780,0.0,0,無,◎尺寸:長 22*寬 6.5*高 26cm ◎材質:進口牛皮 ◎功能:側背 / 斜背 ◎袋口開闔:拉鍊式開口 ◎袋內:口袋、手機袋、拉鍊袋 ◎袋外:拉鍊口袋,無,https://s1.myqr.com.tw/newshop/177/TypeGoods?type2=7920&type1=7921&type0=7927&pageIndex=0&goodId=47658,1990 男包 男用包 男性,https://pshop.myqr.com.tw/qrssimage/GoodsImage/118/118978.jpg?0
FW3657,ADIDAS D.O.N. ISSUE #1 籃球鞋 FW3657,戶外與運動用品,運動鞋/戶外鞋,籃球鞋,無,990,0.0,2,無,ADIDASD.O.N.ISSUE#1 籃球鞋 5 虎將系列 FW3657 adidasDONIssue#1GCAFiveGenerals、這是阿迪達斯的鞋類傑作.這款鞋採用令人驚嘆的白色、以其綽號&ldquo;五將軍&rdquo;命名.製作精良、風格獨特、保證舒適性和耐用性.不要錯過這款備受追捧的阿迪達斯創意作品. 米切爾 1 代是一雙具有強烈實戰屬性的簽名鞋、採用常規型剪裁、繫帶設計、織物鞋面、織物鞋面綴蛛網式細節、中底採用 bounce 技術、外底進行了加寬、搭配中底上延的側向支撐片、為米切爾&quot;上天入地&quot;的球風提供了有力保障、鞋底被密密麻麻的人字紋所佔據.,無,https://s1.myqr.com.tw/newshop/177/TypeGoods?type2=7945&type1=7946&type0=7947&pageIndex=0&goodId=48322,無,https://pshop.myqr.com.tw/qrssimage/GoodsImage/41/41979.jpg?0
GV7258,ADIDAS D.O.N. ISSUE #3 籃球鞋 GV7258,戶外與運動用品,運動鞋/戶外鞋,籃球鞋,無,1990,0.0,1,無,ADIDASD.O.N.ISSUE#3 籃球鞋 GV7258 ADIDAS 籃球與米契爾最新聯名鞋款 米契爾(DonovanMitchell)的第三雙 adidas 籃球聯名鞋款是專為紀念 Spida 成為籃壇頂尖球員的旅程而設計.D.O.N.Issue#3 重現了米契爾邁向偉大之路的篇章.這款籃球鞋描繪出他從童年夢想到超級球星的過程、向米契爾崛起成為頂尖球星的努力致敬. 寬楦設計 鞋帶設計、搭配彈性束帶 網布和合成鞋面、鞋頭高磨損區具有 TPU 強化材質 避震穩定 貼合穩定腳感 Lightstrike 避震科技 橡膠大底搭配 TPU 穩定片,無,https://s1.myqr.com.tw/newshop/177/TypeGoods?type2=7945&type1=7946&type0=7947&pageIndex=0&goodId=48318,無,https://pshop.myqr.com.tw/qrssimage/GoodsImage/76/76918.jpg?35
GY6504,ADIDAS D.O.N. ISSUE #4 籃球鞋 GY6504,戶外與運動用品,運動鞋/戶外鞋,籃球鞋,無,1990,0.0,6,無,含有再生材質的 DONOVANMITCHELL 聯名鞋款 籃球的未來就在於速度、米契爾(DonovanMitchell)的速度就是王道.這款 Mitchell 和 adidas 籃球聯名設計的專屬鞋款、向讓得分速度最快、速度最強的球員致敬.超輕量 Lightstrike 搭配 LIGHTLOCK 鞋面設計、舒適包覆、搭配動力系統、讓你輕盈無負擔.獨特的橡膠大底能發揮抓地力、所以每個切入和假動作都有完全的支撐效果.帶有 MitchellSpidaLogo 和經典圖案. 部分回收材質採用切割碎屑等工業廢料以及消費後家庭廢料製成、以避免使用原生材料而對環境造成更嚴重的影響. 一般版型 鞋帶設計 LIGHTLOCK 鞋面 穿著舒適 網布內裡 Lightstrike 避震科技 橡膠大底 鞋面含再生材質,無,https://s1.myqr.com.tw/newshop/177/TypeGoods?type2=7945&type1=7946&type0=7947&pageIndex=0&goodId=48306,無,https://pshop.myqr.com.tw/qrssimage/GoodsImage/90/90833.jpg?35
GY6511,ADIDAS D.O.N. ISSUE #4 籃球鞋 GY6511,戶外與運動用品,運動鞋/戶外鞋,籃球鞋,無,1990,0.0,4,無,含有再生材質的 DONOVANMITCHELL 聯名鞋款 籃球的未來就在於速度、米契爾(DonovanMitchell)的速度就是王道.這款 Mitchell 和 adidasBasketball 聯名設計的專屬鞋款、向得分速度最快、速度最強的球員致敬.超輕量 Lightstrike 搭配 LIGHTLOCK 鞋面設計、舒適包覆、搭配動力系統、讓你輕盈無負擔.獨特的橡膠大底能發揮抓地力、所以每個切入和假動作都有完全的支撐效果.帶有 MitchellSpidaLogo 和經典圖案. 部分回收材質採用切割碎屑等工業廢料以及消費後家庭廢料製成、以避免使用原生材料而對環境造成更嚴重的影響. 一般版型 鞋帶設計 LIGHTLOCK 鞋面 網布內裡 Lightstrike 避震科技 橡膠大底 25% 的鞋面結構以至少 50% 的再生材質製成,無,https://s1.myqr.com.tw/newshop/177/TypeGoods?type2=7945&type1=7946&type0=7947&pageIndex=0&goodId=48309,無,https://pshop.myqr.com.tw/qrssimage/GoodsImage/88/88209.jpg?19
GZ2570,ADIDAS D.O.N. ISSUE #4 籃球鞋 GZ2570,戶外與運動用品,運動鞋/戶外鞋,籃球鞋,無,1990,0.0,3,無,ADIDASD.O.N.ISSUE#4 籃球鞋 GZ2570 LIGHTLOCK 鞋面設計 中底搭載雙層結構設計 大底紋路設計,無,https://s1.myqr.com.tw/newshop/177/TypeGoods?type2=7945&type1=7946&type0=7947&pageIndex=0&goodId=48307,無,https://pshop.myqr.com.tw/qrssimage/GoodsImage/89/89906.jpg?19
HR0714,ADIDAS D.O.N. ISSUE 4  籃球鞋 HR0714,戶外與運動用品,運動鞋/戶外鞋,籃球鞋,無,1990,0.0,6,無,DonovanMitchell 突破一切防守、全力進攻籃框.這款 adidas 籃球鞋盡顯他在場上無畏無懼、全力以赴的態度.Lightstrike 中底為每步賦予緩衝效能、同時不感累贅、配合以數據為本的高抓力紋理、確保每步極速穩定.以來自切割廢料和消費後家居垃圾等廢料的環保物料製成、旨在減少原材料生產對環境造成的破壞.,無,https://s1.myqr.com.tw/newshop/177/TypeGoods?type2=7945&type1=7946&type0=7947&pageIndex=0&goodId=48305,無,https://pshop.myqr.com.tw/qrssimage/GoodsImage/94/94758.jpg?55
HR0720,ADIDAS D.O.N. ISSUE 4  籃球鞋 HR0720,戶外與運動用品,運動鞋/戶外鞋,籃球鞋,無,1990,0.0,3,無,DonovanMitchell 突破一切防守、全力進攻籃框.這款 adidas 籃球鞋盡顯他在場上無畏無懼、全力以赴的態度.Lightstrike 中底為每步賦予緩衝效能、同時不感累贅、配合以數據為本的高抓力紋理、確保每步極速穩定.以來自切割廢料和消費後家居垃圾等廢料的環保物料製成、旨在減少原材料生產對環境造成的破壞.,無,https://s1.myqr.com.tw/newshop/177/TypeGoods?type2=7945&type1=7946&type0=7947&pageIndex=0&goodId=48304,無,https://pshop.myqr.com.tw/qrssimage/GoodsImage/94/94762.jpg?55
HR1562,ADIDAS DAME 8 X MR. INCREDIBLE 超人特攻隊 籃球鞋 HR1562,戶外與運動用品,運動鞋/戶外鞋,籃球鞋,無,1990,0.0,3,無,含有再生材質的里拉德鞋款 里拉德(DamianLillard)因在比賽的關鍵時刻施展過人表現而打響知名度.此聯名鞋款結合籃球和《超人特攻隊》圖案、大底和 BouncePro 中底專為 Dame 的極致速度感和精準度所設計. 部分回收材質採用切割碎屑等工業廢料以及消費後家庭廢料製成、以避免使用原生材料而對環境造成更嚴重的影響. 一般版型 鞋帶設計 透氣網布鞋面 避震腳感 網布內裡 BouncePro 中底 橡膠大底 《超人特攻隊》圖案 25% 的鞋面原料含有至少 50% 的再生成分,無,https://s1.myqr.com.tw/newshop/177/TypeGoods?type2=7945&type1=7946&type0=7947&pageIndex=0&goodId=48310,無,https://pshop.myqr.com.tw/qrssimage/GoodsImage/86/86626.jpg?55
GY1755,ADIDAS DAME 8 籃球鞋 GY1755,戶外與運動用品,運動鞋/戶外鞋,籃球鞋,無,1990,0.0,5,無,ADIDASDAME8 籃球鞋 GY1755 ADIDASBASKETBALL 和里拉德聯手打造的籃球鞋 adidasBasketball 和里拉德聯手打造的籃球鞋 練習造就傑出、DamianLillard 將這種精神帶到了籃球場. 這款簽名款籃球鞋、由 DamianLillard 和 adidasBasketball 聯手打造、旨在展現利拉德對籃球的熱情. DamianLillard 從小萌生對籃球的熱愛、進入聯盟後堅持在休賽期刻苦訓練. 飾亮澤圖案、靈感源自拳擊袍、旨在提醒對手做好準備. 一般版型 鞋帶設計 網布鞋面 BouncePro 中底,無,https://s1.myqr.com.tw/newshop/177/TypeGoods?type2=7945&type1=7946&type0=7947&pageIndex=0&goodId=48314,無,https://pshop.myqr.com.tw/qrssimage/GoodsImage/82/82298.jpg?39
GY6462,ADIDAS DAME 8 籃球鞋 GY6462,戶外與運動用品,運動鞋/戶外鞋,籃球鞋,無,1990,0.0,1,無,含有再生材質的里拉德專屬鞋款 贏得眾人尊重.里拉德(DamianLillard)因在比賽的關鍵時刻施展過人表現而打響知名度.這款 adidasBasketball 和 Dame 聯名鞋款具有 Dame 圖案和彩色鞋面、向聯盟頂尖球員致敬、設計靈感源自他首度與世界冠軍球員交手的經驗.大底和 BouncePro 中底專為 Dame 的極致速度感和精準度所設計. 部分回收材質採用切割碎屑等工業廢料以及消費後家庭廢料製成、以避免使用原生材料而對環境造成更嚴重的影響. 一般版型 鞋帶設計 透氣網布鞋面 避震腳感 網布內裡 BouncePro 中底 橡膠大底 25% 的鞋面原料含有至少 50% 的再生成分,無,https://s1.myqr.com.tw/newshop/177/TypeGoods?type2=7945&type1=7946&type0=7947&pageIndex=0&goodId=48312,無,https://pshop.myqr.com.tw/qrssimage/GoodsImage/84/84167.jpg?39
GZ4626,ADIDAS DAME 8 籃球鞋 GZ4626,戶外與運動用品,運動鞋/戶外鞋,籃球鞋,無,1990,0.0,2,無,ADIDASDAME8 籃球鞋 GZ4626 *拓荒者明星後衛 DamianLillard 全新個人簽名鞋款. *HonoringBlackExcellencePack 為 adidas 致力於表彰黑人個人成就、望能造就停止種族鬥爭的長久問題. *中底採用全新科技 BOUNCEPRO、比起 Dame7 更加強反應力、緩震效果、支撐力. *adidasLEPY 型結構、有效強化中底、並降低運動傷害機率. *腳踝處獨立裁片包裹設計、使踝處能更加穩定包覆. *鞋面使用百分之百全環保原料製成、打造重量更輕且具環保意義的簽名鞋款.,無,https://s1.myqr.com.tw/newshop/177/TypeGoods?type2=7945&type1=7946&type0=7947&pageIndex=0&goodId=48315,無,https://pshop.myqr.com.tw/qrssimage/GoodsImage/82/82290.jpg?74
H69017,ADIDAS EXHIBIT A 籃球鞋 H69017,戶外與運動用品,運動鞋/戶外鞋,籃球鞋,無,1990,0.0,7,無,可駕馭全場的輕量彈性籃球鞋 如果 ExhibitA 是一位運動員、會是全方位的球員.這款 adidas 籃球鞋以多功能為設計核心、可隨時隨地享受穩定度和速度感.透氣鞋面搭配符合需求的局部強化支撐效果.Lightstrike 中底提供超輕量腳感、並在每個動作間造就靈活反應. 此產品採用再生材質製成、展現我們對於終結塑膠汙染的決心.20% 的鞋面原料以至少 50% 的再生材質製成. 一般版型 鞋帶設計 網布鞋面搭配耐磨支撐性表層 網布內裡 鞋跟穩定支撐片 Lightstrike 避震科技 橡膠大底,無,https://s1.myqr.com.tw/newshop/177/TypeGoods?type2=7945&type1=7946&type0=7947&pageIndex=0&goodId=48320,無,https://pshop.myqr.com.tw/qrssimage/GoodsImage/67/67990.jpg?74
GY6416,ADIDAS HARDEN STEPBACK 3 籃球鞋 GY6416,戶外與運動用品,運動鞋/戶外鞋,籃球鞋,無,1990,0.0,1,無,*靈感來自 Harden 私底下愛穿的 adidas 基本款經典黑魂配色、大底以常見的經典焦糖底色做延伸設計. *採用人體工學鞋帶系統、加強腳背的包覆效果、確保雙足在鞋內不易產生滑動. *網布鞋面搭配合成材質鞋頭、在大幅減輕鞋身重量的同時、更使雙足擁有良好的透氣機能性與鞋面耐用性. *中底搭載 Bounce 緩震科技、提供快速靈敏的反應、並有效減緩彈跳後地面給予雙足的衝擊效果. *Supergrip 橡膠大底、在球員突破時能即刻給予雙足絕佳的抓地效果.,無,https://s1.myqr.com.tw/newshop/177/TypeGoods?type2=7945&type1=7946&type0=7947&pageIndex=0&goodId=48308,無,https://pshop.myqr.com.tw/qrssimage/GoodsImage/89/89491.jpg?11
FX4981,ADIDAS PRO MODEL 2G LOW 籃球鞋 FX4981,戶外與運動用品,運動鞋/戶外鞋,籃球鞋,無,990,0.0,1,無,ADIDASPROMODEL2GLOW 籃球鞋 FX4981 為現代比賽設計的經典籃球鞋 現代機能與復古魅力的完美結合.這款 adidas 低筒籃球鞋具備能量回彈 Bounce 中底、讓你在比賽過程中火力全開.彈性鞋面可穩妥固定雙足. 靈活、輕量、舒適兼具的選擇 簡約現代的產品設計 年輕多樣化的配色方案 更為符合年輕消費者的審美偏好 簡單的線條和乾淨的設計 提供了獨特的穿搭組合 透氣與保護性 結合了 ADIDAS 的創新科技 創造了完美的產品 產品說明 一般版型 鞋帶設計 合成鞋面搭配橡膠貝殼鞋頭 彈力腳感 網布內裡 Bounce 中底 橡膠大底,無,https://s1.myqr.com.tw/newshop/177/TypeGoods?type2=7945&type1=7946&type0=7947&pageIndex=0&goodId=48321,無,https://pshop.myqr.com.tw/qrssimage/GoodsImage/51/51982.jpg?11
GY0258,ADIDAS T-MAC 3 RESTOMOD 籃球鞋 GY0258,戶外與運動用品,運動鞋/戶外鞋,籃球鞋,無,2390,0.0,4,無,ADIDAST-MAC3RESTOMOD 籃球鞋 GY0258 向 T-MAC 和奧蘭多魔術隊致敬的搶眼鞋款 穿上這款 adidas 鞋款、向 TracyMcGrady 的傳奇和卓越致敬.結合 Bounce 緩震科技和 Torsion 支撐結構、讓腳步無比舒適、提供持久暢快腳感.重新詮釋 2004Restomod 經典鞋、靈感源自 T-Mac 早年職涯、採用休士頓火箭隊復古配色. 商品說明 &bull;鞋帶設計 &bull;全粒面皮革鞋面搭配合成皮 &bull;TorsionBar &bull;Bounce 中底 &bull;強力抓地橡膠大底,無,https://s1.myqr.com.tw/newshop/177/TypeGoods?type2=7945&type1=7946&type0=7947&pageIndex=0&goodId=48317,無,https://pshop.myqr.com.tw/qrssimage/GoodsImage/77/77267.jpg?11
GY0267,ADIDAS T-MAC 3 RESTOMOD 籃球鞋 GY0267,戶外與運動用品,運動鞋/戶外鞋,籃球鞋,無,2390,0.0,4,無,T-MAC 簽名專屬鞋款 在籃球界、沒有幾個得分球員像麥格瑞迪(TracyMcGrady)一樣充滿爆發力.這款 adidasBasketball 和 T-Mac 的聯名鞋款採用輕量 Bounce 中底、為他的招牌運動鞋增添摩登元素.合成皮鞋面搭配各種元素、讓這款傳統 T-Mac 經典鞋成為頂尖鞋款. 隱藏式鞋帶 皮革鞋面 腳感輕盈 網布內裡 Bounce 中底,無,https://s1.myqr.com.tw/newshop/177/TypeGoods?type2=7945&type1=7946&type0=7947&pageIndex=0&goodId=48316,無,https://pshop.myqr.com.tw/qrssimage/GoodsImage/81/81387.jpg?93
063A047001,ASICS GELBURST 26 籃球鞋 1063A047-001,戶外與運動用品,運動鞋/戶外鞋,籃球鞋,無,2390,0.0,4,無,- 在不失去穩定性的情況下、擁有更良好的加速體驗專為運動員快攻突破並甩開防守者設計 - 後跟支撐片提高腳踝的支撐及穩定性 - 輕量中底 FLYTEFOAM&trade;材質外加內置 GEL 設計、提供出色的緩衝吸震能力 - 鞋底抗扭片 PROPULSIONTRUSSTIC&trade;設計、降低足部彎曲及移動時的能量流失、提供支撐力並提升移動速度 - 鞋底前掌部位加寬設計、提高橫向側移的穩定性 - 大底前掌加身的底紋設計、提供良好的彎曲性使步伐轉換更為流暢 材質:合成纖維 / 聚氨酯 / 人工皮革 / 膠底,無,https://s1.myqr.com.tw/newshop/177/TypeGoods?type2=7945&type1=7946&type0=7947&pageIndex=0&goodId=48365,無,https://pshop.myqr.com.tw/qrssimage/GoodsImage/89/89352.jpg?93
063A047101,ASICS GELBURST 26 籃球鞋 1063A047-101,戶外與運動用品,運動鞋/戶外鞋,籃球鞋,無,2870,0.0,1,無,ASICSGELBURST26 籃球鞋 1063A047-101 - 在不失去穩定性的情況下、擁有更良好的加速體驗專為運動員快攻突破並甩開防守者設計 - 後跟支撐片提高腳踝的支撐及穩定性 - 輕量中底 FLYTEFOAM&trade;材質外加內置 GEL 設計、提供出色的緩衝吸震能力 - 鞋底抗扭片 PROPULSIONTRUSSTIC&trade;設計、降低足部彎曲及移動時的能量流失、提供支撐力並提升移動速度 - 鞋底前掌部位加寬設計、提高橫向側移的穩定性 - 大底前掌加身的底紋設計、提供良好的彎曲性使步伐轉換更為流暢,無,https://s1.myqr.com.tw/newshop/177/TypeGoods?type2=7945&type1=7946&type0=7947&pageIndex=0&goodId=48366,無,https://pshop.myqr.com.tw/qrssimage/GoodsImage/85/85997.jpg?30
063A089100,ASICS GELBURST 28 男女中性款 籃球鞋 1063A089-100,戶外與運動用品,運動鞋/戶外鞋,籃球鞋,無,3633,0.0,9,無,ASICSGELBURST28 男女中性款籃球鞋 1063A089-100 &bull;GELBURST28 幫助球員在加速移動中、同時保有穩定性. &bull;新式 TPU 後跟穩定片、提高腳踝支撐性及穩定性. &bull;FLYTEFOAM 輕量中底科技搭配 GEL 設計、提供出色的緩衝吸震能力. &bull;鞋底抗扭片 TRUSSTIC 設計、降低足部彎曲及移動時的能量流失、提供支撐力並提升移動速度. &bull;鞋底前掌部位加寬設計、提高橫向側移的穩定性. &bull;鞋底獨特底紋設計、讓連續變向加速移動的步伐轉換更為流暢. &bull;NCRUBBER 橡膠大底、提供絕佳抓地力. 材質:合成纖維 / 聚氨酯 / 人工皮革 / 膠底 重量:約約 368g(27.5cm)產地:越南,無,https://s1.myqr.com.tw/newshop/177/TypeGoods?type2=7945&type1=7946&type0=7947&pageIndex=0&goodId=48356,無,https://pshop.myqr.com.tw/qrssimage/GoodsImage/118/118898.jpeg?30
063A089250,ASICS GELBURST 28 男款 籃球鞋 1063A089-250,戶外與運動用品,運動鞋/戶外鞋,籃球鞋,無,3633,0.0,5,無,ASICSGELBURST28 男款籃球鞋 1063A089-250 &bull;幫助球員在加速移動中、同時保有穩定性. &bull;TPU 後跟穩定片、提高腳踝支撐性及穩定性. &bull;FLYTEFOAM 科技中底搭配亞瑟膠設計、提供出色的緩衝吸震能力. &bull;PROPULSIONTRUSSTIC 中足抗扭推進科技、降低足部彎曲及移動時的能量流失、提供支撐力並提升移動速度. &bull;鞋底前掌部位加寬設計、提高橫向側移的穩定性. &bull;鞋底獨特底紋設計、讓連續變向加速移動的步伐轉換更為流暢. &bull;NCRUBBER 橡膠大底、提供絕佳抓地力. 材質:合成纖維 / 聚氨酯 / 人工皮革 / 膠底 重量:約約 368g(27.5cm) 產地:越南,無,https://s1.myqr.com.tw/newshop/177/TypeGoods?type2=7945&type1=7946&type0=7947&pageIndex=0&goodId=48354,無,https://pshop.myqr.com.tw/qrssimage/GoodsImage/125/125085.jpg?30
063A062001,ASICS GELHOOP V15 男女中性款 寬楦 籃球鞋 1063A062-001,戶外與運動用品,運動鞋/戶外鞋,籃球鞋,無,2640,0.0,4,無,ASICSGELHOOPV15 男女中性款寬楦籃球鞋 1063A062-001 1.GELHOOPV16 專為球員在場上靈活及快速移動設計. 2.FLYTEFOAM 輕量中底科技搭配 GEL 設計 提供出色的緩衝吸震能力. 3.TRUSSTIC 中足抗扭科技 提供籃球腳步動作需要的穩定性. 4.大面積透氣孔 PU 網布鞋面、提供絕佳透氣性. 5.AHAR+ 橡膠大底、提供絕佳耐磨性、適合室外球場使用. 產品特色 &bull;材質:合成纖維 / 聚氨酯 / 人工皮革 / 膠底 &bull;重量:約約 343g(27.0cm) &bull;產地:越南,無,https://s1.myqr.com.tw/newshop/177/TypeGoods?type2=7945&type1=7946&type0=7947&pageIndex=0&goodId=48363,無,https://pshop.myqr.com.tw/qrssimage/GoodsImage/98/98253.jpg?65
063A062100,ASICS GELHOOP V15 男女中性款 寬楦 籃球鞋 1063A062-100,戶外與運動用品,運動鞋/戶外鞋,籃球鞋,無,2640,0.0,4,無,ASICSGELHOOPV15 男女中性款寬楦籃球鞋 1063A062-100 1.GELHOOPV16 專為球員在場上靈活及快速移動設計. 2.FLYTEFOAM 輕量中底科技搭配 GEL 設計 提供出色的緩衝吸震能力. 3.TRUSSTIC 中足抗扭科技 提供籃球腳步動作需要的穩定性. 4.大面積透氣孔 PU 網布鞋面、提供絕佳透氣性. 5.AHAR+ 橡膠大底、提供絕佳耐磨性、適合室外球場使用. 產品特色 &bull;材質:合成纖維 / 聚氨酯 / 人工皮革 / 膠底 &bull;重量:約約 343g(27.0cm) &bull;產地:越南,無,https://s1.myqr.com.tw/newshop/177/TypeGoods?type2=7945&type1=7946&type0=7947&pageIndex=0&goodId=48364,無,https://pshop.myqr.com.tw/qrssimage/GoodsImage/98/98249.jpg?65
063A063104,ASICS GELHOOP V15 男女中性款 籃球鞋 1063A063-104,戶外與運動用品,運動鞋/戶外鞋,籃球鞋,無,2270,0.0,1,無,ASICSGELHOOPV15 男女中性款籃球鞋 1063A063-104 1.GELHOOPV16 專為球員在場上靈活及快速移動設計. 2.FLYTEFOAM 輕量中底科技搭配 GEL 設計 提供出色的緩衝吸震能力. 3.TRUSSTIC 中足抗扭科技 提供籃球腳步動作需要的穩定性. 4.大面積透氣孔 PU 網布鞋面、提供絕佳透氣性. 5.AHAR+ 橡膠大底、提供絕佳耐磨性、適合室外球場使用. 產品特色 &bull;材質:合成纖維 / 聚氨酯 / 人工皮革 / 膠底 &bull;重量:約約 350g(27.0cm) &bull;產地:越南,無,https://s1.myqr.com.tw/newshop/177/TypeGoods?type2=7945&type1=7946&type0=7947&pageIndex=0&goodId=48362,無,https://pshop.myqr.com.tw/qrssimage/GoodsImage/103/103850.jpg?49
063A086500,ASICS GELHOOP V16 S 男女中性款 籃球鞋 1063A086-500,戶外與運動用品,運動鞋/戶外鞋,籃球鞋,無,2949,0.0,5,無,ASICSGELHOOPV16S 男女中性款籃球鞋 1063A086-500 1.GELHOOPV16 專為球員在場上靈活及快速移動設計. 2.FLYTEFOAM 輕量中底科技搭配 GEL 設計 提供出色的緩衝吸震能力. 3.TRUSSTIC 中足抗扭科技 提供籃球腳步動作需要的穩定性. 4.大面積透氣孔 PU 網布鞋面、提供絕佳透氣性. 5.AHAR+ 橡膠大底、提供絕佳耐磨性、適合室外球場使用. 產品特色 &bull;材質:合成纖維 / 聚氨酯 / 人工皮革 / 膠底 &bull;重量:約約 350g(27.0cm) &bull;產地:越南,無,https://s1.myqr.com.tw/newshop/177/TypeGoods?type2=7945&type1=7946&type0=7947&pageIndex=0&goodId=48359,無,https://pshop.myqr.com.tw/qrssimage/GoodsImage/117/117552.jpeg?49
063A102100,ASICS GELHOOP V16 S 男款 籃球鞋 1063A102-100,戶外與運動用品,運動鞋/戶外鞋,籃球鞋,無,2949,0.0,14,無,ASICSGELHOOPV16S 男款籃球鞋 1063A102-100 &bull;專為球員在場上靈活及快速移動設計. &bull;大面積透氣孔 PU 塗層網布鞋面、提供絕佳透氣性. &bull;FLYTEFOAM 輕量中底科技搭配 GEL 亞瑟膠設計 提供出色的緩衝吸震能力. &bull;TRUSSTIC 中足抗扭科技 提供籃球腳步動作需要的穩定性. &bull;AHAR+ 橡膠大底、提供絕佳耐磨性、適合室外球場使用. 材質:合成纖維 / 聚氨酯 / 人工皮革 / 膠底 重量:約 350g(27.0cm) 產地:越南,無,https://s1.myqr.com.tw/newshop/177/TypeGoods?type2=7945&type1=7946&type0=7947&pageIndex=0&goodId=48352,無,https://pshop.myqr.com.tw/qrssimage/GoodsImage/125/125095.jpg?85
063A090400,ASICS GELHOOP V16 男女中性款 籃球鞋 1063A090-400,戶外與運動用品,運動鞋/戶外鞋,籃球鞋,無,2949,0.0,4,無,ASICSGELHOOPV16 男女中性款籃球鞋 1063A090-400 1.GELHOOPV16 專為球員在場上靈活及快速移動設計. 2.FLYTEFOAM 輕量中底科技搭配 GEL 設計 提供出色的緩衝吸震能力. 3.TRUSSTIC 中足抗扭科技 提供籃球腳步動作需要的穩定性. 4.大面積透氣孔 PU 網布鞋面、提供絕佳透氣性. 5.AHAR+ 橡膠大底、提供絕佳耐磨性、適合室外球場使用. 產品特色 &bull;材質:合成纖維 / 聚氨酯 / 人工皮革 / 膠底 &bull;重量:約約 320g(27.0cm) &bull;產地:越南,無,https://s1.myqr.com.tw/newshop/177/TypeGoods?type2=7945&type1=7946&type0=7947&pageIndex=0&goodId=48358,無,https://pshop.myqr.com.tw/qrssimage/GoodsImage/117/117559.jpg?85
063A090600,ASICS GELHOOP V16 男女中性款 籃球鞋 1063A090-600,戶外與運動用品,運動鞋/戶外鞋,籃球鞋,無,2949,0.0,9,無,ASICSGELHOOPV16 男女中性款籃球鞋 1063A090-600 1.GELHOOPV16 專為球員在場上靈活及快速移動設計. 2.FLYTEFOAM 輕量中底科技搭配 GEL 設計 提供出色的緩衝吸震能力. 3.TRUSSTIC 中足抗扭科技 提供籃球腳步動作需要的穩定性. 4.大面積透氣孔 PU 網布鞋面、提供絕佳透氣性. 5.AHAR+ 橡膠大底、提供絕佳耐磨性、適合室外球場使用. 產品特色 &bull;材質:合成纖維 / 聚氨酯 / 人工皮革 / 膠底 &bull;重量:約約 320g(27.0cm) &bull;產地:越南,無,https://s1.myqr.com.tw/newshop/177/TypeGoods?type2=7945&type1=7946&type0=7947&pageIndex=0&goodId=48357,無,https://pshop.myqr.com.tw/qrssimage/GoodsImage/117/117563.jpg?85
063A090250,ASICS GELHOOP V16 男款 籃球鞋 1063A090-250,戶外與運動用品,運動鞋/戶外鞋,籃球鞋,無,2949,0.0,12,無,ASICSGELHOOPV16 男款籃球鞋 1063A090-250 &bull;專為球員在場上靈活及快速移動設計. &bull;大面積透氣孔 PU 塗層網布鞋面、提供絕佳透氣性. &bull;FLYTEFOAM 輕量中底科技搭配 GEL 亞瑟膠設計 提供出色的緩衝吸震能力. &bull;TRUSSTIC 中足抗扭科技 提供籃球腳步動作需要的穩定性. &bull;NCRUBBER 橡膠大底、提供絕佳抓地力. 材質:合成纖維 / 聚氨酯 / 人工皮革 / 膠底 重量:約 320g(27.0cm) 產地:越南,無,https://s1.myqr.com.tw/newshop/177/TypeGoods?type2=7945&type1=7946&type0=7947&pageIndex=0&goodId=48353,無,https://pshop.myqr.com.tw/qrssimage/GoodsImage/125/125089.jpg?69
063A103600,ASICS GLIDE NOVA FF 3? 籃球鞋 1063A103-600,戶外與運動用品,運動鞋/戶外鞋,籃球鞋,無,2990,0.0,10,無,ASICSGLIDENOVAFF3 籃球鞋 1063A103-600 &bull;專為球員在場上靈活及快速移動設計. &bull;緹花網布及襪套式鞋面設計、增加包覆性及舒適性. &bull;FLYTEFOAM 輕量中底科技搭配亞瑟膠設計 提供出色的緩衝吸震能力. &bull;TRUSSTIC 中足抗扭科技、提高穩定性. &bull;鞋底透氣孔設計、提升透氣舒適性. &bull;NCRUBBER 橡膠大底、提供絕佳抓地力. 材質:合成纖維 / 聚氨酯 / 人工皮革 / 膠底 重量:約約 342g(27.0cm) 產地:越南,無,https://s1.myqr.com.tw/newshop/177/TypeGoods?type2=7945&type1=7946&type0=7947&pageIndex=0&goodId=48355,無,https://pshop.myqr.com.tw/qrssimage/GoodsImage/123/123360.jpg?69
063A069101,ASICS UNPRE ARS 2 籃球鞋 1063A069-101,戶外與運動用品,運動鞋/戶外鞋,籃球鞋,無,2980,0.0,1,無,&bull;設計目標在幫助球員在球場上變向切入及大幅度橫向移動. &bull;鞋面網布的 PU 層強化鞋面的支撐力及耐久性. &bull;FLYTEFOAMPropel 中底材質、後跟配置 GEL、提供絕佳吸震回彈力. &bull;外側高密度 EVA 提供左右移動的穩定性. &bull;前腳掌大底 X 型深而寬的凹槽為多方向運動提供了靈活性. &bull;NCRUBBER 大底、提供絕佳抓地力. 材質:合成纖維 / 人工皮革 / 聚氨酯 / 膠底 重量:約 414g(27.5cm),無,https://s1.myqr.com.tw/newshop/177/TypeGoods?type2=7945&type1=7946&type0=7947&pageIndex=0&goodId=48360,無,https://pshop.myqr.com.tw/qrssimage/GoodsImage/111/111644.jpg?69
063A056101,ASICS UNPRE ARS LOW 籃球鞋 1063A056-101,戶外與運動用品,運動鞋/戶外鞋,籃球鞋,無,2860,0.0,3,無,&bull;鞋面網布的 PU 層強化鞋面的支撐力及耐久性 &bull;FLYTEFOAM&trade;Propel 中底材質、後跟配置 GEL&trade;、提供絕佳吸震回彈力 &bull;外側高密度 EVA 提供左右移動的穩定性 &bull;前腳掌大底 X 型深而寬的凹槽為多方向運動提供了靈活性 &bull;NCRUBBER&trade;大底、提供絕佳抓地力 材質:人工皮革 / 聚氨酯 / 合成纖維 / 膠底 重量:407g 產地:越南,無,https://s1.myqr.com.tw/newshop/177/TypeGoods?type2=7945&type1=7946&type0=7947&pageIndex=0&goodId=48361,無,https://pshop.myqr.com.tw/qrssimage/GoodsImage/106/106402.jpg?5
FQ3681100,GIANNIS IMMORTALITY 4 EP 籃球鞋 FQ3681-100,戶外與運動用品,運動鞋/戶外鞋,籃球鞋,無,2138,0.0,9,無,NikeGiannisImmortality4EP 字母哥希臘怪物籃球鞋男款 FQ3681-100 全新的俐落鞋跟形狀搭配襯墊 提供急停所需的強大支撐力 內側包覆系統穩固貼合 *鞋面輕盈透氣網布、提供雙足舒適乾爽腳感. *橡膠鞋底結合自前代改版升級的抓地紋路、助你大顯身手、連連翻轉賽局. *鞋內側包覆系統設計、大幅提升雙足穩定包覆效果、搭配鞋面倒鉤設計、使雙足在鞋內不易產生滑動. *全新鞋跟造型搭配襯墊、提供球場上急停時所需的強大支撐穩定效果.,無,https://s1.myqr.com.tw/newshop/177/TypeGoods?type2=7945&type1=7946&type0=7947&pageIndex=0&goodId=48251,無,https://pshop.myqr.com.tw/qrssimage/GoodsImage/123/123006.jpg?5
DD9535004,NIIKE Precision VI 籃球鞋 DD9535-004,戶外與運動用品,運動鞋/戶外鞋,籃球鞋,無,1990,0.0,22,無,本鞋款專為疾速型球員而生 鞋領和鞋舌皆配有柔軟泡棉 塑形泡棉中底柔軟支撐雙足 改良式人字形抓地機能 開拓空間、隨時急煞、運球投籃、NikePrecision6 助你火力全開. 設計可讓疾速型球員在改變速度和變換方向都游刃有餘、同時保持穩定度. 從柔軟鞋領和鞋舌、到改良式人字形抓地機能、 這款敏捷低筒設計提供多元優勢、讓你充分施展球技、加快比賽節奏.,無,https://s1.myqr.com.tw/newshop/177/TypeGoods?type2=7945&type1=7946&type0=7947&pageIndex=0&goodId=48278,無,https://pshop.myqr.com.tw/qrssimage/GoodsImage/111/111575.jpg?41
DM1124001,NIKE AIR MAX IMPACT 4 籃球鞋 DM1124-001,戶外與運動用品,運動鞋/戶外鞋,籃球鞋,無,2480,0.0,10,無,NIKEAIRMAXIMPACT4 籃球鞋 DM1124-001 鞋後跟搭載 AirMax 氣墊、提供適切到位的緩震機能、在快速彈跳過程中、能將地面造成的衝擊反饋成動能. 立體泡棉中底包覆鞋跟兩側、有助保持腳跟穩定搭配塑模橡膠鞋翼、提升前足穩定度. 外底人字形抓地鞋紋、有助穩住重心、提高對動作的掌控力. 菱形鏤空設計、可透視泡棉並減輕鞋重、鞋頭表層、強化鞋身耐久性. 緩震舒適 鞋跟 MaxAir 氣墊、提供適切到位的緩震機能.加襯鞋跟與鞋舌、備感柔軟. 耐磨抓地力 外底人字形抓地鞋紋、有助穩住重心、提高對動作的掌控力.菱形鏤空設計、可透視泡棉並減輕鞋重.鞋尖包覆設計提升耐久性. 全足防護 立體泡棉中底包覆鞋跟兩側、有助保持腳跟穩定.塑模橡膠鞋翼、提升前足穩定度. 優點 &bull;前足襯底、加強穩定性. &bull;網布材質、輕盈而半透明. &bull;顯示顏色:FootballGrey/BarelyGrape/PlatinumViolet/ 白 &bull;款式:DM1124-001 &bull;原產國 / 地區:印度,無,https://s1.myqr.com.tw/newshop/177/TypeGoods?type2=7945&type1=7946&type0=7947&pageIndex=0&goodId=48265,無,https://pshop.myqr.com.tw/qrssimage/GoodsImage/116/116419.jpg?24
DM1124004,NIKE AIR MAX IMPACT 4 籃球鞋 DM1124-004,戶外與運動用品,運動鞋/戶外鞋,籃球鞋,無,2480,0.0,20,無,NIKEAIRMAXIMPACT4 籃球鞋 DM1124-004 鞋後跟搭載 AirMax 氣墊、提供適切到位的緩震機能、在快速彈跳過程中、能將地面造成的衝擊反饋成動能. 立體泡棉中底包覆鞋跟兩側、有助保持腳跟穩定搭配塑模橡膠鞋翼、提升前足穩定度. 外底人字形抓地鞋紋、有助穩住重心、提高對動作的掌控力. 菱形鏤空設計、可透視泡棉並減輕鞋重、鞋頭表層、強化鞋身耐久性. 緩震舒適 鞋跟 MaxAir 氣墊、提供適切到位的緩震機能.加襯鞋跟與鞋舌、備感柔軟. 耐磨抓地力 外底人字形抓地鞋紋、有助穩住重心、提高對動作的掌控力.菱形鏤空設計、可透視泡棉並減輕鞋重.鞋尖包覆設計提升耐久性. 全足防護 立體泡棉中底包覆鞋跟兩側、有助保持腳跟穩定.塑模橡膠鞋翼、提升前足穩定度. 優點 &bull;前足襯底、加強穩定性. &bull;網布材質、輕盈而半透明. &bull;顯示顏色:FootballGrey/BarelyGrape/PlatinumViolet/ 白 &bull;款式:DM1124-004 &bull;原產國 / 地區:印度,無,https://s1.myqr.com.tw/newshop/177/TypeGoods?type2=7945&type1=7946&type0=7947&pageIndex=0&goodId=48300,無,https://pshop.myqr.com.tw/qrssimage/GoodsImage/95/95372.jpg?24
DM1124010,NIKE AIR MAX IMPACT 4 籃球鞋 DM1124-010,戶外與運動用品,運動鞋/戶外鞋,籃球鞋,無,2480,0.0,2,無,NIKEAIRMAXIMPACT4 籃球鞋 DM1124-010 鞋後跟搭載 AirMax 氣墊、提供適切到位的緩震機能、在快速彈跳過程中、能將地面造成的衝擊反饋成動能. 立體泡棉中底包覆鞋跟兩側、有助保持腳跟穩定搭配塑模橡膠鞋翼、提升前足穩定度. 外底人字形抓地鞋紋、有助穩住重心、提高對動作的掌控力. 菱形鏤空設計、可透視泡棉並減輕鞋重、鞋頭表層、強化鞋身耐久性. 緩震舒適 鞋跟 MaxAir 氣墊、提供適切到位的緩震機能.加襯鞋跟與鞋舌、備感柔軟. 耐磨抓地力 外底人字形抓地鞋紋、有助穩住重心、提高對動作的掌控力.菱形鏤空設計、可透視泡棉並減輕鞋重.鞋尖包覆設計提升耐久性. 全足防護 立體泡棉中底包覆鞋跟兩側、有助保持腳跟穩定.塑模橡膠鞋翼、提升前足穩定度. 優點 &bull;前足襯底、加強穩定性. &bull;網布材質、輕盈而半透明. &bull;顯示顏色:FootballGrey/BarelyGrape/PlatinumViolet/ 白 &bull;款式:DM1124-010 &bull;原產國 / 地區:印度,無,https://s1.myqr.com.tw/newshop/177/TypeGoods?type2=7945&type1=7946&type0=7947&pageIndex=0&goodId=48273,無,https://pshop.myqr.com.tw/qrssimage/GoodsImage/114/114478.jpg?24
DM1124100,NIKE AIR MAX IMPACT 4 籃球鞋 DM1124-100,戶外與運動用品,運動鞋/戶外鞋,籃球鞋,無,2480,0.0,6,無,NIKEAIRMAXIMPACT4 籃球鞋 DM1124-100 鞋後跟搭載 AirMax 氣墊、提供適切到位的緩震機能、在快速彈跳過程中、能將地面造成的衝擊反饋成動能. 立體泡棉中底包覆鞋跟兩側、有助保持腳跟穩定搭配塑模橡膠鞋翼、提升前足穩定度. 外底人字形抓地鞋紋、有助穩住重心、提高對動作的掌控力. 菱形鏤空設計、可透視泡棉並減輕鞋重、鞋頭表層、強化鞋身耐久性. 緩震舒適 鞋跟 MaxAir 氣墊、提供適切到位的緩震機能.加襯鞋跟與鞋舌、備感柔軟. 耐磨抓地力 外底人字形抓地鞋紋、有助穩住重心、提高對動作的掌控力.菱形鏤空設計、可透視泡棉並減輕鞋重.鞋尖包覆設計提升耐久性. 全足防護 立體泡棉中底包覆鞋跟兩側、有助保持腳跟穩定.塑模橡膠鞋翼、提升前足穩定度. 優點 &bull;前足襯底、加強穩定性. &bull;網布材質、輕盈而半透明. &bull;顯示顏色:FootballGrey/BarelyGrape/PlatinumViolet/ 白 &bull;款式:DM1124-100 &bull;原產國 / 地區:印度,無,https://s1.myqr.com.tw/newshop/177/TypeGoods?type2=7945&type1=7946&type0=7947&pageIndex=0&goodId=48298,無,https://pshop.myqr.com.tw/qrssimage/GoodsImage/96/96969.jpg?60
DM1124101,NIKE AIR MAX IMPACT 4 籃球鞋 DM1124-101,戶外與運動用品,運動鞋/戶外鞋,籃球鞋,無,2480,0.0,12,無,NIKEAIRMAXIMPACT4 籃球鞋 DM1124-101 鞋後跟搭載 AirMax 氣墊、提供適切到位的緩震機能、在快速彈跳過程中、能將地面造成的衝擊反饋成動能. 立體泡棉中底包覆鞋跟兩側、有助保持腳跟穩定搭配塑模橡膠鞋翼、提升前足穩定度. 外底人字形抓地鞋紋、有助穩住重心、提高對動作的掌控力. 菱形鏤空設計、可透視泡棉並減輕鞋重、鞋頭表層、強化鞋身耐久性. 緩震舒適 鞋跟 MaxAir 氣墊、提供適切到位的緩震機能.加襯鞋跟與鞋舌、備感柔軟. 耐磨抓地力 外底人字形抓地鞋紋、有助穩住重心、提高對動作的掌控力.菱形鏤空設計、可透視泡棉並減輕鞋重.鞋尖包覆設計提升耐久性. 全足防護 立體泡棉中底包覆鞋跟兩側、有助保持腳跟穩定.塑模橡膠鞋翼、提升前足穩定度. 優點 &bull;前足襯底、加強穩定性. &bull;網布材質、輕盈而半透明. &bull;顯示顏色:FootballGrey/BarelyGrape/PlatinumViolet/ 白 &bull;款式:DM1124-101 &bull;原產國 / 地區:印度,無,https://s1.myqr.com.tw/newshop/177/TypeGoods?type2=7945&type1=7946&type0=7947&pageIndex=0&goodId=48294,無,https://pshop.myqr.com.tw/qrssimage/GoodsImage/103/103382.jpg?60
DM1124301,NIKE AIR MAX IMPACT 4 籃球鞋 DM1124-301,戶外與運動用品,運動鞋/戶外鞋,籃球鞋,無,2480,0.0,4,無,NIKEAIRMAXIMPACT4 籃球鞋 DM1124-301 鞋後跟搭載 AirMax 氣墊、提供適切到位的緩震機能、在快速彈跳過程中、能將地面造成的衝擊反饋成動能. 立體泡棉中底包覆鞋跟兩側、有助保持腳跟穩定搭配塑模橡膠鞋翼、提升前足穩定度. 外底人字形抓地鞋紋、有助穩住重心、提高對動作的掌控力. 菱形鏤空設計、可透視泡棉並減輕鞋重、鞋頭表層、強化鞋身耐久性. 緩震舒適 鞋跟 MaxAir 氣墊、提供適切到位的緩震機能.加襯鞋跟與鞋舌、備感柔軟. 耐磨抓地力 外底人字形抓地鞋紋、有助穩住重心、提高對動作的掌控力.菱形鏤空設計、可透視泡棉並減輕鞋重.鞋尖包覆設計提升耐久性. 全足防護 立體泡棉中底包覆鞋跟兩側、有助保持腳跟穩定.塑模橡膠鞋翼、提升前足穩定度. 優點 &bull;前足襯底、加強穩定性. &bull;網布材質、輕盈而半透明. &bull;顯示顏色:FootballGrey/BarelyGrape/PlatinumViolet/ 白 &bull;款式:DM1124-301 &bull;原產國 / 地區:印度,無,https://s1.myqr.com.tw/newshop/177/TypeGoods?type2=7945&type1=7946&type0=7947&pageIndex=0&goodId=48283,無,https://pshop.myqr.com.tw/qrssimage/GoodsImage/107/107465.jpg?95
DM1124402,NIKE AIR MAX IMPACT 4 籃球鞋 DM1124-402,戶外與運動用品,運動鞋/戶外鞋,籃球鞋,無,2480,0.0,1,無,NIKEAIRMAXIMPACT4 籃球鞋 DM1124-001 鞋後跟搭載 AirMax 氣墊、提供適切到位的緩震機能、在快速彈跳過程中、能將地面造成的衝擊反饋成動能. 立體泡棉中底包覆鞋跟兩側、有助保持腳跟穩定搭配塑模橡膠鞋翼、提升前足穩定度. 外底人字形抓地鞋紋、有助穩住重心、提高對動作的掌控力. 菱形鏤空設計、可透視泡棉並減輕鞋重、鞋頭表層、強化鞋身耐久性. 緩震舒適 鞋跟 MaxAir 氣墊、提供適切到位的緩震機能.加襯鞋跟與鞋舌、備感柔軟. 耐磨抓地力 外底人字形抓地鞋紋、有助穩住重心、提高對動作的掌控力.菱形鏤空設計、可透視泡棉並減輕鞋重.鞋尖包覆設計提升耐久性. 全足防護 立體泡棉中底包覆鞋跟兩側、有助保持腳跟穩定.塑模橡膠鞋翼、提升前足穩定度. 優點 &bull;前足襯底、加強穩定性. &bull;網布材質、輕盈而半透明. &bull;顯示顏色:灰岩色 / 雷霆藍 / 冰河藍 / 淺伏特 &bull;款式:DM1124-402,無,https://s1.myqr.com.tw/newshop/177/TypeGoods?type2=7945&type1=7946&type0=7947&pageIndex=0&goodId=48260,無,https://pshop.myqr.com.tw/qrssimage/GoodsImage/119/119174.jpg?95
HF5733181,NIKE Air Zoom Crossover 2 籃球鞋 HF5733-181,戶外與運動用品,運動鞋/戶外鞋,籃球鞋,無,2309,0.0,5,無,NIKEAirZoomCrossover2 籃球鞋 HF5733-181 *鞋面使用合成皮革與合成網布拼接而成、給予良好的透氣性、並提供穩定的支撐效果. *後跟搭載 ZoomAir 氣墊、於落地時能有效減緩地面給予雙足的衝擊力. *鞋頭處熱壓模設計、提供趾部的保護效果、與提升鞋面使用性與耐久度. *橡膠大底可提供良好的抓地效果與耐磨效果.,無,https://s1.myqr.com.tw/newshop/177/TypeGoods?type2=7945&type1=7946&type0=7947&pageIndex=0&goodId=48259,無,https://pshop.myqr.com.tw/qrssimage/GoodsImage/120/120043.jpg?79
FD1034400,NIKE Air Zoom Crossover GS 籃球鞋 FD1034-400,戶外與運動用品,運動鞋/戶外鞋,籃球鞋,無,1990,0.0,3,無,後跟搭載 ZoomAir 緩震配置 輕盈鞋面透氣性出眾 舒適鞋口為腳踝提供有力支撐,無,https://s1.myqr.com.tw/newshop/177/TypeGoods?type2=7945&type1=7946&type0=7947&pageIndex=0&goodId=48297,無,https://pshop.myqr.com.tw/qrssimage/GoodsImage/97/97587.jpg?79
DZ2945600,NIKE Freak 5 EP 籃球鞋 DZ2945-600,戶外與運動用品,運動鞋/戶外鞋,籃球鞋,無,2990,0.0,1,無,*Freak5 取消第 4 代的前掌左右 ZoomAir 氣墊、改為前掌搭載一片 ZoomAir 氣墊、使受力面積更加平均、有助快速彈跳過程中能將衝擊力轉化回饋. *配色靈感源自公鹿隊主場地板與奪冠的榮耀、及 GiannisAntetokounmpo 有著奈及利亞非裔血統而從小成長於希臘的背景. *後跟添加 SmearTraction 科技、加強在左右變換方向時的控制力、有助歐洲步及防守橫移的穩定性. *reak5 中底內刻有其家人的名字、父親 Charles、母親 Veronica、大哥 Francis、二哥 Thanasis、四弟 Kostas、小弟 Alex 及妻子 Mariah 與兩個兒子 Liam、Maverick.,無,https://s1.myqr.com.tw/newshop/177/TypeGoods?type2=7945&type1=7946&type0=7947&pageIndex=0&goodId=48289,無,https://pshop.myqr.com.tw/qrssimage/GoodsImage/106/106145.jpg?16
HJ8205100,Nike G.T. Cut 3 EP Blueprint?籃球鞋??HJ8205-100,戶外與運動用品,運動鞋/戶外鞋,籃球鞋,無,4703,0.0,6,無,NikeG.T.Cut3EPBlueprint 籃球鞋 HJ8205-100 如何在決勝時刻脫穎而出?先穿上 G.T.Cut3 吧!多球場黏性抓地設計完全比照頂尖運動員採用的機能規格、有助瞬間急停、隨心所欲換擋.新增的超靈敏 ZoomX 泡棉、讓你在施展所有足以逆轉戰局的打法時、確保戰力滿級、全程不熄火.此版本配有超耐久橡膠外底、能為室外球場競技提供所需抓地力. 我們的啟發就是創新 Nike 首位創新者 BillBowerman 已為我們畫下設計藍圖.Blueprint 系列的設計細節靈感、包括 Swoosh 標誌和內底的足部草圖、都來自於他.彷彿在我們邁步向前時默默提醒:千里之行、始於足下. 抓地力:超高 鞋底抓地力越強、就越能跟對手拉開距離.你能因此隨心所欲地急停和變速、G.T.Cut3 從鞋跟到鞋頭的鞋紋設計、能為橫切和快速轉向神助攻、強力支援你即停即攻. 靈敏度:超高 球鞋越靈敏、在切入、轉身和朝籃框進攻時、都能獲得越多能量回傳.這讓你步步彈力有感、全場四節行動敏捷、如有神助!全掌式 ZoomX 泡棉為腳步增添彈力、卻不加重負擔、讓你在賽況升溫時、能快速攻防轉換、縱橫全場. 緩震機能:高 足底緩震力越足、比賽過程就能越舒適.緩震機能有助於緩和雙足著地時的衝擊力道.我們將 ZoomX 泡棉與泡棉中底搭配、讓你四節全程活力充沛. G.T.Cut3 與以往有何不同? 這是 Nike 籃球史上首雙嵌入全掌式 ZoomX 泡棉的鞋款、本身能量回傳效果出類拔萃.前足小趾側配置的小型塑膠鞋底墊片、可在迅速移位時穩住腳步. 穩固感受 Flywire 織線與鞋帶整合、加倍穩固前足. 更多優點 超輕量鞋面彈性透氣材質、有助保持涼爽. 阿基里斯腱部位的襯墊鞋領、讓腳踝既舒適又安穩. 產品詳細資料 顯示顏色:白色 /CoconutMilk/GumYellow/RacerBlue 款式:HJ8205-100 原產國 / 地區:中國,無,https://s1.myqr.com.tw/newshop/177/TypeGoods?type2=7945&type1=7946&type0=7947&pageIndex=0&goodId=48249,無,https://pshop.myqr.com.tw/qrssimage/GoodsImage/123/123034.jpg?16
DV2918001,Nike G.T. Cut 3 EP 籃球鞋 DV2918-001,戶外與運動用品,運動鞋/戶外鞋,籃球鞋,無,4400,0.0,6,無,NikeG.T.Cut3EP 籃球鞋 DV2918-001 如何在決勝時刻脫穎而出?先穿上 G.T.Cut3 吧!專為後撤步跳投和開後門而設計、讓你迅速拉出空間進攻.鞋款黏性抓地力在多種球場地面、都能為任意急停和變速效力.當你施展所有足以逆轉戰局的打法時、新增的超靈敏 ZoomX 泡棉將助你全場保持精力充沛.此版本配有超耐久橡膠外底、能為室外球場競技提供所需抓地力. 抓地力:超高 鞋底抓地力越強、就越能跟對手拉開距離.你能因此隨心所欲地急停和變速、G.T.Cut3 從鞋跟到鞋頭的鞋紋設計能為橫切和快速移位神助攻、有效支援你即停即攻. 靈敏度:超高 球鞋越靈敏、在切入、轉身和朝籃框進攻時、都能獲得越多能量回傳.這讓你步步彈力有感、全場四節行動敏捷、如有神助!全掌式 ZoomX 泡棉為腳步增添彈力、卻不加重負擔、讓你在賽況升溫時、能快速攻防轉換、縱橫全場. 緩震機能:高 足底緩震力越足、比賽過程就能越舒適.緩震機能有助於緩和雙足著地時的衝擊力道.我們將 ZoomX 泡棉與泡棉中底搭配、讓你四節全程活力充沛. G.T.Cut3 有何創新? 這是 Nike 籃球史上首雙嵌入全掌式 ZoomX 泡棉的鞋款、本身能量回傳效果出類拔萃.前足小趾側配置的小型塑膠鞋底墊片、可在迅速移位時穩住腳步. 穩固感受 Flywire 織線與鞋帶整合、加倍穩固前足. 更多優點 &bull;超輕量鞋面彈性透氣材質、有助保持涼爽. &bull;阿基里斯腱部位的襯墊鞋領、讓腳踝既舒適又安穩. &bull;顯示顏色:黑 /VintageGreen/Bicoastal/Malachite &bull;款式:DV2918-001 &bull;原產國 / 地區:中國,無,https://s1.myqr.com.tw/newshop/177/TypeGoods?type2=7945&type1=7946&type0=7947&pageIndex=0&goodId=48261,無,https://pshop.myqr.com.tw/qrssimage/GoodsImage/117/117390.jpg?0
DV2918101,NIKE G.T. Cut 3 EP 籃球鞋 DV2918-101,戶外與運動用品,運動鞋/戶外鞋,籃球鞋,無,4400,0.0,1,無,NIKEG.T.Cut3EP 籃球鞋 DV2918-101 如何在決勝時刻脫穎而出?先穿上 G.T.Cut3 吧!專為後撤步跳投和開後門而設計、讓你迅速拉出空間進攻.鞋款黏性抓地力在多種球場地面、都能為任意急停和變速效力.當你施展所有足以逆轉戰局的打法時、新增的超靈敏 ZoomX 泡棉將助你全場保持精力充沛.此版本配有超耐久橡膠外底、能為室外球場競技提供所需抓地力. 抓地力:超高 鞋底抓地力越強、就越能跟對手拉開距離.你能因此隨心所欲地急停和變速、G.T.Cut3 從鞋跟到鞋頭的鞋紋設計能為橫切和快速移位神助攻、有效支援你即停即攻. 靈敏度:超高 球鞋越靈敏、在切入、轉身和朝籃框進攻時、都能獲得越多能量回傳.這讓你步步彈力有感、全場四節行動敏捷、如有神助!全掌式 ZoomX 泡棉為腳步增添彈力、卻不加重負擔、讓你在賽況升溫時、能快速攻防轉換、縱橫全場. 緩震機能:高 足底緩震力越足、比賽過程就能越舒適.緩震機能有助於緩和雙足著地時的衝擊力道.我們將 ZoomX 泡棉與泡棉中底搭配、讓你四節全程活力充沛. G.T.Cut3 有何創新? 這是 Nike 籃球史上首雙嵌入全掌式 ZoomX 泡棉的鞋款、本身能量回傳效果出類拔萃.前足小趾側配置的小型塑膠鞋底墊片、可在迅速移位時穩住腳步. 穩固感受 Flywire 織線與鞋帶整合、加倍穩固前足. 更多優點 &bull;超輕量鞋面彈性透氣材質、有助保持涼爽. &bull;阿基里斯腱部位的襯墊鞋領、讓腳踝既舒適又安穩. &bull;顯示顏色:SummitWhite/PicanteRed/FootballGrey/MetallicSilver &bull;款式:DV2918-101 &bull;原產國 / 地區:中國,無,https://s1.myqr.com.tw/newshop/177/TypeGoods?type2=7945&type1=7946&type0=7947&pageIndex=0&goodId=48276,無,https://pshop.myqr.com.tw/qrssimage/GoodsImage/114/114328.jpg?0
FB2598003,Nike G.T. Cut Academy 男款?籃球鞋??FB2598-003,戶外與運動用品,運動鞋/戶外鞋,籃球鞋,無,3078,0.0,13,無,NikeG.T.CutAcademy 男款籃球鞋 FB2598-003 *G.T.CutAcademy 為 GT 籃球家族最新成員、為該系列首度嘗試推出的平價款式. *中底使用 Renew 泡棉、加上前腳掌 ZoomAir 氣墊、同樣專為後衛球員所需要的靈活性與敏捷性的訴求所設計. *外底使用偏粗條且深的紋路、專為室外場地所設計、提供絕佳的抓地效果與耐磨效果.,無,https://s1.myqr.com.tw/newshop/177/TypeGoods?type2=7945&type1=7946&type0=7947&pageIndex=0&goodId=48248,無,https://pshop.myqr.com.tw/qrssimage/GoodsImage/124/124395.jpg?35
FB2598103,Nike G.T. Cut Academy 男款?籃球鞋??FB2598-103,戶外與運動用品,運動鞋/戶外鞋,籃球鞋,無,3078,0.0,12,無,NikeG.T.CutAcademy 男款籃球鞋 FB2598-103 *G.T.CutAcademy 為 GT 籃球家族最新成員、為該系列首度嘗試推出的平價款式. *中底使用 Renew 泡棉、加上前腳掌 ZoomAir 氣墊、同樣專為後衛球員所需要的靈活性與敏捷性的訴求所設計. *外底使用偏粗條且深的紋路、專為室外場地所設計、提供絕佳的抓地效果與耐磨效果.,無,https://s1.myqr.com.tw/newshop/177/TypeGoods?type2=7945&type1=7946&type0=7947&pageIndex=0&goodId=48247,無,https://pshop.myqr.com.tw/qrssimage/GoodsImage/124/124400.jpg?35
HJ9084100,Nike G.T. Hustle 3 Blueprint EP 男款 籃球鞋 HJ9084-100,戶外與運動用品,運動鞋/戶外鞋,籃球鞋,無,4400,0.0,3,無,NikeG.T.Hustle3BlueprintEP 男款籃球鞋 HJ9084-100 G.T.Hustle3 可在關鍵時刻助你一臂之力.雙層 ZoomAir 緩震系統提供十足彈力、完全比照頂尖運動員採用的機能規格.可幫助你在比賽期間節省能量.專為戰勝對手而設計、讓你在終場哨音響起前、腳步始終迅捷清新.下一個稱霸球壇的是誰?非你莫屬.此版本配有超耐久橡膠外底、能為室外球場競技提供所需抓地力. 我們從創新中獲得啟發 Nike 首位創新者 BillBowerman 已為我們畫下設計藍圖.Blueprint 系列的設計細節靈感、包括 Swoosh 標誌和內底的足部草圖、都來自於他.彷彿在我們邁步向前時默默提醒:千里之行、始於足下. 靈敏度:超高 跑鞋越靈敏、每一步的能量回傳效能就越強.靈敏鞋款都有助於提升每一步的彈力腳感、讓你發揮最佳實力.前足 AirZoom 氣墊採用馬蹄形設計.讓你體驗雙腳側邊和前腳掌 AirZoom 氣墊的全面靈敏反應. 緩震效能:超高 足底的緩震效果越好、打球體驗的腳感就越舒適.鞋面底層採用 AirZoom 氣墊、結合加厚彈性柔軟泡棉、提供腳跟到腳尖的流暢受力轉換與足底舒適感. 抓地力:高 鞋底抓地力越強、就越能跟對手拉開距離.讓你輕鬆急停和快速變換方向、橡膠外底的多向性抓地力、助你在比賽關鍵時刻快速切入. G.T.Hustle3 與以往有何不同? 我們在前足加入馬蹄形 AirZoom 氣墊.結合鞋面底層的 AirZoom 緩震系統、提供超乎想像的能量回傳效果. 貼合有感 放射狀針織鞋面、提供活動時的輕盈包覆.Flywire 織線在鞋帶繫好時、提供穩固定位腳感. 產品詳細資料 *顯示顏色:白色 /Phantom/TotalOrange/RacerBlue *款式:HJ9084-100 *原產國 / 地區:中國,無,https://s1.myqr.com.tw/newshop/177/TypeGoods?type2=7945&type1=7946&type0=7947&pageIndex=0&goodId=48253,無,https://pshop.myqr.com.tw/qrssimage/GoodsImage/121/121750.jpg?35
FV5952601,NIKE G.T. HUSTLE 3 EP 男鞋 籃球鞋 桃紅橘-FV5952-601,戶外與運動用品,運動鞋/戶外鞋,籃球鞋,無,4700,0.0,7,無,NIKEG.T.HUSTLE3EP 男鞋籃球鞋桃紅橘 -FV5952-601 前足加入馬蹄形 AirZoom 氣墊 搭配底層的 AirZoom 緩震系統、提供絕佳的能量反饋 橡膠外底的多向性抓地力、在切入時提供球員絕佳的抓地效果 產品說明 G.T.Hustle3 可在關鍵時刻助你一臂之力.雙層 AirZoom 緩震系統挹注超強勁彈力、讓你全場輕鬆駕馭、毫不費力.專為戰勝對手而設計、讓你在終場哨音響起前、腳步始終迅捷清新.下一個稱霸球壇的是誰?非你莫屬.此版本配有超耐久橡膠外底、能為室外球場競技提供所需抓地力 跑鞋越靈敏、每一步的能量回傳效能就越強.靈敏鞋款都有助於提升每一步的彈力腳感、讓你發揮最佳實力.前足 AirZoom 氣墊採用馬蹄形設計.讓你體驗雙腳側邊和前腳掌 AirZoom 氣墊的全面靈敏反應 足底的緩震效果越好、打球體驗的腳感就越舒適.鞋面底層採用 AirZoom 氣墊、結合加厚彈性柔軟泡棉、提供腳跟到腳尖的流暢受力轉換與足底舒適感 鞋底抓地力越強、就越能跟對手拉開距離.讓你輕鬆急停和快速變換方向、橡膠外底的多向性抓地力、助你在比賽關鍵時刻快速切入 我們在前足加入馬蹄形 AirZoom 氣墊.結合鞋面底層的 AirZoom 緩震系統、提供超乎想像的能量回傳效果 放射狀針織鞋面、提供活動時的輕盈包覆.Flywire 織線在鞋帶繫好時、提供穩固定位腳感,無,https://s1.myqr.com.tw/newshop/177/TypeGoods?type2=7945&type1=7946&type0=7947&pageIndex=0&goodId=48245,無,https://pshop.myqr.com.tw/qrssimage/GoodsImage/124/124653.jpg?71
FJ7808100,Nike G.T. Hustle Academy EP 男款?籃球鞋??FJ7808-100,戶外與運動用品,運動鞋/戶外鞋,籃球鞋,無,3078,0.0,13,無,NikeG.T.HustleAcademyEP 男款籃球鞋 FJ7808-100 G.T.HustleAcademy 能幫助你在下場比賽保持疾速風格.全掌式 Flyknit 鞋面搭配靈敏泡棉、讓你在場上也能保持清新.此版本配有超耐久橡膠外底、能為室外球場競技提供所需抓地力. Flyknit 著感 全掌式 Flyknit 鞋面、輕盈透氣.鞋跟襯墊鞋領、可穩固阿基里斯腱. 緩震機能:高 層層疊加柔軟靈敏泡棉、每一次邁步都提供流暢柔軟的受力轉換. 抓地力:高 外底提供可靠的耐久抓地力、又不會增加過多腳底重量. 靈敏度:中 靈敏泡棉、彈力舒適. 產品詳細資料 顯示顏色:白色 / 黑色 /LightBone 款式:FJ7808-100 原產國 / 地區:越南,無,https://s1.myqr.com.tw/newshop/177/TypeGoods?type2=7945&type1=7946&type0=7947&pageIndex=0&goodId=48246,無,https://pshop.myqr.com.tw/qrssimage/GoodsImage/124/124405.jpg?71
FJ7808001,NIKE G.T. Hustle Academy 男款 籃球鞋 FJ7808-001,戶外與運動用品,運動鞋/戶外鞋,籃球鞋,無,3078,0.0,12,無,NIKEG.T.HustleAcademy 男款籃球鞋 FJ7808-001 *G.T.HustleAcademy 採用 Flyknit 針織鞋面、除造就輕盈透氣且具包覆的足感外、更大幅減輕鞋身重量. *中底採泡棉材質設計、在快速彈跳過程中能有效減緩地面給予雙足的衝擊力. *大底採用耐磨橡膠設計、一次性提升抓地效果與耐磨效果.,無,https://s1.myqr.com.tw/newshop/177/TypeGoods?type2=7945&type1=7946&type0=7947&pageIndex=0&goodId=48240,無,https://pshop.myqr.com.tw/qrssimage/GoodsImage/127/127166.jpg?54
FJ7807001,NIKE Giannis Freak 6 EP FJ7807-001,戶外與運動用品,運動鞋/戶外鞋,籃球鞋,無,3420,0.0,8,無,NIKEGiannisFreak6EPFJ7807-001 FJ7807001,無,https://s1.myqr.com.tw/newshop/177/TypeGoods?type2=7945&type1=7946&type0=7947&pageIndex=0&goodId=48242,無,https://pshop.myqr.com.tw/qrssimage/GoodsImage/125/125170.jpg?54
FJ7807102,NIKE Giannis Freak 6 EP 男款 籃球鞋 FJ7807-102,戶外與運動用品,運動鞋/戶外鞋,籃球鞋,無,3420,0.0,8,無,NIKEGiannisFreak6EP 男款籃球鞋 FJ7807-102 Giannis 需要能支持全能球風、制霸現代球場的籃球鞋.這就是我們升級 GiannisFreak6 抓地力紋路的原因.外底設計讓他隨心所欲急停、大展身手扭轉賽局.AirZoom 緩震系統能幫助他全場保持充沛精力、數據洗板、此版本配有超耐久橡膠外底、能為室外球場競技提供所需抓地力. 黏性抓地力 我們比照 Giannis 的標準、升級抓地力紋路、讓你和希臘怪物在高速切入和移動時、擁有更卓越的場上腳感與活動力. 穩固包覆 繫上鞋帶後、內側包覆系統讓動作收放自如. 雙 Zoom 超給力 前足 AirZoom 氣墊、為扭轉賽局的關鍵表現提供靈敏反應. 產品詳細資料 顯示顏色:白色 /WolfGrey/ 黑色 款式:FJ7807-102 原產國 / 地區:越南,無,https://s1.myqr.com.tw/newshop/177/TypeGoods?type2=7945&type1=7946&type0=7947&pageIndex=0&goodId=48241,無,https://pshop.myqr.com.tw/qrssimage/GoodsImage/127/127104.jpg?54
FV4080600,NIKE Giannis Immortality 3 ASW EP 籃球鞋 FV4080-600,戶外與運動用品,運動鞋/戶外鞋,籃球鞋,無,2138,0.0,6,無,NIKEGiannisImmortality3ASWEP 籃球鞋 FV4080-600 上場、鐫刻你的傳奇!穿上 GiannisImmortality3ASWEP 男子籃球鞋、彰顯如揚尼斯般的精英球員風範.該鞋款柔軟舒適、專為當今跑位靈活的快節奏比賽匠心打造;融入專屬抓地紋路、助你施展精湛的歐洲步技巧、制勝賽場.耐穿橡膠外底、提供可駕馭戶外球場的強勁抓地力. 助力上籃 外底中間融入凹槽設計、提供出色的柔韌靈活性、無論是攻防轉換還是籃下敏捷過人、皆可助你暢動自如、輕鬆完成歐洲步等側向運動. 柔軟腳感 中底泡綿柔軟耐穿、締造柔韌靈活的足底體驗、助你全力衝刺、快攻得分. 穩固感受 中足板帶設計、在側向移動時有效穩固足部.鞋面採用織物與合成材質組合、?明雙足保持舒適. 隨穿隨走 後跟搭配大號提拉環、締造便捷穿脫體驗.,無,https://s1.myqr.com.tw/newshop/177/TypeGoods?type2=7945&type1=7946&type0=7947&pageIndex=0&goodId=48267,無,https://pshop.myqr.com.tw/qrssimage/GoodsImage/116/116337.jpg?90
DZ7534100,NIKE GIANNIS IMMORTALITY 3 EP 籃球鞋 DZ7534-100,戶外與運動用品,運動鞋/戶外鞋,籃球鞋,無,2138,0.0,11,無,你想在人們記憶中留下什麼樣的場上形象?讓 GiannisImmortality3 助你一臂之力、像 Giannis 那樣、在偉大球員中佔有一席之地.特別針對現今快節奏、無固定位置打法而設計、鞋體較前代柔軟、並採用特有抓地紋路、讓你掌握歐洲步精髓、朝著榮耀邁進.超耐久橡膠外底、這版本為室外球場競技提供所需抓地力. 朝籃框進攻 看到貫穿外底中央的溝紋嗎?它能為你提供更靈活的彈性、有利於進行像歐洲步這樣的側向移動、以成功轉換攻防或轉身閃過籃框下的防守. 柔軟暢跑 採用比 GiannisImmortality2 柔軟的中底泡棉、讓你在進行三線快攻時、享受更具彈性的足底體驗. 穩固感受 合成材質中足束帶、可在側向移動時保持腳步平穩.鞋面網布輕盈透氣、有助於雙腳保持涼爽. 一套就走 鞋跟採用加大尺寸拉帶、方便快速套入穿鞋.,無,https://s1.myqr.com.tw/newshop/177/TypeGoods?type2=7945&type1=7946&type0=7947&pageIndex=0&goodId=48285,無,https://pshop.myqr.com.tw/qrssimage/GoodsImage/107/107069.jpg?90
DZ7534101,NIKE Giannis Immortality 3 EP 籃球鞋 DZ7534-101,戶外與運動用品,運動鞋/戶外鞋,籃球鞋,無,2138,0.0,7,無,NIKEGiannisImmortality3EP 籃球鞋 DZ7534-101 你想在人們記憶中留下什麼樣的場上形象?讓 GiannisImmortality3 助你一臂之力、像 Giannis 那樣、在偉大球員中佔有一席之地.特別針對現今快節奏、無固定位置打法而設計、鞋體較前代柔軟、並採用特有抓地紋路、讓你掌握歐洲步精髓、朝著榮耀邁進.超耐久橡膠外底、這版本為室外球場競技提供所需抓地力. 朝籃框進攻 看到貫穿外底中央的溝紋嗎?它能為你提供更靈活的彈性、有利於進行像歐洲步這樣的側向移動、以成功轉換攻防或轉身閃過籃框下的防守. 柔軟暢跑 採用比 GiannisImmortality2 柔軟的中底泡棉、讓你在進行三線快攻時、享受更具彈性的足底體驗. 穩固感受 合成材質中足束帶、可在側向移動時保持腳步平穩.鞋面網布輕盈透氣、有助於雙腳保持涼爽. 一套就走 鞋跟採用加大尺寸拉帶、方便快速套入穿鞋. &bull;顯示顏色:白 /LightLaserOrange/SoftYellow/LightPhotoBlue,無,https://s1.myqr.com.tw/newshop/177/TypeGoods?type2=7945&type1=7946&type0=7947&pageIndex=0&goodId=48268,無,https://pshop.myqr.com.tw/qrssimage/GoodsImage/116/116329.jpg?90
DZ7534200,NIKE GIANNIS IMMORTALITY 3 EP 籃球鞋 DZ7534-200,戶外與運動用品,運動鞋/戶外鞋,籃球鞋,無,1990,0.0,13,無,你想在人們記憶中留下什麼樣的場上形象?讓 GiannisImmortality3 助你一臂之力、像 Giannis 那樣、在偉大球員中佔有一席之地.特別針對現今快節奏、無固定位置打法而設計、鞋體較前代柔軟、並採用特有抓地紋路、讓你掌握歐洲步精髓、朝著榮耀邁進.超耐久橡膠外底、這版本為室外球場競技提供所需抓地力. 朝籃框進攻 看到貫穿外底中央的溝紋嗎?它能為你提供更靈活的彈性、有利於進行像歐洲步這樣的側向移動、以成功轉換攻防或轉身閃過籃框下的防守. 柔軟暢跑 採用比 GiannisImmortality2 柔軟的中底泡棉、讓你在進行三線快攻時、享受更具彈性的足底體驗. 穩固感受 合成材質中足束帶、可在側向移動時保持腳步平穩.鞋面網布輕盈透氣、有助於雙腳保持涼爽. 一套就走 鞋跟採用加大尺寸拉帶、方便快速套入穿鞋.,無,https://s1.myqr.com.tw/newshop/177/TypeGoods?type2=7945&type1=7946&type0=7947&pageIndex=0&goodId=48280,無,https://pshop.myqr.com.tw/qrssimage/GoodsImage/108/108318.jpg?26
DZ7534300,NIKE GIANNIS IMMORTALITY 3 EP 籃球鞋 DZ7534-300,戶外與運動用品,運動鞋/戶外鞋,籃球鞋,無,1990,0.0,13,無,你想在人們記憶中留下什麼樣的場上形象?讓 GiannisImmortality3 助你一臂之力、像 Giannis 那樣、在偉大球員中佔有一席之地.特別針對現今快節奏、無固定位置打法而設計、鞋體較前代柔軟、並採用特有抓地紋路、讓你掌握歐洲步精髓、朝著榮耀邁進.超耐久橡膠外底、這版本為室外球場競技提供所需抓地力. 朝籃框進攻 看到貫穿外底中央的溝紋嗎?它能為你提供更靈活的彈性、有利於進行像歐洲步這樣的側向移動、以成功轉換攻防或轉身閃過籃框下的防守. 柔軟暢跑 採用比 GiannisImmortality2 柔軟的中底泡棉、讓你在進行三線快攻時、享受更具彈性的足底體驗. 穩固感受 合成材質中足束帶、可在側向移動時保持腳步平穩.鞋面網布輕盈透氣、有助於雙腳保持涼爽. 一套就走 鞋跟採用加大尺寸拉帶、方便快速套入穿鞋.,無,https://s1.myqr.com.tw/newshop/177/TypeGoods?type2=7945&type1=7946&type0=7947&pageIndex=0&goodId=48284,無,https://pshop.myqr.com.tw/qrssimage/GoodsImage/107/107439.jpg?10
FQ3681003,NIKE Giannis Immortality 4 EP 男款 籃球鞋 FQ3681-003,戶外與運動用品,運動鞋/戶外鞋,籃球鞋,無,2309,0.0,61,無,NIKEGiannisImmortality4EP 男款籃球鞋 FQ3681-003 *鞋面輕盈透氣網布、提供雙足舒適乾爽腳感. *橡膠鞋底結合自前代改版升級的抓地紋路、助你大顯身手、連連翻轉賽局. *鞋內側包覆系統設計、大幅提升雙足穩定包覆效果、搭配鞋面倒鉤設計、使雙足在鞋內不易產生滑動. *鞋跟造型搭配襯墊、提供球場上急停時所需的強大支撐穩定效果.,無,https://s1.myqr.com.tw/newshop/177/TypeGoods?type2=7945&type1=7946&type0=7947&pageIndex=0&goodId=48237,無,https://pshop.myqr.com.tw/qrssimage/GoodsImage/128/128959.jpg?10
FQ3681300,NIKE Giannis Immortality 4 EP 男款 籃球鞋 FQ3681-300,戶外與運動用品,運動鞋/戶外鞋,籃球鞋,無,2309,0.0,27,無,NIKEGiannisImmortality4EP 男款籃球鞋 FQ3681-300 *鞋面輕盈透氣網布、提供雙足舒適乾爽腳感. *橡膠鞋底結合自前代改版升級的抓地紋路、助你大顯身手、連連翻轉賽局. *鞋內側包覆系統設計、大幅提升雙足穩定包覆效果、搭配鞋面倒鉤設計、使雙足在鞋內不易產生滑動. *鞋跟造型搭配襯墊、提供球場上急停時所需的強大支撐穩定效果.,無,https://s1.myqr.com.tw/newshop/177/TypeGoods?type2=7945&type1=7946&type0=7947&pageIndex=0&goodId=48236,無,https://pshop.myqr.com.tw/qrssimage/GoodsImage/128/128964.jpg?46
FQ3681500,NIKE Giannis Immortality 4 EP?籃球鞋 FQ3681-500,戶外與運動用品,運動鞋/戶外鞋,籃球鞋,無,2138,0.0,23,無,NIKEGiannisImmortality4EP 籃球鞋 FQ3681-500 GiannisImmortality4 專為全方位球員打造.支撐有力的俐落鞋跟形狀、結合自前代改版升級的抓地紋路、助你大顯身手、連連翻轉賽局.此版本配有超耐久橡膠外底、能為室外球場競技提供所需抓地力. 鞋跟支撐設計 全新的俐落鞋跟形狀搭配襯墊、提供急停所需的強大支撐力. 抓地升級 我們比照 Giannis 的標準、升級抓地力紋路、讓你和希臘怪物在高速切入和移動時、擁有更卓越的場上腳感與活動力. 收放自如 內側包覆系統穩固貼合、一繫上鞋帶、動作收放自如. 產品詳細資料 顯示顏色:BlackRaspberry/HotPunch/HotFuchsia/AsterPink 款式:FQ3681-500 原產國 / 地區:中國,無,https://s1.myqr.com.tw/newshop/177/TypeGoods?type2=7945&type1=7946&type0=7947&pageIndex=0&goodId=48244,無,https://pshop.myqr.com.tw/qrssimage/GoodsImage/124/124821.jpg?46
HM3699161,NIKE GT Cut 3 EP 男款 籃球鞋 HM3699-161,戶外與運動用品,運動鞋/戶外鞋,籃球鞋,無,4400,0.0,4,無,NIKEGTCut3EP 男款籃球鞋 HM3699-161 *NikeG.T.Cut3.0、以更具速度感的外觀設計與後場球員在球場上的訴求所打造的全新鞋款. *鞋頭側邊配置 Flywire 科技設計、提供雙足側向支撐穩定效果、使雙足擁有絕佳的包覆效果與支撐性. *中底搭載 ZoomX 泡棉中底、外層添加 TPU 殼包覆給予橫向穩定、並在彈跳過程中有效減緩地面給予雙足的衝擊力. *中底內嵌有抗扭結構、並將範覆蓋圍落在中足、前掌處、除有效加強鞋身剛性外、並加強觸地時的穩定性. *全腳掌 ZoomX 被包裹在內部、並且有用 TPU 限制 ZoomX 的形變幅度、提供籃球運動必要的橫向穩定性.,無,https://s1.myqr.com.tw/newshop/177/TypeGoods?type2=7945&type1=7946&type0=7947&pageIndex=0&goodId=48239,無,https://pshop.myqr.com.tw/qrssimage/GoodsImage/127/127842.jpg?46
DR8786800,"NIKE Ja 1 ""Fuel"" EP 男款籃球鞋 DR8786-800",戶外與運動用品,運動鞋/戶外鞋,籃球鞋,無,2990,0.0,3,無,NIKEJa1&quot;Fuel&quot;EP 籃球鞋 DR8786-800 JaMorant 在南卡羅萊納州的炎炎夏日中鍥而不捨地練習投籃、訓練彈跳以及在三角錐之間穿梭運球、奠定了他成為超級球星的基礎.JA1 宣告了他的崛起.本鞋款配備 ZoomAir 氣墊、讓你舒適駕馭兔子跳和快速動作、掌控自己的場上表現.這個特殊的設計致敬 Ja 的動機、也就是 Morant 家族和他們當年在後院創造的溫暖回憶. 積極進攻的背後 當 Ja 還是個孩子的時候、他非常喜歡和朋友們在 Morant 家中後院打了一整天籃球之後、他的父親搬出烤架、烹煮熱狗、漢堡和雞腿的感覺.家庭對 Ja 來說就是一切.這是他鬥志的燃料、在球場上獲勝的動力.這個特殊的設計向 Morant 家庭烤肉和美好回憶致敬. 個人風格 Ja 的簽名、標誌和球衣背號、也都以他的個人筆跡來呈現. 做好準備、凌空飛馳 前足 ZoomAir 氣墊、全面提升靈敏度與垂直加速度.中底柔韌緩震系統、締造每次起跳後落地的舒適腳感. 穩定支撐 包覆系統和前足束帶、有助穩定腳踝與腳跟、讓你在高速轉向、朝籃框衝刺或防守花招百出的控球員時得心應手、收放自如. 更多優點 &bull;鞋面上的輕量透氣材質、有助維持雙足涼爽. &bull;凸起的泡棉鞋領、確保腳踝舒適. &bull;此版本配有超耐久橡膠外底、可在室外球場發揮卓越效能. &bull;顯示顏色:EmberGlow/LightSilver/ 黑 &bull;款式:DR8786-800 &bull;原產國 / 地區:越南,無,https://s1.myqr.com.tw/newshop/177/TypeGoods?type2=7945&type1=7946&type0=7947&pageIndex=0&goodId=48293,無,https://pshop.myqr.com.tw/qrssimage/GoodsImage/103/103887.jpg?30
HJ7929100,"NIKE Ja 1 ""Scratch"" EP 籃球鞋 HJ7929-100",戶外與運動用品,運動鞋/戶外鞋,籃球鞋,無,2990,0.0,4,無,NIKEJa1&quot;Scratch&quot;EP 籃球鞋 HJ7929-100 JaMorant 在南卡羅萊納州的炎炎夏日中鍥而不捨地練習投籃、訓練彈跳以及在三角錐之間穿梭運球、奠定了他成為超級球星的基礎.JA1 宣告了他的崛起.本鞋款配備 AirZoom 緩震機能、讓你舒適駕馭兔子跳和高速動作、展現 Ja 的籃球風格、掌控自己的場上命運.以此特別設計、致敬 Ja 最得意的灌籃絕技及其球隊傳統.此版本配有超耐久橡膠外底、能為室外球場競技提供所需抓地力. 積極進攻的背後 鞋面與中底採用熊爪狀斜痕設計、向 Ja 著名的雙手反扣「背抓式灌籃」致敬.此外、透過致敬其球隊創立初期的經典配色、與狂野活力十足的懷舊細節相映成趣、彷彿時光倒轉、回到 1990 年代中期. 個人風格 Ja 的簽名、標誌和球衣背號、也都以他的個人筆跡來呈現. 做好準備、凌空飛馳 前足 AirZoom 氣墊、全面提升靈敏度與垂直加速度.中底的柔軟緩震系統、締造衝上雲霄再返回地面時所需的舒適腳感. 穩定支撐 包覆系統和前足束帶、有助穩定腳踝與腳跟、讓你在高速轉向、朝籃框衝刺或防守花招百出的控球員時得心應手、收放自如. 更多優點 鞋面上的輕量透氣材質、有助維持雙足涼爽. 加高泡棉鞋領、提升腳踝支撐力. 產品詳細資料 顯示顏色:白色 /TurboGreen/UniversityRed/ 黑色 款式:HJ7929-100 原產國 / 地區:越南,無,https://s1.myqr.com.tw/newshop/177/TypeGoods?type2=7945&type1=7946&type0=7947&pageIndex=0&goodId=48250,無,https://pshop.myqr.com.tw/qrssimage/GoodsImage/123/123024.jpg?30
FV1288600,NIKE Ja 1 Bite EP 籃球鞋 FV1288-600,戶外與運動用品,運動鞋/戶外鞋,籃球鞋,無,2990,0.0,5,無,NIKEJa1BiteEP 籃球鞋 FV1288-600 無論是罰球線起跳灌籃、或強力跳躍突破防守、Ja 都是志在必得的奪勝狠角色.此特殊設計採用犬狗風格圖樣、向 Ja 的犬式切入致敬.本鞋款配備 AirZoom 緩震機能、讓你舒適駕馭兔子跳和高速動作、展現 Ja 的籃球風格、掌控自己的場上命運.此版本配有超耐久橡膠外底、能為室外球場競技提供所需抓地力. 個人風格 Ja 的簽名、標誌和球衣背號、也都以他的個人筆跡來呈現. 做好準備、凌空飛馳 前足 AirZoom 氣墊、全面提升靈敏度與垂直加速度.中底的柔軟緩震系統、締造衝上雲霄再返回地面時所需的舒適腳感. 輕柔著陸 包覆系統和前足束帶、有助穩定腳踝與腳跟、讓你在高速轉向、朝籃框衝刺或防守花招百出的控球員時得心應手、收放自如. 更多優點 &bull;鞋面上的輕量透氣材質、有助維持雙足涼爽. &bull;加高泡棉鞋領、提升腳踝支撐力. &bull;顯示顏色:RebStardust/UniversityRed/Sail/ 黑 &bull;款式:FV1288-600 &bull;原產國 / 地區:越南,無,https://s1.myqr.com.tw/newshop/177/TypeGoods?type2=7945&type1=7946&type0=7947&pageIndex=0&goodId=48269,無,https://pshop.myqr.com.tw/qrssimage/GoodsImage/116/116279.jpg?65
DR8786403,NIKE JA 1 EP 籃球鞋  DR8786-403,戶外與運動用品,運動鞋/戶外鞋,籃球鞋,無,2990,0.0,8,無,NIKEJA1EP 籃球鞋 DR8786-403 在南卡羅來納州悶熱的夏日裡、賈&middot;莫蘭特反復苦練跳投、已變形的籃筐就是對他日復一日潛心訓練的見證;他還在拖拉機輪胎上狂練彈跳、把交通錐當道具、反復練習運球技巧、終於成為如今揚名立萬的明星球員.Ja1EP 男子籃球鞋就是他崛起的證明.這款籃球鞋搭載 AirZoom、可輕鬆駕馭兔子跳和疾速運動、同時具備出眾舒適性、助你掌控球場. 設計揭秘 對比鮮明的撞色設計、代表助力莫蘭特實現重大突破的堅定決心和意外好運. 個性設計 飾有賈&middot;莫蘭特的手繪簽名圖案、標誌和球衣號. 盡情躍步 前足 AirZoom 緩震配置、帶來出色回彈性能、助力加速騰躍.中底柔軟緩震配置、令你在騰躍後舒適著地. 出眾支撐 匠心包覆系統和中足支撐設計、幫助腳踝和後跟保持穩定、無論是高速變向、衝擊籃筐還是在防守時直面對方變幻莫測的持球人、皆可締造出眾支撐體驗、助你穩控全場. 其他細節 耐穿橡膠外底、提供可駕馭戶外球場的強勁抓地力 鞋面採用輕盈透氣材料、幫助雙足保持乾爽,無,https://s1.myqr.com.tw/newshop/177/TypeGoods?type2=7945&type1=7946&type0=7947&pageIndex=0&goodId=48252,無,https://pshop.myqr.com.tw/qrssimage/GoodsImage/122/122930.jpg?2
DR8786002,NIKE JA 1 EP 籃球鞋 DR8786-002,戶外與運動用品,運動鞋/戶外鞋,籃球鞋,無,2990,0.0,4,無,NIKEJA1EP 籃球鞋 DR8786-002 JaMorant 今天能成為超級球星、全憑他在南卡羅萊納州炎炎夏日的鍥而不舍、包括朝扭曲的籃框練投、在拖拉機輪胎上彈跳、以及穿梭在三角錐之間來回運球.JA1 宣告了他的崛起.本鞋款配備 ZoomAir 氣墊、讓你舒適駕馭兔子跳和高速動作、掌控自己的場上命運.這個特殊設計旨在致敬翻轉 Ja 命運的一款可口點心、以及在 Ja 內心熊熊燃燒、渴望證明鄙視者看走眼的復仇之火. 設計幕後故事 Ja 參加菁英夏季營卻未獲選時、他的籃球生涯可能就此告終.但這個故事的結局並非如此.他在一間偏遠的健身房裡、咬緊牙關辛勤鍛煉.當時、Ja 只需要遇見一位能看見他才能的伯樂.接下來的發展就如同眾所周知.對比配色、象徵無窮盡的決心結合神來一筆的運氣、造就 Ja 籃球生涯的重大突破. 個人風格 Ja 的簽名、標誌和球衣背號、也都以他的個人筆跡來呈現. 做好準備、凌空飛馳 前足 ZoomAir 氣墊、全面提升靈敏度與垂直加速度.中底的柔軟緩震系統、締造衝上雲霄再返回地面時所需的舒適腳感. 穩定支撐 包覆系統和前足束帶、有助穩定腳踝與腳跟、讓你在高速轉向、朝籃框衝刺或防守花招百出的控球員時得心應手、收放自如. 更多優點 &bull;超耐久橡膠外底、這版本為室外球場競技提供所需抓地力. &bull;鞋面上的輕量透氣材質、有助維持雙足涼爽. &bull;顯示顏色:MidnightNavy/FootballGrey/LightLaserOrange &bull;款式:DR8786-002 &bull;原產國 / 地區:越南,無,https://s1.myqr.com.tw/newshop/177/TypeGoods?type2=7945&type1=7946&type0=7947&pageIndex=0&goodId=48277,無,https://pshop.myqr.com.tw/qrssimage/GoodsImage/117/117094.jpg?2
DR8786101,NIKE JA 1 EP 籃球鞋 DR8786-101,戶外與運動用品,運動鞋/戶外鞋,籃球鞋,無,2990,0.0,5,無,NIKEJA1EP 籃球鞋 DR8786-101 JaMorant 今天能成為超級球星、全憑他在南卡羅萊納州炎炎夏日的鍥而不舍、包括朝扭曲的籃框練投、在拖拉機輪胎上彈跳、以及穿梭在三角錐之間來回運球.JA1 宣告了他的崛起.本鞋款配備 ZoomAir 氣墊、讓你舒適駕馭兔子跳和高速動作、掌控自己的場上命運.這個特殊設計旨在致敬翻轉 Ja 命運的一款可口點心、以及在 Ja 內心熊熊燃燒、渴望證明鄙視者看走眼的復仇之火. 設計幕後故事 Ja 參加菁英夏季營卻未獲選時、他的籃球生涯可能就此告終.但這個故事的結局並非如此.他在一間偏遠的健身房裡、咬緊牙關辛勤鍛煉.當時、Ja 只需要遇見一位能看見他才能的伯樂.接下來的發展就如同眾所周知.對比配色、象徵無窮盡的決心結合神來一筆的運氣、造就 Ja 籃球生涯的重大突破. 個人風格 Ja 的簽名、標誌和球衣背號、也都以他的個人筆跡來呈現. 做好準備、凌空飛馳 前足 ZoomAir 氣墊、全面提升靈敏度與垂直加速度.中底的柔軟緩震系統、締造衝上雲霄再返回地面時所需的舒適腳感. 穩定支撐 包覆系統和前足束帶、有助穩定腳踝與腳跟、讓你在高速轉向、朝籃框衝刺或防守花招百出的控球員時得心應手、收放自如. 更多優點 &bull;超耐久橡膠外底、這版本為室外球場競技提供所需抓地力. &bull;鞋面上的輕量透氣材質、有助維持雙足涼爽. &bull;顯示顏色:白 / 白 / 黑 &bull;款式:DR8786-101 &bull;原產國 / 地區:越南 ?,無,https://s1.myqr.com.tw/newshop/177/TypeGoods?type2=7945&type1=7946&type0=7947&pageIndex=0&goodId=48263,無,https://pshop.myqr.com.tw/qrssimage/GoodsImage/116/116714.jpg?84
DR8786102,NIKE JA 1 EP 籃球鞋 DR8786-102,戶外與運動用品,運動鞋/戶外鞋,籃球鞋,無,2990,0.0,3,無,NIKEJA1EP 籃球鞋 DR8786-102 JaMorant 今天能成為超級球星、全憑他在南卡羅萊納州炎炎夏日的鍥而不舍、包括朝扭曲的籃框練投、在拖拉機輪胎上彈跳、以及穿梭在三角錐之間來回運球.JA1 宣告了他的崛起.本鞋款配備 ZoomAir 氣墊、讓你舒適駕馭兔子跳和高速動作、掌控自己的場上命運.這個特殊設計旨在致敬翻轉 Ja 命運的一款可口點心、以及在 Ja 內心熊熊燃燒、渴望證明鄙視者看走眼的復仇之火. 設計幕後故事 Ja 參加菁英夏季營卻未獲選時、他的籃球生涯可能就此告終.但這個故事的結局並非如此.他在一間偏遠的健身房裡、咬緊牙關辛勤鍛煉.當時、Ja 只需要遇見一位能看見他才能的伯樂.接下來的發展就如同眾所周知.對比配色、象徵無窮盡的決心結合神來一筆的運氣、造就 Ja 籃球生涯的重大突破. 個人風格 Ja 的簽名、標誌和球衣背號、也都以他的個人筆跡來呈現. 做好準備、凌空飛馳 前足 ZoomAir 氣墊、全面提升靈敏度與垂直加速度.中底的柔軟緩震系統、締造衝上雲霄再返回地面時所需的舒適腳感. 穩定支撐 包覆系統和前足束帶、有助穩定腳踝與腳跟、讓你在高速轉向、朝籃框衝刺或防守花招百出的控球員時得心應手、收放自如. 更多優點 &bull;超耐久橡膠外底、這版本為室外球場競技提供所需抓地力. &bull;鞋面上的輕量透氣材質、有助維持雙足涼爽. &bull;原產國 / 地區:越南,無,https://s1.myqr.com.tw/newshop/177/TypeGoods?type2=7945&type1=7946&type0=7947&pageIndex=0&goodId=48255,無,https://pshop.myqr.com.tw/qrssimage/GoodsImage/121/121705.jpg?57
DR8786402,NIKE JA 1 EP 籃球鞋 DR8786-402,戶外與運動用品,運動鞋/戶外鞋,籃球鞋,無,2990,0.0,5,無,NIKEJA1EP 籃球鞋 DR8786-402 JaMorant 今天能成為超級球星、全憑他在南卡羅萊納州炎炎夏日的鍥而不舍、包括朝扭曲的籃框練投、在拖拉機輪胎上彈跳、以及穿梭在三角錐之間來回運球.JA1 宣告了他的崛起.本鞋款配備 ZoomAir 氣墊、讓你舒適駕馭兔子跳和高速動作、掌控自己的場上命運.這個特殊設計旨在致敬翻轉 Ja 命運的一款可口點心、以及在 Ja 內心熊熊燃燒、渴望證明鄙視者看走眼的復仇之火. 設計幕後故事 Ja 參加菁英夏季營卻未獲選時、他的籃球生涯可能就此告終.但這個故事的結局並非如此.他在一間偏遠的健身房裡、咬緊牙關辛勤鍛煉.當時、Ja 只需要遇見一位能看見他才能的伯樂.接下來的發展就如同眾所周知.對比配色、象徵無窮盡的決心結合神來一筆的運氣、造就 Ja 籃球生涯的重大突破. 個人風格 Ja 的簽名、標誌和球衣背號、也都以他的個人筆跡來呈現. 做好準備、凌空飛馳 前足 ZoomAir 氣墊、全面提升靈敏度與垂直加速度.中底的柔軟緩震系統、締造衝上雲霄再返回地面時所需的舒適腳感. 穩定支撐 包覆系統和前足束帶、有助穩定腳踝與腳跟、讓你在高速轉向、朝籃框衝刺或防守花招百出的控球員時得心應手、收放自如. 更多優點 &bull;超耐久橡膠外底、這版本為室外球場競技提供所需抓地力. &bull;鞋面上的輕量透氣材質、有助維持雙足涼爽. &bull;顯示顏色:MidnightNavy/FootballGrey/LightLaserOrange &bull;款式:DR8786-402 &bull;原產國 / 地區:越南,無,https://s1.myqr.com.tw/newshop/177/TypeGoods?type2=7945&type1=7946&type0=7947&pageIndex=0&goodId=48262,無,https://pshop.myqr.com.tw/qrssimage/GoodsImage/117/117107.jpg?40
DX9012001,NIKE Jordan Luka 2 PF 籃球鞋 DX9012-001,戶外與運動用品,運動鞋/戶外鞋,籃球鞋,無,2990,0.0,4,無,NIKEJordanLuka2PF 籃球鞋 DX9012-001 速度你來.穩定性交給我們.Luka2 專為球技助攻打造、以後撤步、側跨步和急停動作為設計主軸.中底層配置堅韌有彈性的緩震系統、提升全場往返所需的靈敏度.鞋面鞋籠包覆全足、無論是用假動作突破防守或帶球直闖禁區、都穩如泰山.我們將所有技術集結在輕量設計中、提供高效支援.其他靠你了. 可吸收衝擊力道的緩震設計 側向移動時、需要穩固而非僵硬的支撐力.中底的楔型緩震系統銜接鞋內側壁、助你展現飛身擦板的冠軍氣勢;厚實的塑模內底、有助雙腳穩固貼地. 效率決定最後一哩路 側移時的反方向面?橫向支撐.我們在外側鞋邊添加了強韌鞋底墊片、在硬質泡棉載體與中底 Formula23 泡棉的共同作用下、提供更穩固的急停腳感. 360 度全方位支撐 堅固鞋籠完整包覆鞋面、提供 360 度連動支撐力、無論往哪裡移動、急停速度多快、雙足都能穩若磐石. 產品詳細資料 PF 版本採用加寬貼合設計、可在戶外球場發揮卓越機能. 顯示顏色:黑 款式:DX9012-001 原產國 / 地區:越南,無,https://s1.myqr.com.tw/newshop/177/TypeGoods?type2=7945&type1=7946&type0=7947&pageIndex=0&goodId=48287,無,https://pshop.myqr.com.tw/qrssimage/GoodsImage/106/106188.jpg?40
DX9012017,NIKE Jordan Luka 2 PF 籃球鞋 DX9012-017,戶外與運動用品,運動鞋/戶外鞋,籃球鞋,無,2990,0.0,7,無,NIKEJordanLuka2PF 籃球鞋 DX9012-017 速度你來.穩定性交給我們.Luka2 專為球技助攻打造、以後撤步、側跨步和急停動作為設計主軸.中底層配置堅韌有彈性的緩震系統、提升全場往返所需的靈敏度.鞋面鞋籠包覆全足、無論是用假動作突破防守或帶球直闖禁區、都穩如泰山.我們將所有技術集結在輕量設計中、提供高效支援.其他靠你了. 可吸收衝擊力道的緩震設計 側向移動時、需要穩固而非僵硬的支撐力.中底的楔型緩震系統銜接鞋內側壁、助你展現飛身擦板的冠軍氣勢;厚實的塑模內底、有助雙腳穩固貼地. 效率決定最後一哩路 側移時的反方向面?橫向支撐.我們在外側鞋邊添加了強韌鞋底墊片、在硬質泡棉載體與中底 Formula23 泡棉的共同作用下、提供更穩固的急停腳感. 360 度全方位支撐 堅固鞋籠完整包覆鞋面、提供 360 度連動支撐力、無論往哪裡移動、急停速度多快、雙足都能穩若磐石. 產品詳細資料 PF 版本採用加寬貼合設計、可在戶外球場發揮卓越機能. 顯示顏色:白 / 黑 款式:DX9012-017 原產國 / 地區:越南,無,https://s1.myqr.com.tw/newshop/177/TypeGoods?type2=7945&type1=7946&type0=7947&pageIndex=0&goodId=48270,無,https://pshop.myqr.com.tw/qrssimage/GoodsImage/116/116272.jpg?40
DX9012100,NIKE Jordan Luka 2 PF 籃球鞋 DX9012-100,戶外與運動用品,運動鞋/戶外鞋,籃球鞋,無,2990,0.0,7,無,NIKEJordanLuka2PF 籃球鞋 DX9012-100 速度你來.穩定性交給我們.Luka2 專為球技助攻打造、以後撤步、側跨步和急停動作為設計主軸.中底層配置堅韌有彈性的緩震系統、提升全場往返所需的靈敏度.鞋面鞋籠包覆全足、無論是用假動作突破防守或帶球直闖禁區、都穩如泰山.我們將所有技術集結在輕量設計中、提供高效支援.其他靠你了. 可吸收衝擊力道的緩震設計 側向移動時、需要穩固而非僵硬的支撐力.中底的楔型緩震系統銜接鞋內側壁、助你展現飛身擦板的冠軍氣勢;厚實的塑模內底、有助雙腳穩固貼地. 效率決定最後一哩路 側移時的反方向面?橫向支撐.我們在外側鞋邊添加了強韌鞋底墊片、在硬質泡棉載體與中底 Formula23 泡棉的共同作用下、提供更穩固的急停腳感. 360 度全方位支撐 堅固鞋籠完整包覆鞋面、提供 360 度連動支撐力、無論往哪裡移動、急停速度多快、雙足都能穩若磐石. 產品詳細資料 PF 版本採用加寬貼合設計、可在戶外球場發揮卓越機能. 顯示顏色:CoconutMilk/Fossil/LemonDrop/ 黑 款式:DX9012-100 原產國 / 地區:越南,無,https://s1.myqr.com.tw/newshop/177/TypeGoods?type2=7945&type1=7946&type0=7947&pageIndex=0&goodId=48272,無,https://pshop.myqr.com.tw/qrssimage/GoodsImage/114/114494.jpg?76
FD2336106,NIKE Jordan One Take 5 PF 男籃球鞋 FD2336-106,戶外與運動用品,運動鞋/戶外鞋,籃球鞋,無,2690,0.0,6,無,NIKEJordanOneTake5PF 男籃球鞋 FD2336-106 加速、傾斜、投籃、得分&mdash;&mdash;然後再次出擊.RussellWestbrook 的最新鞋款專為比賽速度而生、讓您面對防守攻無不克.鞋外側孔眼片和環繞式鞋尖飾片、為比賽提供穩固著感.前足 ZoomAir 氣墊、具備能量回傳緩震機能、全場持續前進、暢動不懈. 穩定包覆 鞋面、孔眼片和環繞式鞋尖飾片相互搭配、提供比賽所需的穩定包覆感. 靈敏設計、一馬當先 從上方置入的前足 ZoomAir 氣墊、更貼合足部、讓你用靈敏腳感縱橫球場. 產品詳細資料 &bull;PF 版本採用寬版設計、適合室外球場. &bull;刺繡鞋舌標誌 &bull;中底 Jumpman 裝飾 &bull;顯示顏色:白 / 黑 /UniversityRed &bull;款式:FD2336-106 &bull;原產國 / 地區:越南 ?,無,https://s1.myqr.com.tw/newshop/177/TypeGoods?type2=7945&type1=7946&type0=7947&pageIndex=0&goodId=48274,無,https://pshop.myqr.com.tw/qrssimage/GoodsImage/114/114470.jpg?76
DX6732100,NIKE Jordan Tatum 1 St. Louis 籃球鞋 DX6732-100,戶外與運動用品,運動鞋/戶外鞋,籃球鞋,無,2990,0.0,1,無,*JordanBrand 專為旗下球星 JaysonTatum 打造的第一雙個人簽名鞋款、同時為本賽季 JordanBrand 實戰籃球系列中最輕的籃球鞋. *輕量而堅固的 TPU 框架設計、在側向支撐效果與鞋身剛性上皆絕佳的性能表現. *中底搭載泡棉包裹鞋身底部、搭配前掌開放式 ZoomAir 大氣墊在快速移動時提供出眾的能量回饋、在兼顧穩定性的同時而不影響場地觸感. *網狀針織鞋面堅固且輕盈、鞋領位置亦為腳踝提供有力支撐、並大幅減輕鞋身重量. *此配色以 JaysonTatum 家鄉 St.Louis 命名.,無,https://s1.myqr.com.tw/newshop/177/TypeGoods?type2=7945&type1=7946&type0=7947&pageIndex=0&goodId=48288,無,https://pshop.myqr.com.tw/qrssimage/GoodsImage/106/106184.jpg?60
DJ7554014,NIKE KD Trey 5 X EP 籃球鞋 DJ7554-014,戶外與運動用品,運動鞋/戶外鞋,籃球鞋,無,2736,0.0,-2,無,前腳掌搭載 ZoomAir 氣墊 腳背處添加魔鬼氈設計 加強雙足的包覆效果與穩定性,無,https://s1.myqr.com.tw/newshop/177/TypeGoods?type2=7945&type1=7946&type0=7947&pageIndex=0&goodId=48295,無,https://pshop.myqr.com.tw/qrssimage/GoodsImage/103/103255.jpg?60
FB2237001,NIKE LeBron Witness 8 EP FB2237-001,戶外與運動用品,運動鞋/戶外鞋,籃球鞋,無,2736,0.0,10,無,NIKELEBRONWITNESSVIIIEP 籃球鞋 FB2237-001 踏上球場時、你想要有怎樣的表現?穿上 LeBronWitnesses8 鞋款、大方秀出你的無盡魅力與全方位技巧、迎接觀眾喝采.這雙俐落大膽雕塑風格的鞋款、可在暴衝時提供出色穩定性、並在落地時輕柔著地、讓你或 LeBron 這樣的靈魂人物能一路跳躍、急停、衝刺完賽.超耐久橡膠外底、這版本為室外球場競技提供所需抓地力. MaxAir 製造 輕薄中底內的 MaxAir 氣墊結合包覆式泡棉、提供側移所需的支撐力.此設計有助減緩落地衝擊力、讓腳跟至腳尖的受力轉換更加流暢.此外、還能提供側向穩定性、讓力量收放自如. 穩固感受 從包覆前足的織帶、到穩定腳跟的外部塑模片、整體鞋面採用透氣網布材質、著感輕盈貼合.側邊強化縫線、讓鞋身更穩固服貼、提供全腳包覆著感. 穩步出發 橡膠外底一分為二、搭配足弓下方的局部鏤空設計、可減輕鞋重、確保鞋身靈活彎曲.經典人字形底紋、提供耐久抓地力. 產品詳細資料 &bull;襯墊鞋領 &bull;菱形縫製的絎縫鞋舌 &bull;顯示顏色:黑 /FieldPurple/ 白 &bull;款式:FB2237-001 &bull;原產國 / 地區:越南,無,https://s1.myqr.com.tw/newshop/177/TypeGoods?type2=7945&type1=7946&type0=7947&pageIndex=0&goodId=48282,無,https://pshop.myqr.com.tw/qrssimage/GoodsImage/107/107855.jpg?95
FB2237100,NIKE LeBron Witness 8 EP 籃球鞋 FB2237-100,戶外與運動用品,運動鞋/戶外鞋,籃球鞋,無,2736,0.0,10,無,NIKELEBRONWITNESSVIIIEP 籃球鞋 FB2237-100 踏上球場時、你想要有怎樣的表現?穿上 LeBronWitnesses8 鞋款、大方秀出你的無盡魅力與全方位技巧、迎接觀眾喝采.這雙俐落大膽雕塑風格的鞋款、可在暴衝時提供出色穩定性、並在落地時輕柔著地、讓你或 LeBron 這樣的靈魂人物能一路跳躍、急停、衝刺完賽.超耐久橡膠外底、這版本為室外球場競技提供所需抓地力. MaxAir 製造 輕薄中底內的 MaxAir 氣墊結合包覆式泡棉、提供側移所需的支撐力.此設計有助減緩落地衝擊力、讓腳跟至腳尖的受力轉換更加流暢.此外、還能提供側向穩定性、讓力量收放自如. 穩固感受 從包覆前足的織帶、到穩定腳跟的外部塑模片、整體鞋面採用透氣網布材質、著感輕盈貼合.側邊強化縫線、讓鞋身更穩固服貼、提供全腳包覆著感. 穩步出發 橡膠外底一分為二、搭配足弓下方的局部鏤空設計、可減輕鞋重、確保鞋身靈活彎曲.經典人字形底紋、提供耐久抓地力. 產品詳細資料 &bull;襯墊鞋領 &bull;菱形縫製的絎縫鞋舌 &bull;顯示顏色:白 /LightSmokeGrey/ 黑 &bull;款式:FB2237-100 &bull;原產國 / 地區:越南,無,https://s1.myqr.com.tw/newshop/177/TypeGoods?type2=7945&type1=7946&type0=7947&pageIndex=0&goodId=48279,無,https://pshop.myqr.com.tw/qrssimage/GoodsImage/109/109034.jpg?95
DM1122003,NIKE LeBron Witness VII EP 男款氣墊籃球鞋 DM1122-003,戶外與運動用品,運動鞋/戶外鞋,籃球鞋,無,1990,0.0,1,無,NIKELeBronWitnessVIIEP 男款氣墊籃球鞋 DM1122-003 *Witness7EP、為 Nike 有史以來最輕量化設計、且兼具可靠穩定性與強大支撐力的 LeBron 鞋款. *中底搭載全掌式 MaxAir 緩震系統結合包覆式泡棉、在快速彈跳過程中能有效減緩地面給予雙足的衝擊力、並在落地瞬間給予穩定的緩衝效果. *雙層半透明鞋面設計、結合輕量網布結合包覆織線鞋面、在訴求減輕鞋身重量時、依舊保持絕佳的包覆性能與透氣性. *腳踝處添加全新設計 TPU 穩定片、大幅提升鞋身剛性與穩定性. *橡膠外底一分為二、搭配足弓下方的局部鏤空設計、可減輕鞋重、確保鞋身靈活彎曲. *經典人字形底紋、提供強大耐久的抓地效果與耐磨效果.,無,https://s1.myqr.com.tw/newshop/177/TypeGoods?type2=7945&type1=7946&type0=7947&pageIndex=0&goodId=48290,無,https://pshop.myqr.com.tw/qrssimage/GoodsImage/105/105842.jpg?32
DM1122500,NIKE LeBron Witness VII EP 籃球鞋 DM1122-500,戶外與運動用品,運動鞋/戶外鞋,籃球鞋,無,1990,0.0,16,無,全掌式 MaxAir 氣墊結合包覆式泡棉 減輕重量提升靈敏度 整體鞋面採用透氣網布材質,無,https://s1.myqr.com.tw/newshop/177/TypeGoods?type2=7945&type1=7946&type0=7947&pageIndex=0&goodId=48299,無,https://pshop.myqr.com.tw/qrssimage/GoodsImage/96/96182.jpg?32
DM1122501,NIKE LeBron Witness VII EP 籃球鞋 DM1122-501,戶外與運動用品,運動鞋/戶外鞋,籃球鞋,無,1990,0.0,10,無,全掌式 MaxAir 氣墊結合包覆式泡棉 減輕重量提升靈敏度 整體鞋面採用透氣網布材質,無,https://s1.myqr.com.tw/newshop/177/TypeGoods?type2=7945&type1=7946&type0=7947&pageIndex=0&goodId=48296,無,https://pshop.myqr.com.tw/qrssimage/GoodsImage/100/100353.jpg?32
FB2237003,NIKE LEBRON WITNESS VIII EP 籃球鞋 FB2237-003,戶外與運動用品,運動鞋/戶外鞋,籃球鞋,無,2736,0.0,9,無,NIKELEBRONWITNESSVIIIEP 籃球鞋 FB2237-003 踏上球場時、你想要有怎樣的表現?穿上 LeBronWitnesses8 鞋款、大方秀出你的無盡魅力與全方位技巧、迎接觀眾喝采.這雙俐落大膽雕塑風格的鞋款、可在暴衝時提供出色穩定性、並在落地時輕柔著地、讓你或 LeBron 這樣的靈魂人物能一路跳躍、急停、衝刺完賽.超耐久橡膠外底、這版本為室外球場競技提供所需抓地力. MaxAir 製造 輕薄中底內的 MaxAir 氣墊結合包覆式泡棉、提供側移所需的支撐力.此設計有助減緩落地衝擊力、讓腳跟至腳尖的受力轉換更加流暢.此外、還能提供側向穩定性、讓力量收放自如. 穩固感受 從包覆前足的織帶、到穩定腳跟的外部塑模片、整體鞋面採用透氣網布材質、著感輕盈貼合.側邊強化縫線、讓鞋身更穩固服貼、提供全腳包覆著感. 穩步出發 橡膠外底一分為二、搭配足弓下方的局部鏤空設計、可減輕鞋重、確保鞋身靈活彎曲.經典人字形底紋、提供耐久抓地力. 產品詳細資料 &bull;襯墊鞋領 &bull;菱形縫製的絎縫鞋舌 &bull;顯示顏色:LightIronOre/Sail/GumLightBrown/MediumOlive &bull;款式:FB2237-003 &bull;原產國 / 地區:越南,無,https://s1.myqr.com.tw/newshop/177/TypeGoods?type2=7945&type1=7946&type0=7947&pageIndex=0&goodId=48266,無,https://pshop.myqr.com.tw/qrssimage/GoodsImage/116/116415.jpg?15
FB2237300,NIKE LeBron Witness VIII EP 籃球鞋 FB2237-300,戶外與運動用品,運動鞋/戶外鞋,籃球鞋,無,2736,0.0,19,無,NIKELEBRONWITNESSVIIIEP 籃球鞋 FB2237-300 踏上球場時、你想要有怎樣的表現?穿上 LeBronWitnesses8 鞋款、大方秀出你的無盡魅力與全方位技巧、迎接觀眾喝采.這雙俐落大膽雕塑風格的鞋款、可在暴衝時提供出色穩定性、並在落地時輕柔著地、讓你或 LeBron 這樣的靈魂人物能一路跳躍、急停、衝刺完賽.超耐久橡膠外底、這版本為室外球場競技提供所需抓地力. MaxAir 製造 輕薄中底內的 MaxAir 氣墊結合包覆式泡棉、提供側移所需的支撐力.此設計有助減緩落地衝擊力、讓腳跟至腳尖的受力轉換更加流暢.此外、還能提供側向穩定性、讓力量收放自如. 穩固感受 從包覆前足的織帶、到穩定腳跟的外部塑模片、整體鞋面採用透氣網布材質、著感輕盈貼合.側邊強化縫線、讓鞋身更穩固服貼、提供全腳包覆著感. 穩步出發 橡膠外底一分為二、搭配足弓下方的局部鏤空設計、可減輕鞋重、確保鞋身靈活彎曲.經典人字形底紋、提供耐久抓地力. 產品詳細資料 &bull;襯墊鞋領 &bull;菱形縫製的絎縫鞋舌 &bull;顯示顏色:VaporGreen/LightCarbon/ 白 &bull;款式:FB2237-300 &bull;原產國 / 地區:越南,無,https://s1.myqr.com.tw/newshop/177/TypeGoods?type2=7945&type1=7946&type0=7947&pageIndex=0&goodId=48275,無,https://pshop.myqr.com.tw/qrssimage/GoodsImage/114/114343.jpg?15
DC5216005,NIKE NIKE AIR ZOOM CROSSOVER 童 籃球鞋 DC5216-005,戶外與運動用品,運動鞋/戶外鞋,籃球鞋,無,2223,0.0,1,無,鞋跟 ZoomAir 氣墊 鞋領穩固貼合踝周帶來優異支撐力 輕量網布具出色透氣性,無,https://s1.myqr.com.tw/newshop/177/TypeGoods?type2=7945&type1=7946&type0=7947&pageIndex=0&goodId=48301,無,https://pshop.myqr.com.tw/qrssimage/GoodsImage/91/91128.jpg?51
FJ6458100,NIKE Nike Jordan Tatum 2 籃球鞋  FJ6458-100,戶外與運動用品,運動鞋/戶外鞋,籃球鞋,無,3420,0.0,1,無,NIKENikeJordanTatum2 籃球鞋 FJ6458-100 JordanTatum2PF 男子籃球鞋從 JORDAN 品牌與波士頓球隊的傳奇故事中汲取設計靈感、結合經典設計和時尚醒目配色設計、旨在向傑森&middot;塔圖姆效力的球隊致敬.你要創造怎樣的精彩?即刻上腳、享受輕盈柔韌腳感、隨心所欲打造專屬造型. 舒適貼合 鞋框從鞋底延伸至鞋面、在低位貼地動作中提供強勁支撐. 強力抓地 賽場上的你往返攻防、享受運動時刻.橡膠大底和泡綿為你提供強勁抓地力與出眾回彈性能. 輕裝上陣 鞋款輕盈、有助於發揮上佳表現.這款籃球鞋僅在外底關鍵部位使用橡膠、保留強力抓地設計、由厚實泡綿負責大部分承重. 產品細節 &bull;PF 版本採用耐穿設計、可駕馭戶外球場 &bull;顯示顏色:白色 / 黑 / 狼灰 / 電子綠 &bull;款式:FJ6458-100,無,https://s1.myqr.com.tw/newshop/177/TypeGoods?type2=7945&type1=7946&type0=7947&pageIndex=0&goodId=48258,籃球鞋 運動 實戰 球鞋 訓練 耐磨 白灰黑,https://pshop.myqr.com.tw/qrssimage/GoodsImage/120/120056.jpg?51
FJ6458300,NIKE Nike Jordan Tatum 2 籃球鞋  FJ6458-300,戶外與運動用品,運動鞋/戶外鞋,籃球鞋,無,3420,0.0,4,無,NIKENikeJordanTatum2 籃球鞋 FJ6458-300 JordanTatum2PF 男子籃球鞋從 JORDAN 品牌與波士頓球隊的傳奇故事中汲取設計靈感、結合經典設計和時尚醒目配色設計、旨在向傑森&middot;塔圖姆效力的球隊致敬.你要創造怎樣的精彩?即刻上腳、享受輕盈柔韌腳感、隨心所欲打造專屬造型. 舒適貼合 鞋框從鞋底延伸至鞋面、在低位貼地動作中提供強勁支撐. 強力抓地 賽場上的你往返攻防、享受運動時刻.橡膠大底和泡綿為你提供強勁抓地力與出眾回彈性能. 輕裝上陣 鞋款輕盈、有助於發揮上佳表現.這款籃球鞋僅在外底關鍵部位使用橡膠、保留強力抓地設計、由厚實泡綿負責大部分承重. 產品細節 &bull;PF 版本採用耐穿設計、可駕馭戶外球場 &bull;顯示顏色:泡沫薄荷?/ 黑 / 翡翠?/ 火山? &bull;款式:FJ6458-300,無,https://s1.myqr.com.tw/newshop/177/TypeGoods?type2=7945&type1=7946&type0=7947&pageIndex=0&goodId=48257,籃球鞋 運動 實戰 球鞋 訓練 耐磨 薄荷綠,https://pshop.myqr.com.tw/qrssimage/GoodsImage/120/120061.jpg?87
DM9026002,NIKE Omni Multi-Court 中童 籃球鞋 DM9026-002,戶外與運動用品,運動鞋/戶外鞋,籃球鞋,無,1454,0.0,5,無,*OmniMulti-Court 滿足所有室內運動之所需、無論是排球、籃球、網球、手球、以輕盈耐穿為主要訴求、方便快速移動. *無痕橡膠鞋底提供優異抓地力、從室內排球場到室內網球場都能駕馭. *鞋跟和前足周圍採用寬版設計.超柔軟泡棉讓雙足貼近地面、促使動作更加自然流暢. *透氣網布、著感柔軟輕盈.強化的鞋尖、有助提升踮步時的耐磨性.,無,https://s1.myqr.com.tw/newshop/177/TypeGoods?type2=7945&type1=7946&type0=7947&pageIndex=0&goodId=48291,無,https://pshop.myqr.com.tw/qrssimage/GoodsImage/104/104239.jpg?87
DM9027002,NIKE Omni Multi-Court 籃球鞋 DM9027-002,戶外與運動用品,運動鞋/戶外鞋,籃球鞋,無,1539,0.0,5,無,*OmniMulti-Court 滿足所有室內運動之所需、無論是排球、籃球、網球、手球、以輕盈耐穿為主要訴求、方便快速移動. *無痕橡膠鞋底提供優異抓地力、從室內排球場到室內網球場都能駕馭. *鞋跟和前足周圍採用寬版設計.超柔軟泡棉讓雙足貼近地面、促使動作更加自然流暢. *透氣網布、著感柔軟輕盈.強化的鞋尖、有助提升踮步時的耐磨性.,無,https://s1.myqr.com.tw/newshop/177/TypeGoods?type2=7945&type1=7946&type0=7947&pageIndex=0&goodId=48292,無,https://pshop.myqr.com.tw/qrssimage/GoodsImage/104/104235.jpg?87
FN4322003,Nike Precision 7?男款籃球鞋 FN4322-003,戶外與運動用品,運動鞋/戶外鞋,籃球鞋,無,2138,0.0,13,無,NikePrecision7 男款籃球鞋 FN4322-003 *鞋面採用輕量網布設計、提供足部透氣舒適不悶腳感、並加強鞋頭支撐力. *柔軟的泡沫中底、具備緩衝能力及給予柔軟回彈感受. *橡膠人字形大底材質、提供多向抓地力及耐磨效果. *低筒設計給予足夠靈活性.,無,https://s1.myqr.com.tw/newshop/177/TypeGoods?type2=7945&type1=7946&type0=7947&pageIndex=0&goodId=48238,無,https://pshop.myqr.com.tw/qrssimage/GoodsImage/127/127894.jpg?70
FN4322700,Nike Precision 7?男款籃球鞋 FN4322-700,戶外與運動用品,運動鞋/戶外鞋,籃球鞋,無,2138,0.0,25,無,NikePrecision7 男款籃球鞋 FN4322-700 換上 NikePrecision7、遠距投籃、切入得分、展現高超球技.鞋款結合地面控制力、舒適性和場上抓地力、非常適合在下一次比賽輪到你上場時迅速發揮震撼表現.立即報隊、用你的拿手球技打場漂亮比賽. 比賽全程、舒適非凡 鞋領和鞋舌的柔軟泡棉、提升腳踝周圍和腳背的舒適感、減少重點區域的干擾.鞋款提供均衡出色表現、能在突然改變方向時發揮地面控制力、快速來回攻守兩端時也能確保舒適腳感.透氣網布鞋面、包覆雙足. 緩震機能、暢步推進 立體泡棉中底、柔軟支撐、為激烈的比賽提供緩震機能. 穩步出發 人字形抓地設計提供多向性防滑機能、適合動作敏捷且快速切入的球員.橡膠包覆前足兩側、可在你挑戰極限時提供強悍抓地力. 更多優點 鞋帶配置搭配中足織帶圈、可穩固雙足. 低筒鞋領設計、提升足踝活動力. 泡棉內的可見式鏤空設計、有助減輕重量. 產品詳細資料 無縫膠膜 塑模 Swoosh 標誌 顯示顏色:Volt/SummitWhite/BarelyVolt/DarkSmokeGrey 款式:FN4322-700 原產國 / 地區:越南,無,https://s1.myqr.com.tw/newshop/177/TypeGoods?type2=7945&type1=7946&type0=7947&pageIndex=0&goodId=48243,無,https://pshop.myqr.com.tw/qrssimage/GoodsImage/124/124830.jpg?70
FN4322101,Nike Precision VII 男款 籃球鞋 FN4322-101,戶外與運動用品,運動鞋/戶外鞋,籃球鞋,無,2138,0.0,12,無,NikePrecisionVII 男款籃球鞋 FN4322-101 換上 NikePrecision7、遠距投籃、切入得分、展現高超球技.鞋款結合地面控制力、舒適性和場上抓地力、非常適合在下一次比賽輪到你上場時迅速發揮震撼表現.立即報隊、用你的拿手球技打場漂亮比賽. 比賽全程、舒適非凡 鞋領和鞋舌的柔軟泡棉、提升腳踝周圍和腳背的舒適感、減少重點區域的干擾.鞋款提供均衡出色表現、能在突然改變方向時發揮地面控制力、快速來回攻守兩端時也能確保舒適腳感.透氣網布鞋面、包覆雙足. 緩震機能、暢步推進 立體泡棉中底、柔軟支撐、為激烈的比賽提供緩震機能. 穩步出發 人字形抓地設計提供多向性防滑機能、適合動作敏捷且快速切入的球員.橡膠包覆前足兩側、可在你挑戰極限時提供強悍抓地力. 更多優點 鞋帶配置搭配中足織帶圈、可穩固雙足. 低筒鞋領設計、提升足踝活動力. 泡棉內的可見式鏤空設計、有助減輕重量. 產品詳細資料 無縫膠膜 塑模 Swoosh 標誌,無,https://s1.myqr.com.tw/newshop/177/TypeGoods?type2=7945&type1=7946&type0=7947&pageIndex=0&goodId=48254,無,https://pshop.myqr.com.tw/qrssimage/GoodsImage/121/121730.jpg?7
DX4996100,NIKE Zoom Freak 5 EP 男款籃球鞋 DX4996-100,戶外與運動用品,運動鞋/戶外鞋,籃球鞋,無,2990,0.0,6,無,NIKEZoomFreak5EP 籃球鞋 DX4996-100 GiannisAntetokounmpo 的內在引擎正如火如荼疾速轉動、需要一雙能駕馭他超凡能力的不凡鞋款.上腳 Freak5.他的專屬簽名鞋配備驚人速度、起步超迅捷、再搭配經得起各種比賽考驗的彈力緩震設計、讓你宛如 GreekFreak 上身、飛速閃過對手直攻籃下、即使在關鍵防守時刻、仍能堅守身手敏捷的持球員.超耐久橡膠外底、這版本為室外球場競技提供所需抓地力. 全力以赴 從前足上方置入 ZoomAir 氣墊、實現優異的能量回傳與靈敏反應、讓起步動作如虎添翼、從中距離輕鬆奔向籃框. 穩固包覆 本款設計專為 Giannis 的強大力量和飆速而生、伴他衝破各種防守陣仗.內側包覆系統提供 DynamicFit 系統、可減少足部在鞋內晃動、又不會感到緊繃. 全程舒適 彈性泡棉鞋中底、帶來靈敏的足底騁馳體驗.柔軟舒適升級、讓你在比賽全程暢動無礙、活力滿滿. 緊貼地面、切換自如 鞋跟的進階抓地機能、可提升場上著感.氣墊強悍抓地力有助鞋底短暫黏住地面、而另一種方向性抓地力有助鞋尖落地與離地.,無,https://s1.myqr.com.tw/newshop/177/TypeGoods?type2=7945&type1=7946&type0=7947&pageIndex=0&goodId=48286,無,https://pshop.myqr.com.tw/qrssimage/GoodsImage/106/106264.jpg?7
DX4996004,NIKE Zoom Freak 5 EP 籃球鞋 DX4996-004,戶外與運動用品,運動鞋/戶外鞋,籃球鞋,無,2990,0.0,10,無,NIKEZoomFreak5EP 籃球鞋 DX4996-004 GiannisAntetokounmpo 的內在引擎正如火如荼疾速轉動、需要一雙能駕馭他超凡能力的不凡鞋款.上腳 Freak5.他的專屬簽名鞋配備驚人速度、起步超迅捷、再搭配經得起各種比賽考驗的彈力緩震設計、讓你宛如 GreekFreak 上身、飛速閃過對手直攻籃下、即使在關鍵防守時刻、仍能堅守身手敏捷的持球員.超耐久橡膠外底、這版本為室外球場競技提供所需抓地力. 全力以赴 從前足上方置入 ZoomAir 氣墊、實現優異的能量回傳與靈敏反應、讓起步動作如虎添翼、從中距離輕鬆奔向籃框. 穩固包覆 本款設計專為 Giannis 的強大力量和飆速而生、伴他衝破各種防守陣仗.內側包覆系統提供 DynamicFit 系統、可減少足部在鞋內晃動、又不會感到緊繃. 全程舒適 彈性泡棉鞋中底、帶來靈敏的足底騁馳體驗.柔軟舒適升級、讓你在比賽全程暢動無礙、活力滿滿. 緊貼地面、切換自如 鞋跟的進階抓地機能、可提升場上著感.氣墊強悍抓地力有助鞋底短暫黏住地面、而另一種方向性抓地力有助鞋尖落地與離地.,無,https://s1.myqr.com.tw/newshop/177/TypeGoods?type2=7945&type1=7946&type0=7947&pageIndex=0&goodId=48271,無,https://pshop.myqr.com.tw/qrssimage/GoodsImage/115/115558.jpg?7
3027626001,UA CURRY 3Z 24 男女同款 籃球鞋 3027626-001,戶外與運動用品,運動鞋/戶外鞋,籃球鞋,無,3680,0.0,15,無,UACURRY3Z24 男女同款籃球鞋 3027626-001 *耐用的皮革鞋面搭配透氣網布、兼具舒適度與耐用度 *全腳掌 MicroG&reg;中底緩震、提供出色的緩震及爆發力 *內部鞋芯墊片給予中足更多穩定性 *耐用的橡膠大底提供佳的抓地力和靈活性 *重量:13.3 盎司,無,https://s1.myqr.com.tw/newshop/177/TypeGoods?type2=7945&type1=7946&type0=7947&pageIndex=0&goodId=48325,無,https://pshop.myqr.com.tw/qrssimage/GoodsImage/125/125719.jpg?90
3027626400,UA CURRY 3Z 24 男女同款 籃球鞋 3027626-400,戶外與運動用品,運動鞋/戶外鞋,籃球鞋,無,3680,0.0,11,無,UACURRY3Z24 男女同款籃球鞋 3027626-400 *耐用的皮革鞋面搭配透氣網布、兼具舒適度與耐用度 *全腳掌 MicroG&reg;中底緩震、提供出色的緩震及爆發力 *內部鞋芯墊片給予中足更多穩定性 *耐用的橡膠大底提供佳的抓地力和靈活性 *重量:13.3 盎司,無,https://s1.myqr.com.tw/newshop/177/TypeGoods?type2=7945&type1=7946&type0=7947&pageIndex=0&goodId=48324,無,https://pshop.myqr.com.tw/qrssimage/GoodsImage/125/125724.jpg?90
3025090101,UA CURRY 3Z6 男女同款籃球鞋 3025090-101,戶外與運動用品,運動鞋/戶外鞋,籃球鞋,無,2590,0.0,4,無,UACURRY3Z6 男女同款籃球鞋 3025090-101 商品細節 混合材料鞋面、透氣網布和無縫 TPU 鞋頭、加強抗磨度 有孔洞與設計細節的皮革鞋跟、耐用且舒適 厚絨布鞋墊增加腳底舒適度 全腳掌 MicroG&reg;中底緩震、給予出色的回饋與球場感受 足弓內部尼龍墊片提供中足穩定性 全橡膠大底、增強牽引力和耐用性 重量:12.7oz,無,https://s1.myqr.com.tw/newshop/177/TypeGoods?type2=7945&type1=7946&type0=7947&pageIndex=0&goodId=48343,無,https://pshop.myqr.com.tw/qrssimage/GoodsImage/84/84679.jpg?26
3025090102,UA CURRY 3Z6 男女同款籃球鞋 3025090-102,戶外與運動用品,運動鞋/戶外鞋,籃球鞋,無,2576,0.0,9,無,UACURRY3Z6 男女同款籃球鞋 3025090-102 &bull;混合材料鞋面搭配透氣網眼和無縫 TPU 鞋頭、耐磨 &bull;耐用的皮革鞋跟、帶穿孔和凹陷細節、提升舒適度 &bull;毛絨泡沫鞋墊增加腳底舒適度 &bull;全長 MicroG&reg;中底緩震、提供出色的響應能力和球場感覺 &bull;內部尼龍鞋芯提供中足穩定性 &bull;全橡膠外底增強抓地力和耐用性 &bull;重量:12.7 盎司 &bull;花邊類型:標準領帶,無,https://s1.myqr.com.tw/newshop/177/TypeGoods?type2=7945&type1=7946&type0=7947&pageIndex=0&goodId=48340,無,https://pshop.myqr.com.tw/qrssimage/GoodsImage/98/98377.jpg?26
3025090103,UA CURRY 3Z6 男女同款籃球鞋 3025090-103,戶外與運動用品,運動鞋/戶外鞋,籃球鞋,無,2576,0.0,5,無,UACURRY3Z6 男女同款籃球鞋 3025090-103 &bull;混合材料鞋面搭配透氣網眼和無縫 TPU 鞋頭、耐磨 &bull;耐用的皮革鞋跟、帶穿孔和凹陷細節、提升舒適度 &bull;毛絨泡沫鞋墊增加腳底舒適度 &bull;全長 MicroG&reg;中底緩震、提供出色的響應能力和球場感覺 &bull;內部尼龍鞋芯提供中足穩定性 &bull;全橡膠外底增強抓地力和耐用性 &bull;重量:12.7 盎司 &bull;花邊類型:標準領帶,無,https://s1.myqr.com.tw/newshop/177/TypeGoods?type2=7945&type1=7946&type0=7947&pageIndex=0&goodId=48339,無,https://pshop.myqr.com.tw/qrssimage/GoodsImage/98/98381.jpg?62
3025090001,UA CURRY 3Z6 籃球鞋 3025090-001,戶外與運動用品,運動鞋/戶外鞋,籃球鞋,無,2590,0.0,13,無,UACURRY3Z6 男女同款籃球鞋 3025090-001 商品細節 混合材料鞋面、透氣網布和無縫 TPU 鞋頭、加強抗磨度 有孔洞與設計細節的皮革鞋跟、耐用且舒適 厚絨布鞋墊增加腳底舒適度 全腳掌 MicroG&reg;中底緩震、給予出色的回饋與球場感受 足弓內部尼龍墊片提供中足穩定性 全橡膠大底、增強牽引力和耐用性 重量:12.7oz,無,https://s1.myqr.com.tw/newshop/177/TypeGoods?type2=7945&type1=7946&type0=7947&pageIndex=0&goodId=48344,無,https://pshop.myqr.com.tw/qrssimage/GoodsImage/118/118542.jpg?62
3026622001,UA CURRY 3Z7 籃球鞋 3026622-001,戶外與運動用品,運動鞋/戶外鞋,籃球鞋,無,2570,0.0,15,無,UACURRY3Z7 籃球鞋 3026622-001 *中底搭載全掌 MicroG 發泡材質設計、有效減緩地面給與雙足的衝擊力. *大底橡膠向外延伸設計、加大地面與鞋底的接觸面積、進而提升變向所需的抓地效果. *鞋面採防撕裂網眼布材質、兼顧輕量化設計、並有效提供雙足舒適的透氣機能性與鞋面耐用性. *後跟向上延伸設計、提供阿基里斯腱處的支撐效果、降低運動傷害發生機率. *部分材質使用環保原料製成、減少製作時的碳排放量、以達到永續環保的設計理念. *鞋帶孔採用合成皮革設計、加強腳背的包覆效果與支撐性.,無,https://s1.myqr.com.tw/newshop/177/TypeGoods?type2=7945&type1=7946&type0=7947&pageIndex=0&goodId=48336,無,https://pshop.myqr.com.tw/qrssimage/GoodsImage/103/103726.jpg?62
3026622101,UA CURRY 3Z7 籃球鞋 3026622-101,戶外與運動用品,運動鞋/戶外鞋,籃球鞋,無,3680,0.0,18,無,UACURRY3Z7 籃球鞋 3026622-101 *鞋面採防撕裂網眼布材質、兼顧輕量化設計、並有效提供雙足舒適的透氣機能性與鞋面耐用性. *中底搭載全掌 MicroG 發泡材質設計、有效減緩地面給與雙足的衝擊力. *大底橡膠向外延伸設計、加大地面與鞋底的接觸面積、進而提升變向所需的抓地效果. *鞋跟設有加大延伸設計的穩定支架、填補阿基里斯腱與足跟之間的空隙、防止運動傷害. *大底橡膠加切紋路、實現速度型球員發揮更大的靈敏性、助於加速啟動.,無,https://s1.myqr.com.tw/newshop/177/TypeGoods?type2=7945&type1=7946&type0=7947&pageIndex=0&goodId=48335,無,https://pshop.myqr.com.tw/qrssimage/GoodsImage/103/103729.jpg?45
3026622400,UA CURRY 3Z7 籃球鞋 3026622-400,戶外與運動用品,運動鞋/戶外鞋,籃球鞋,無,3680,0.0,13,無,UACURRY3Z7 籃球鞋 3026622-400 *採用透氣網布搭配合成皮革鞋面、給予輕盈耐用及舒適腳感. *MicroG 緩衝中底、提供良好回彈能力及能量轉換. *橡膠大底提供良好抓地力及耐磨效果.,無,https://s1.myqr.com.tw/newshop/177/TypeGoods?type2=7945&type1=7946&type0=7947&pageIndex=0&goodId=48334,無,https://pshop.myqr.com.tw/qrssimage/GoodsImage/104/104498.jpg?45
3025636400,UA CURRY HOVR SPLASH 2 男女同款籃球鞋 3025636-400,戶外與運動用品,運動鞋/戶外鞋,籃球鞋,無,2380,0.0,10,無,UACURRYHOVRSPLASH2 男女同款籃球鞋 3025636-400 透氣網眼鞋面帶有 3D 打印細節、可增加耐磨性 模壓紡織鞋跟和鞋領、提高舒適度 半靴設計、帶來出色的貼合性、舒適性和鎖定性 厚絨布鞋墊增加腳底舒適度 UAHOVR&trade;緩震系統回饋能量 全橡膠外底、增強牽引力和耐用性 重量:377 公克 ?,無,https://s1.myqr.com.tw/newshop/177/TypeGoods?type2=7945&type1=7946&type0=7947&pageIndex=0&goodId=48341,無,https://pshop.myqr.com.tw/qrssimage/GoodsImage/97/97301.jpg?45
3026899400,UA CURRY HOVR SPLASH 3 籃球鞋 3026899-400,戶外與運動用品,運動鞋/戶外鞋,籃球鞋,無,4280,0.0,13,無,UACURRYHOVRSPLASH3 籃球鞋 3026899-400 *鞋面採用輕量透氣的網眼部鞋面提供絕佳支撐性 / 外露 TPU 後腳跟固定器強化支撐. *鞋墊以模切 EVA 鞋墊貼合腳掌自然形狀、能減少足部滑動並提供絕佳腳底舒適度. *中底搭載全新 HOVR&reg;中底提供絕佳緩震與能量回饋、輕量且耐用. *鞋底以輕量、耐磨實心橡膠鞋底於後跟重點部位搭配高耐磨碳黑橡膠、以提供高衝擊區域絕佳的抓地力及耐磨性 / 鞋底彎曲凹槽增加靈活度.,無,https://s1.myqr.com.tw/newshop/177/TypeGoods?type2=7945&type1=7946&type0=7947&pageIndex=0&goodId=48333,無,https://pshop.myqr.com.tw/qrssimage/GoodsImage/104/104521.jpg?81
3024719004,UA CURRY HOVR SPLASH 男女同款籃球鞋 3024719-004,戶外與運動用品,運動鞋/戶外鞋,籃球鞋,無,2590,0.0,2,無,UACURRYHOVRSPLASH 男女同款籃球鞋 3024719-004 商品細節 &bull;鞋面:輕量透氣的網眼部鞋面提供絕佳支撐性 / 外露 TPU 後腳跟固定器強化支撐 &bull;鞋墊:模切 EVA 鞋墊貼合腳掌自然形狀、能減少足部滑動並提供絕佳腳底舒適度 &bull;中底:全新 HOVR&reg;中底提供絕佳緩震與能量回饋、輕量且耐用 &bull;鞋底:輕量、耐磨實心橡膠鞋底於後跟重點部位搭配高耐磨碳黑橡膠以提供高衝擊區域絕佳的抓地力及耐磨性 / 鞋底彎曲凹槽增加靈活度,無,https://s1.myqr.com.tw/newshop/177/TypeGoods?type2=7945&type1=7946&type0=7947&pageIndex=0&goodId=48347,無,https://pshop.myqr.com.tw/qrssimage/GoodsImage/118/118543.jpg?18
3028191501,UA Curry Splash 24 AP 男款 籃球鞋 3028191501,戶外與運動用品,運動鞋/戶外鞋,籃球鞋,無,3680,0.0,12,無,UACurrySplash24AP 男款籃球鞋 3027262500 商品細節 *鞋面採用網眼材質製成、搭配後跟 TPU 設計、給予透氣舒適腳感與支撐性. *中底搭載全掌 MicroG 發泡材質設計、有效減緩地面給與雙足的衝擊力. *後跟向上延伸設計、提供阿基里斯腱處的支撐效果、降低運動傷害發生機率. *鞋帶孔採用合成皮革設計、加強腳背的包覆效果與支撐性. *橡膠園形大底紋理設計、給予良好的牽引力與抓地效果.,無,https://s1.myqr.com.tw/newshop/177/TypeGoods?type2=7945&type1=7946&type0=7947&pageIndex=0&goodId=48323,無,https://pshop.myqr.com.tw/qrssimage/GoodsImage/130/130106.jpg?18
3027262101,UA Curry Splash 24 AP 籃球鞋 白金 網布 緩衝低筒 3027262101,戶外與運動用品,運動鞋/戶外鞋,籃球鞋,無,2990,0.0,2,無,UACurrySplash24AP 籃球鞋白金網布緩衝低筒 3027262101 商品說明 輕盈、透氣的網眼鞋面搭配 TPU 覆層、更加耐用 動態鞋帶系統搭配扎實的鞋口、增加包覆與舒適度 模切開孔泡沫鞋墊、提升舒適度 UAMicroG&reg;中底提供靈敏的腳感和在球場上的完全控制 提供絕佳的抓地力與靈活性的耐用橡膠大底 重量:12.4 盎司,無,https://s1.myqr.com.tw/newshop/177/TypeGoods?type2=7945&type1=7946&type0=7947&pageIndex=0&goodId=48328,無,https://pshop.myqr.com.tw/qrssimage/GoodsImage/117/117857.png?18
3027262001,UA Curry Splash 24 AP 籃球鞋 黑白金 網布 緩衝低筒 3027262001,戶外與運動用品,運動鞋/戶外鞋,籃球鞋,無,2990,0.0,12,無,UACurrySplash24AP 籃球鞋黑白金網布緩衝低筒 3027262001 商品說明 輕盈、透氣的網眼鞋面搭配 TPU 覆層、更加耐用 動態鞋帶系統搭配扎實的鞋口、增加包覆與舒適度 模切開孔泡沫鞋墊、提升舒適度 UAMicroG&reg;中底提供靈敏的腳感和在球場上的完全控制 提供絕佳的抓地力與靈活性的耐用橡膠大底 重量:12.4 盎司,無,https://s1.myqr.com.tw/newshop/177/TypeGoods?type2=7945&type1=7946&type0=7947&pageIndex=0&goodId=48327,無,https://pshop.myqr.com.tw/qrssimage/GoodsImage/120/120789.jpg?37
3024260003,UA Jet '21 男女同款籃球鞋 3024260-003,戶外與運動用品,運動鞋/戶外鞋,籃球鞋,無,1990,0.0,2,無,UAJet&#39;21 男女同款籃球鞋 3024260-003 商品細節 &bull;結合網眼布及皮革輕盈舒適、耐用透氣? &bull;透氣網眼鞋舌讓關鍵部位更透氣? &bull;輕盈的鞋口圈發泡物料提升舒適感及支撐? &bull;CushionedEVA 中底可使步伐輕盈有力?飾有人字形牽引花紋的橡膠外底、帶來最佳的地面控制及抓地力,無,https://s1.myqr.com.tw/newshop/177/TypeGoods?type2=7945&type1=7946&type0=7947&pageIndex=0&goodId=48349,無,https://pshop.myqr.com.tw/qrssimage/GoodsImage/61/61533.jpg?37
3026635005,UA JET '23 大童 籃球鞋 3026635-005,戶外與運動用品,運動鞋/戶外鞋,籃球鞋,無,2480,0.0,11,無,UAJET&#39;23 大童籃球鞋 3026635-005 商品細節 •耐用的混合材質的鞋面提供優異的支撐與透氣性 •紮實的鞋墊提供良好的腳底舒適度 •全掌 MicroG&reg;中底緩震、提供出色的緩震及爆發力 •提供絕佳的抓地力與靈活性的耐用橡膠大底,無,https://s1.myqr.com.tw/newshop/177/TypeGoods?type2=7945&type1=7946&type0=7947&pageIndex=0&goodId=48326,無,https://pshop.myqr.com.tw/qrssimage/GoodsImage/123/123149.jpg?21
3026634001,UA JET '23 籃球鞋 3026634-001,戶外與運動用品,運動鞋/戶外鞋,籃球鞋,無,3080,0.0,5,無,紮實的鞋墊提供良好的腳底舒適度 全掌 MicroG&reg;中底緩震、提供出色的緩震及爆發力 提供絕佳的抓地力與靈活性的耐用橡膠大底,無,https://s1.myqr.com.tw/newshop/177/TypeGoods?type2=7945&type1=7946&type0=7947&pageIndex=0&goodId=48332,無,https://pshop.myqr.com.tw/qrssimage/GoodsImage/105/105164.jpg?21
3026634002,UA JET '23 籃球鞋 3026634-002,戶外與運動用品,運動鞋/戶外鞋,籃球鞋,無,3080,0.0,7,無,紮實的鞋墊提供良好的腳底舒適度 全掌 MicroG&reg;中底緩震、提供出色的緩震及爆發力 提供絕佳的抓地力與靈活性的耐用橡膠大底,無,https://s1.myqr.com.tw/newshop/177/TypeGoods?type2=7945&type1=7946&type0=7947&pageIndex=0&goodId=48331,無,https://pshop.myqr.com.tw/qrssimage/GoodsImage/105/105722.jpg?56
3026634006,UA JET '23 籃球鞋 3026634-006,戶外與運動用品,運動鞋/戶外鞋,籃球鞋,無,3080,0.0,23,無,耐用的混合材質的鞋面提供優異的支撐與透氣性 紮實的鞋墊提供良好的腳底舒適度 全掌 MicroG&reg;中底緩震、提供出色的緩震及爆發力 提供絕佳的抓地力與靈活性的耐用橡膠大底,無,https://s1.myqr.com.tw/newshop/177/TypeGoods?type2=7945&type1=7946&type0=7947&pageIndex=0&goodId=48329,無,https://pshop.myqr.com.tw/qrssimage/GoodsImage/116/116400.jpg?56
3024777001,UA Spawn 3 籃球鞋 3024777-001,戶外與運動用品,運動鞋/戶外鞋,籃球鞋,無,1990,0.0,3,無,科技介紹 全掌 MicroG 發泡材料中底提供落地緩衝的同時有助能量轉化為有力反彈 商品細節 多層交織的注塑 TPU 塗層及 PU 塗層網眼布有助於帶來符合腳掌自然構造的的立體支撐 外露式網眼布鑲面有助於提升透氣性與靈活性 鞋舌和鞋筒處的加厚襯墊、有助於讓雙足倍感舒適 模切 EVA 鞋墊、有助於避震緩衝並提供足底支撐 橫向 TPU 墊片、有助於提升支撐力與穩定性 符合腳掌構造的外底花紋有助於強化牽引力與柔韌感 變色細節元素 根據 42.5 碼檢測重量約 362g、不同尺碼會有相應差異,無,https://s1.myqr.com.tw/newshop/177/TypeGoods?type2=7945&type1=7946&type0=7947&pageIndex=0&goodId=48330,無,https://pshop.myqr.com.tw/qrssimage/GoodsImage/111/111363.jpg?92
3024777100,UA Spawn 3 籃球鞋 3024777-100,戶外與運動用品,運動鞋/戶外鞋,籃球鞋,無,1990,0.0,5,無,UASpawn3 籃球鞋 3024777-100 科技介紹 全掌 MicroG 發泡材料中底提供落地緩衝的同時有助能量轉化為有力反彈 商品細節 多層交織的注塑 TPU 塗層及 PU 塗層網眼布有助於帶來符合腳掌自然構造的的立體支撐 外露式網眼布鑲面有助於提升透氣性與靈活性 鞋舌和鞋筒處的加厚襯墊、有助於讓雙足倍感舒適 模切 EVA 鞋墊、有助於避震緩衝並提供足底支撐 橫向 TPU 墊片、有助於提升支撐力與穩定性 符合腳掌構造的外底花紋有助於強化牽引力與柔韌感 變色細節元素 根據 42.5 碼檢測重量約 362g、不同尺碼會有相應差異,無,https://s1.myqr.com.tw/newshop/177/TypeGoods?type2=7945&type1=7946&type0=7947&pageIndex=0&goodId=48351,無,https://pshop.myqr.com.tw/qrssimage/GoodsImage/118/118547.jpg?92
3025345100,UA Spawn 4 Print 男女同款籃球鞋 3025345-100,戶外與運動用品,運動鞋/戶外鞋,籃球鞋,無,2290,0.0,4,無,UASpawn4Print 男女同款籃球鞋 3025345-100 商品細節 輕量的工程網眼鞋面提供最大的透氣性 內置橫向加強墊片、可在高動態的情況下提供控制與支撐 PerfX 開孔鞋墊提供最大的透氣性和足底舒適度 全掌 MicroG 發泡材質提供能量轉化為強勁動力 耐用的環狀紋路大底設計、幫助在球場上做出更快的動作 軸心點區域的全長型牽引紋路可增強抓地力 重量:12.4oz.(350 公克),無,https://s1.myqr.com.tw/newshop/177/TypeGoods?type2=7945&type1=7946&type0=7947&pageIndex=0&goodId=48342,無,https://pshop.myqr.com.tw/qrssimage/GoodsImage/84/84973.jpg?76
3025345102,UA Spawn 4 Print籃球鞋 3025345-102,戶外與運動用品,運動鞋/戶外鞋,籃球鞋,無,2290,0.0,4,無,UASpawn4Print 男女同款籃球鞋 3025345-102 商品細節 輕巧的工程網眼鞋面可提供最大的透氣性 內置橫向加強件、可在極端、動態的情況下提供遏制和支撐動作 PerfX 開孔鞋墊提供最大的透氣性和足底舒適度 全掌 MicroG 發泡材質提供能量轉化為強勁動力 耐用的圓形外底設計可促進在球場上更快的動作 樞軸點區域的全長自適應牽引力模式可增強抓地力 重量:12.4oz(351.5 公克),無,https://s1.myqr.com.tw/newshop/177/TypeGoods?type2=7945&type1=7946&type0=7947&pageIndex=0&goodId=48345,無,https://pshop.myqr.com.tw/qrssimage/GoodsImage/83/83582.jpg?76
3024971001,UA Spawn 4 男女同款籃球鞋 3024971-001,戶外與運動用品,運動鞋/戶外鞋,籃球鞋,無,2290,0.0,7,無,UASpawn4 男女同款籃球鞋 3024971-001 商品細節 &bull;輕巧的工程網眼鞋面可提供最大的透氣性 &bull;內置橫向加強件、可在極端、動態的情況下提供遏制和支撐動作 &bull;PerfX 開孔鞋墊提供最大的透氣性和足底舒適度 &bull;全掌 MicroG 發泡材質提供能量轉化為強勁動力 &bull;耐用的圓形外底設計可促進在球場上更快的動作 &bull;樞軸點區域的全長自適應牽引力模式可增強抓地力 &bull;重量:12.4oz(350 公克),無,https://s1.myqr.com.tw/newshop/177/TypeGoods?type2=7945&type1=7946&type0=7947&pageIndex=0&goodId=48346,無,https://pshop.myqr.com.tw/qrssimage/GoodsImage/83/83578.jpg?76
3026758400,UA Spawn 5 LE籃球鞋 3026758-400,戶外與運動用品,運動鞋/戶外鞋,籃球鞋,無,2380,0.0,10,無,UASpawn5LE 籃球鞋 3026758-400 &bull;輕盈、透氣的網眼鞋面搭配 TPU 覆層、更加耐用 &bull;半靴設計、採用傳統繫帶設計、可鎖定、輕鬆穿脫和完全舒適 &bull;帶襯墊的 Achilles 枕頭提供極致的腳後跟舒適度和密封性 &bull;模切開孔泡沫鞋墊、提升舒適度 &bull;UAMicroG&reg;中底提供靈敏的腳感和在球場上的完全控制 &bull;帶有有機抓地力圖案和圓形的橡膠外底允許自由運動和快速切割,無,https://s1.myqr.com.tw/newshop/177/TypeGoods?type2=7945&type1=7946&type0=7947&pageIndex=0&goodId=48337,無,https://pshop.myqr.com.tw/qrssimage/GoodsImage/98/98389.jpg?12
3026285101,UA Spawn 5 籃球鞋 3026285-101,戶外與運動用品,運動鞋/戶外鞋,籃球鞋,無,2380,0.0,15,無,輕盈、透氣的網眼鞋面搭配 TPU 覆層、更加耐用 半靴設計、採用傳統繫帶設計、可鎖定、輕鬆穿脫和完全舒適 帶襯墊的 Achilles 枕頭提供極致的腳後跟舒適度和密封性 模切開孔泡沫鞋墊、提升舒適度 UAMicroG&reg;中底提供靈敏的腳感和在球場上的完全控制 帶有有機抓地力圖案和圓形的橡膠外底允許自由運動和快速切割 重量:13.3 盎司 花邊類型:標準領帶,無,https://s1.myqr.com.tw/newshop/177/TypeGoods?type2=7945&type1=7946&type0=7947&pageIndex=0&goodId=48338,無,https://pshop.myqr.com.tw/qrssimage/GoodsImage/98/98385.jpg?48
3023738003,UA Spawn 籃球鞋 3023738-003,戶外與運動用品,運動鞋/戶外鞋,籃球鞋,無,1990,0.0,1,無,商品細節 輕盈、透氣的網眼鞋面搭配 TPU 覆層、更加耐用 半靴設計、採用傳統繫帶設計、可鎖定、輕鬆穿脫和完全舒適 帶襯墊的 Achilles 枕頭提供極致的腳後跟舒適度和密封性 模切開孔泡沫鞋墊、提升舒適度 UAMicroG&reg;中底提供靈敏的腳感和在球場上的完全控制 帶有有機抓地力圖案和圓形的橡膠外底允許自由運動和快速切割,無,https://s1.myqr.com.tw/newshop/177/TypeGoods?type2=7945&type1=7946&type0=7947&pageIndex=0&goodId=48348,無,https://pshop.myqr.com.tw/qrssimage/GoodsImage/61/61813.jpg?48
DR0676110,Zion 3 PF?籃球鞋 DR0676-110,戶外與運動用品,運動鞋/戶外鞋,籃球鞋,無,2990,0.0,10,無,Zion3PF 籃球鞋 DR0676-110 Zion 的第三雙專屬簽名鞋頌揚 Zion 為出色比賽表現付出的奉獻精神.具備場上機能、專為在地面和空中都有亮眼表現的球員設計.低調包覆、炸向天空、返回地面也緩震舒適.Zion3 有助安穩落地、讓你能按照自己的方式自在飛躍. 側向動作 側向移動、由左至右.外底抓地力可助你每一步都抓穩地面、中底泡棉承載結構為腳踝和腳跟增加支撐力. 快速上升、盡情下落 NikeAir 可助你在球場奮力跳躍時獲得強大的上升力、並在重新落地時增加緩震效能. 貼近地面 為了改善貼地感受、我們加入些許 Formula23 泡棉、打造柔軟靈敏足底感、每個動作都能持續貼近地面. 產品詳細資料 &bull;PF 版本採用寬版設計、適合室外球場. &bull;顯示顏色:白 / 黑 /BarelyVolt/ 白 &bull;款式:DR0676-110 &bull;原產國 / 地區:越南,無,https://s1.myqr.com.tw/newshop/177/TypeGoods?type2=7945&type1=7946&type0=7947&pageIndex=0&goodId=48264,無,https://pshop.myqr.com.tw/qrssimage/GoodsImage/117/117129.jpg?31
3023949002,中性UA Lockdown 5籃球鞋 3023949-002,戶外與運動用品,運動鞋/戶外鞋,籃球鞋,無,1990,0.0,1,無,革質與網眼布的拼接鞋面、結實透氣、合腳舒適 外形時尚大方、有助於提升穿著美觀度、易於搭配 鞋墊回彈良好、有助於避震緩衝、提供支撐 人字紋橡膠鞋底、輕質耐用、有助於提升抓地力、改善運動靈活性,無,https://s1.myqr.com.tw/newshop/177/TypeGoods?type2=7945&type1=7946&type0=7947&pageIndex=0&goodId=48350,無,https://pshop.myqr.com.tw/qrssimage/GoodsImage/55/55064.jpg?31
IF7292,ADIDAS  ALPHAEDGE+ 男款 運動慢跑鞋 IF7292,戶外與運動用品,運動鞋/戶外鞋,慢跑鞋,無,1990,0.0,14,無,ADIDASALPHAEDGE+ 男款運動慢跑鞋 IF7292 商品特色 柔軟的合成材質鞋面 Bounce 中底 網布內裡 橡膠大底 商品描述 鞋面採用超過 50% 的再生材質,無,https://s1.myqr.com.tw/newshop/177/TypeGoods?type2=7945&type1=7946&type0=7948&pageIndex=0&goodId=48196,無,https://pshop.myqr.com.tw/qrssimage/GoodsImage/120/120322.jpg?31
IG3595,ADIDAS  ALPHAEDGE+ 男款 運動慢跑鞋 IG3595,戶外與運動用品,運動鞋/戶外鞋,慢跑鞋,無,1990,0.0,8,無,ADIDASALPHAEDGE+ 男款運動慢跑鞋 IG3595 商品特色 柔軟的合成材質鞋面 Bounce 中底 網布內裡 橡膠大底 商品描述 鞋面採用超過 50% 的再生材質,無,https://s1.myqr.com.tw/newshop/177/TypeGoods?type2=7945&type1=7946&type0=7948&pageIndex=0&goodId=48152,無,https://pshop.myqr.com.tw/qrssimage/GoodsImage/119/119049.jpg?67
GV9095,ADIDAS ADIZERO SL 跑鞋 GV9095,戶外與運動用品,運動鞋/戶外鞋,慢跑鞋,無,2590,0.0,12,無,幫助跑者提升速度而設計的鞋款 adidasADIZEROSL 是一雙疾速日常訓練鞋、關鍵細節和設計元素取材自率破紀錄的 Adizero 系列.中底由全長輕量 LightstrikeEVA 鞋底組成、在穩定性、彈性和緩震效能間創造平衡.結合知名的 LightstrikePro 泡棉以及疾速訓練鞋面、重點部位採用超柔軟的工藝式網布.加厚鞋跟和鞋舌結構提供更出色的舒適感、加上 ADIZERO 鞋跟特色設計、為鞋面結構增添亮點.全橡膠大底提供優異抓地力. 採用一系列再生材質製成、鞋面含有至少 50% 的再生成分.此產品是我們協助終結塑膠廢料的解決方案之一. 鞋帶設計 部分為再生工藝式網布 Lightstrike 和 LightstrikePro 避震科技 網布內裡 橡膠大底 鞋面採用超過 50% 的再生材質 高低差:10mm(後跟:35mm╱前足:25mm) 重量:243.25g(尺寸:UK8.5),無,https://s1.myqr.com.tw/newshop/177/TypeGoods?type2=7945&type1=7946&type0=7948&pageIndex=0&goodId=48208,無,https://pshop.myqr.com.tw/qrssimage/GoodsImage/95/95295.jpg?67
HQ1348,ADIDAS ADIZERO SL 跑鞋 HQ1348,戶外與運動用品,運動鞋/戶外鞋,慢跑鞋,無,2390,0.0,3,無,幫助跑者提升速度而設計的鞋款 adidasADIZEROSL 是一雙疾速日常訓練鞋、關鍵細節和設計元素取材自率破紀錄的 Adizero 系列.中底由全長輕量 LightstrikeEVA 鞋底組成、在穩定性、彈性和緩震效能間創造平衡.結合知名的 LightstrikePro 泡棉以及疾速訓練鞋面、重點部位採用超柔軟的工藝式網布.加厚鞋跟和鞋舌結構提供更出色的舒適感、加上 ADIZERO 鞋跟特色設計、為鞋面結構增添亮點.全橡膠大底提供優異抓地力. 採用一系列再生材質製成、鞋面含有至少 50% 的再生成分.此產品是我們協助終結塑膠廢料的解決方案之一. 鞋帶設計 部分為再生工藝式網布 Lightstrike 和 LightstrikePro 避震科技 網布內裡 橡膠大底 鞋面採用超過 50% 的再生材質 高低差:10mm(後跟:35mm╱前足:25mm) 重量:243.25g(尺寸:UK8.5),無,https://s1.myqr.com.tw/newshop/177/TypeGoods?type2=7945&type1=7946&type0=7948&pageIndex=0&goodId=48207,無,https://pshop.myqr.com.tw/qrssimage/GoodsImage/95/95298.jpg?51
GZ1332,ADIDAS ALPHABOOST UTILITY 跑鞋 GZ1332,戶外與運動用品,運動鞋/戶外鞋,慢跑鞋,無,2290,0.0,11,無,適合跑步和交叉訓練的彈力鞋款 訓練越認真、表現就越好.穿上這款 adidas 跑鞋、在高強度運動時保持舒適、提升比賽表現.Boost 避震材質提供源源不絕的能量回饋、內側材質較為堅韌、加強支撐力.馬牌輪胎橡膠能在各種路面發揮最佳抓地力. 鞋帶設計 Forgedmesh 無接縫網布鞋面 輕量透氣 Boost 中底 馬牌輪胎橡膠大底 網布內裡,無,https://s1.myqr.com.tw/newshop/177/TypeGoods?type2=7945&type1=7946&type0=7948&pageIndex=0&goodId=48227,無,https://pshop.myqr.com.tw/qrssimage/GoodsImage/79/79630.jpg?51
ID0350,ADIDAS Alphacomfy 慢跑鞋 ID0350,戶外與運動用品,運動鞋/戶外鞋,慢跑鞋,無,1740,0.0,43,無,ADIDASAlphacomfy 慢跑鞋 ID0350 *中底使用 Bounce 緩震科技、提供雙足柔軟舒適且具彈性的緩震效果. *鞋面使用透氣網布設計、確保雙足時刻保持涼爽不悶熱. *部分材質使用環保原料製成、減少製作時的碳排放量、以達到永續發展的環保理念. *橡膠大底可提供良好的抓地效果與耐磨效果.,無,https://s1.myqr.com.tw/newshop/177/TypeGoods?type2=7945&type1=7946&type0=7948&pageIndex=0&goodId=48151,男鞋 黑 白 緩衝 透氣 運動鞋 愛迪達,https://pshop.myqr.com.tw/qrssimage/GoodsImage/119/119399.jpg?51
ID0351,ADIDAS Alphacomfy 慢跑鞋 ID0351,戶外與運動用品,運動鞋/戶外鞋,慢跑鞋,無,1740,0.0,36,無,ADIDASAlphacomfy 慢跑鞋 ID0351 *中底使用 Bounce 緩震科技、提供雙足柔軟舒適且具彈性的緩震效果. *鞋面使用透氣網布設計、確保雙足時刻保持涼爽不悶熱. *部分材質使用環保原料製成、減少製作時的碳排放量、以達到永續發展的環保理念. *橡膠大底可提供良好的抓地效果與耐磨效果.,無,https://s1.myqr.com.tw/newshop/177/TypeGoods?type2=7945&type1=7946&type0=7948&pageIndex=0&goodId=48150,男鞋 黑 緩衝 透氣 運動鞋 愛迪達,https://pshop.myqr.com.tw/qrssimage/GoodsImage/119/119404.jpg?86
IE6038,ADIDAS Alphaedge + 男款 運動慢跑鞋 IE6038,戶外與運動用品,運動鞋/戶外鞋,慢跑鞋,無,1990,0.0,11,無,ADIDASAlphaedge+ 男款運動慢跑鞋 IE6038 商品特色 &bull;柔軟的合成材質鞋面 &bull;Bounce 中底 &bull;網布內裡 &bull;橡膠大底 商品描述 &bull;鞋面採用超過 50% 的再生材質,無,https://s1.myqr.com.tw/newshop/177/TypeGoods?type2=7945&type1=7946&type0=7948&pageIndex=0&goodId=48154,訓練 休閒 緩震 舒適 黑 粉膚,https://pshop.myqr.com.tw/qrssimage/GoodsImage/119/119039.jpg?86
IF7283,ADIDAS Alphaedge + 男款 運動慢跑鞋 IF7283,戶外與運動用品,運動鞋/戶外鞋,慢跑鞋,無,1990,0.0,11,無,ADIDASAlphaedge+ 男款運動慢跑鞋 IF7283 商品特色 &bull;柔軟的合成材質鞋面 &bull;Bounce 中底 &bull;網布內裡 &bull;橡膠大底 商品描述 &bull;鞋面採用超過 50% 的再生材質,無,https://s1.myqr.com.tw/newshop/177/TypeGoods?type2=7945&type1=7946&type0=7948&pageIndex=0&goodId=48153,訓練 休閒 緩震 舒適 白,https://pshop.myqr.com.tw/qrssimage/GoodsImage/119/119040.jpg?23
IF7285,ADIDAS ALPHAEDGE + 慢跑鞋 IF7285,戶外與運動用品,運動鞋/戶外鞋,慢跑鞋,無,1790,0.0,4,無,含有再生材質的避震鞋款 摩登設計結合經典舒適感、成為你的最新必備.這款 adidas 鞋款的靈感來自高機能、提供絕佳舒適感、讓你跑得更遠.Bounce 中底提供柔軟避震、讓每個步伐都充滿能量.抓地力絕佳的橡膠大底能提供出色抓地力. 採用一系列再生材質製成、鞋面含有至少 50% 的再生成分.此產品是我們協助終結塑膠廢料的解決方案之一. 一般版型 鞋帶設計 網布鞋面 Bounce 中底 網布內裡 橡膠大底,無,https://s1.myqr.com.tw/newshop/177/TypeGoods?type2=7945&type1=7946&type0=7948&pageIndex=0&goodId=48186,無,https://pshop.myqr.com.tw/qrssimage/GoodsImage/106/106668.jpg?23
IF7287,ADIDAS ALPHAEDGE + 慢跑鞋 IF7287,戶外與運動用品,運動鞋/戶外鞋,慢跑鞋,無,1790,0.0,9,無,含有再生材質的避震鞋款 摩登設計結合經典舒適感、成為你的最新必備.這款 adidas 鞋款的靈感來自高機能、提供絕佳舒適感、讓你跑得更遠.Bounce 中底提供柔軟避震、讓每個步伐都充滿能量.抓地力絕佳的橡膠大底能提供出色抓地力. 採用一系列再生材質製成、鞋面含有至少 50% 的再生成分.此產品是我們協助終結塑膠廢料的解決方案之一. 一般版型 鞋帶設計 網布鞋面 Bounce 中底 網布內裡 橡膠大底,無,https://s1.myqr.com.tw/newshop/177/TypeGoods?type2=7945&type1=7946&type0=7948&pageIndex=0&goodId=48185,無,https://pshop.myqr.com.tw/qrssimage/GoodsImage/106/106681.jpg?7
IF7286,ADIDAS AlphaEdge+ 慢跑鞋 IF7286,戶外與運動用品,運動鞋/戶外鞋,慢跑鞋,無,1790,0.0,6,無,ADIDASAlphaEdge+ 慢跑鞋 IF7286 柔軟的合成材質鞋面 Bounce 中底 抓地力絕佳的橡膠大底能提供出色抓地力,無,https://s1.myqr.com.tw/newshop/177/TypeGoods?type2=7945&type1=7946&type0=7948&pageIndex=0&goodId=48193,無,https://pshop.myqr.com.tw/qrssimage/GoodsImage/102/102415.jpg?7
IF7298,ADIDAS ALPHAEDGE+ 慢跑鞋 IF7298,戶外與運動用品,運動鞋/戶外鞋,慢跑鞋,無,1790,0.0,4,無,◆柔軟的合成材質鞋面、網布內裡 ◆Bounce 中底提供柔軟避震 ◆抓地力絕佳的橡膠大底能提供出色抓地力,無,https://s1.myqr.com.tw/newshop/177/TypeGoods?type2=7945&type1=7946&type0=7948&pageIndex=0&goodId=48179,無,https://pshop.myqr.com.tw/qrssimage/GoodsImage/107/107034.jpg?42
IH0303,ADIDAS CRAZYCHAOS 2000 慢跑鞋 IH0303,戶外與運動用品,運動鞋/戶外鞋,慢跑鞋,無,2044,0.0,10,無,ADIDASCRAZYCHAOS2000 慢跑鞋 IH0303 織物襯裡 Cloudfoam 中底 網眼鞋面搭配合成革飾面,無,https://s1.myqr.com.tw/newshop/177/TypeGoods?type2=7945&type1=7946&type0=7948&pageIndex=0&goodId=48136,無,https://pshop.myqr.com.tw/qrssimage/GoodsImage/123/123516.jpg?42
IH0308,ADIDAS CRAZYCHAOS 2000 慢跑鞋 IH0308,戶外與運動用品,運動鞋/戶外鞋,慢跑鞋,無,2044,0.0,5,無,ADIDASCRAZYCHAOS2000 慢跑鞋 IH0308 穿上這款 adidasCrazychaos2000 經典運動鞋、縱享舒適愜意、秀出時尚個性.採用網眼鞋面、腳感舒爽;搭配 Cloudfoam 中底、力求為步伐添舒適.風格百搭、與慢跑褲和牛仔褲頗為相宜.無論是漫步都市街頭、還是在你喜愛的咖啡店靜坐放鬆、皆可相伴左右. *一般版型 *鞋帶設計 *網眼鞋面搭配合成革飾面 *織物襯裡 *Cloudfoam 中底 *橡膠大底,無,https://s1.myqr.com.tw/newshop/177/TypeGoods?type2=7945&type1=7946&type0=7948&pageIndex=0&goodId=48141,無,https://pshop.myqr.com.tw/qrssimage/GoodsImage/123/123113.jpg?78
GX0719,ADIDAS DURAMO 10  慢跑鞋 GX0719,戶外與運動用品,運動鞋/戶外鞋,慢跑鞋,無,1145,0.0,2,無,ADIDASDURAMO10 慢跑鞋 GX0719 日常穿著的跑鞋、部分採用回收材料製成. 從早上在瑜珈館運動到一天的出差、再到與朋友共度的夜晚、穿上這款阿迪達斯鞋、讓您的雙腳保持舒適、展現您的風格.將它們與您最喜歡的緊身褲搭配、打造終極運動休閒氛圍.網布鞋面幫助您保持涼爽、而超輕緩震則為您邁出的每一步提供支撐.鞋面採用一系列回收材料製成、至少含有 50% 的回收成分.該產品只是我們幫助消除塑膠垃圾的解決方案之一. 常規版型 蕾絲封口 三明治網布鞋面 支援無縫覆蓋 軟跟 LIGHTMOTION 緩震 橡膠大底 鞋面至少含有 50% 的回收成分 產品顏色:雲白 / 沙米色 Met/Turbo 產品編號:GX0719,無,https://s1.myqr.com.tw/newshop/177/TypeGoods?type2=7945&type1=7946&type0=7948&pageIndex=0&goodId=48228,無,https://pshop.myqr.com.tw/qrssimage/GoodsImage/73/73929.jpg?78
GX0709,ADIDAS Duramo 10 女款輕量 透氣 慢跑鞋 GX0709,戶外與運動用品,運動鞋/戶外鞋,慢跑鞋,無,1740,0.0,2,無,ADIDASDuramo10 女款輕量透氣慢跑鞋 GX0709 *Lightmotion 中底緩震科技、可提供使用者舒適柔軟的回彈力與緩震效果. *網布鞋面、無論是運動還是休閒穿著、皆可保持雙足涼爽透氣. *輕量化設計、運動時不造成負擔或拖腳. *部分材質使用環保原料製成、體現 adidas 的環保理念.,無,https://s1.myqr.com.tw/newshop/177/TypeGoods?type2=7945&type1=7946&type0=7948&pageIndex=0&goodId=48140,無,https://pshop.myqr.com.tw/qrssimage/GoodsImage/123/123119.jpg?61
HP2383,ADIDAS DURAMO 10 慢跑鞋 HP2383,戶外與運動用品,運動鞋/戶外鞋,慢跑鞋,無,1690,0.0,1,無,ADIDASDURAMO10 慢跑鞋 HP2383 立體網布鞋面 無接縫支撐表層 柔軟鞋跟 LIGHTMOTION 避震科技 橡膠大底,無,https://s1.myqr.com.tw/newshop/177/TypeGoods?type2=7945&type1=7946&type0=7948&pageIndex=0&goodId=48206,無,https://pshop.myqr.com.tw/qrssimage/GoodsImage/98/98439.jpg?61
HP2384,ADIDAS DURAMO 10 慢跑鞋 HP2384,戶外與運動用品,運動鞋/戶外鞋,慢跑鞋,無,1690,0.0,3,無,立體網布鞋面 無接縫支撐表層 柔軟鞋跟 LIGHTMOTION 避震科技 橡膠大底,無,https://s1.myqr.com.tw/newshop/177/TypeGoods?type2=7945&type1=7946&type0=7948&pageIndex=0&goodId=48205,無,https://pshop.myqr.com.tw/qrssimage/GoodsImage/98/98442.jpg?97
HP2389,ADIDAS DURAMO 10 慢跑鞋 HP2389,戶外與運動用品,運動鞋/戶外鞋,慢跑鞋,無,1690,0.0,6,無,立體網布鞋面 無接縫支撐表層 柔軟鞋跟 LIGHTMOTION 避震科技 橡膠大底,無,https://s1.myqr.com.tw/newshop/177/TypeGoods?type2=7945&type1=7946&type0=7948&pageIndex=0&goodId=48204,無,https://pshop.myqr.com.tw/qrssimage/GoodsImage/98/98446.jpg?81
IF9400,Adidas DURAMO SL 2.0 男款 休閒慢跑鞋 IF9400,戶外與運動用品,運動鞋/戶外鞋,慢跑鞋,無,1892,0.0,26,無,AdidasDURAMOSL2.0 男款休閒慢跑鞋 IF9400 輕便的跑鞋適合日常跑步和訓練. 無論您是每天跑步還是為第一次 10 公里馬拉松進行訓練、穿上這些寬版跑鞋都會感到舒適.高度透氣的網布鞋面促進鞋內空氣流通、LIGHTMOTION 中底提供輕盈的腳步反應能力.配備 Adiwear 橡膠大底、在長跑時提供持久牽引力. 寬楦設計 鞋帶閉合 網布鞋面 合成纖維和紡織襯裡 LIGHTMOTION 緩震 重量:299 公克(單腿重量 27 公分) 中底高度:9 毫米(後跟:32 毫米 / 前掌:23 毫米),無,https://s1.myqr.com.tw/newshop/177/TypeGoods?type2=7945&type1=7946&type0=7948&pageIndex=0&goodId=48123,無,https://pshop.myqr.com.tw/qrssimage/GoodsImage/130/130411.jpg?81
GW8336,ADIDAS DURAMO SL 2.0 跑鞋 GW8336,戶外與運動用品,運動鞋/戶外鞋,慢跑鞋,無,1690,0.0,13,無,含有再生材質的日常跑鞋 這款 adidas 鞋款能讓雙腳保持舒適、讓造型更加分、可輕鬆穿梭於健身房、都會街道以及朋友聚會.搭配心愛的跑步短褲、即可打造運動休閒風格.網布鞋面有助保持酷涼、超輕量避震材質則能包覆雙腳. 採用一系列再生材質製成、鞋面含有至少 50% 的再生成分.此產品是我們協助終結塑膠廢料的解決方案之一. 一般版型 鞋帶設計 立體網布鞋面 無接縫支撐表層 柔軟鞋跟 LIGHTMOTION 避震科技 橡膠大底 鞋面採用超過 50% 的再生材質,無,https://s1.myqr.com.tw/newshop/177/TypeGoods?type2=7945&type1=7946&type0=7948&pageIndex=0&goodId=48230,無,https://pshop.myqr.com.tw/qrssimage/GoodsImage/72/72002.jpg?17
IG0309,ADIDAS DURAMO SL M WIDE慢跑鞋 寬楦 IG0309,戶外與運動用品,運動鞋/戶外鞋,慢跑鞋,無,1816,0.0,24,無,ADIDASDURAMOSLMWIDE 慢跑鞋寬楦 IG0309 輕量寬版跑鞋、部分採用回收材料製成. 寬版型 蕾絲封口 單體網布鞋面 輕盈、穩定的手感 紡織襯裡 LIGHTMOTION 緩震 重量:10.5 盎司(9 號) 中底高度:9.5 毫米(後跟:33 毫米 / 前掌:23.5 毫米) 阿迪威爾外底 鞋面至少含有 50% 的回收成分 進口 產品顏色:核心黑 / 雲白 / 碳色 當您報名參加第一次 5K 或 10K 比賽後、這些寬版阿迪達斯跑鞋可幫助您為衝過終點線進行訓練.柔軟的單體網布鞋面和輕盈靈敏的 LIGHTMOTION 中底、從上到下感覺輕盈.Adiwear 外底牢牢抓住賽道和柏油路面、持久耐用.該產品只是我們幫助消除塑膠垃圾的解決方案之一.,無,https://s1.myqr.com.tw/newshop/177/TypeGoods?type2=7945&type1=7946&type0=7948&pageIndex=0&goodId=48130,無,https://pshop.myqr.com.tw/qrssimage/GoodsImage/126/126189.jpg?17
IF7885,ADIDAS DURAMO SL W 慢跑鞋 IF7885,戶外與運動用品,運動鞋/戶外鞋,慢跑鞋,無,1816,0.0,10,無,網布鞋面 紡織襯裡 LIGHTMOTION 緩震,無,https://s1.myqr.com.tw/newshop/177/TypeGoods?type2=7945&type1=7946&type0=7948&pageIndex=0&goodId=48173,無,https://pshop.myqr.com.tw/qrssimage/GoodsImage/108/108194.jpg?53
IF7875,ADIDAS DURAMO SL 女 慢跑鞋 IF7875,戶外與運動用品,運動鞋/戶外鞋,慢跑鞋,無,1790,0.0,1,無,腳感舒適的跑鞋 挑戰自我、不斷練習來達成更高紀錄.這款 adidasDuramoSL 跑鞋搭載 LIGHTMOTION 技術、無論你的目標是什麼、無論你想奔赴何處、力求舒適相伴、助你暢快奔跑.採用網眼布鞋面、旨在帶來舒爽腳感. 一般版型 鞋帶設計 單層網眼布鞋面 穿著舒適 網布內裡 LIGHTMOTION 避震科技 Adiwear 外底 高低差:9.5mm(後跟:33mm╱前足:23.5mm) 重量:295g(尺寸:UK8.5),無,https://s1.myqr.com.tw/newshop/177/TypeGoods?type2=7945&type1=7946&type0=7948&pageIndex=0&goodId=48189,無,https://pshop.myqr.com.tw/qrssimage/GoodsImage/104/104418.jpg?53
IF7254,Adidas Duramo SL 男款 寬楦 休閒慢跑鞋 IF7254,戶外與運動用品,運動鞋/戶外鞋,慢跑鞋,無,1816,0.0,27,無,AdidasDuramoSL 男款寬楦休閒慢跑鞋 IF7254 *Lightmotion 中底緩震科技、可提供使用者舒適柔軟的回彈力與緩震效果. *網布鞋面、無論是運動還是休閒穿著、皆可保持雙足涼爽透氣. *輕量化設計、運動時不造成負擔或拖腳. *橡膠大底可提供良好的抓地效果與耐磨效果. *寬楦設計更適合東方亞洲人腳型、使前趾有更加寬敞的延展空間. *部分材質使用環保原料製成、減少製作時的碳排放量、以達永續發展的環保理念.,無,https://s1.myqr.com.tw/newshop/177/TypeGoods?type2=7945&type1=7946&type0=7948&pageIndex=0&goodId=48122,無,https://pshop.myqr.com.tw/qrssimage/GoodsImage/130/130533.jpg?37
ID9849,ADIDAS DURAMO SL 慢跑鞋 ID9849,戶外與運動用品,運動鞋/戶外鞋,慢跑鞋,無,1790,0.0,7,無,腳感舒適的跑鞋 挑戰自我、不斷練習來達成更高紀錄.這款 adidasDuramoSL 跑鞋搭載 LIGHTMOTION 技術、無論你的目標是什麼、無論你想奔赴何處、力求舒適相伴、助你暢快奔跑.採用網眼布鞋面、旨在帶來舒爽腳感. 一般版型 鞋帶設計 單層網眼布鞋面 穿著舒適 網布內裡 LIGHTMOTION 避震科技 Adiwear 外底 高低差:9.5mm(後跟:33mm╱前足:23.5mm) 重量:295g(尺寸:UK8.5),無,https://s1.myqr.com.tw/newshop/177/TypeGoods?type2=7945&type1=7946&type0=7948&pageIndex=0&goodId=48191,無,https://pshop.myqr.com.tw/qrssimage/GoodsImage/104/104410.jpg?37
ID9853,ADIDAS Duramo SL 慢跑鞋 ID9853,戶外與運動用品,運動鞋/戶外鞋,慢跑鞋,無,1790,0.0,6,無,腳感舒適的跑鞋 單層網眼布鞋面 LIGHTMOTION 避震科技 Adiwear 外底,無,https://s1.myqr.com.tw/newshop/177/TypeGoods?type2=7945&type1=7946&type0=7948&pageIndex=0&goodId=48162,無,https://pshop.myqr.com.tw/qrssimage/GoodsImage/112/112526.jpg?72
IE7262,ADIDAS DURAMO SL 慢跑鞋 IE7262,戶外與運動用品,運動鞋/戶外鞋,慢跑鞋,無,1790,0.0,1,無,腳感舒適的跑鞋 挑戰自我、不斷練習來達成更高紀錄.這款 adidasDuramoSL 跑鞋搭載 LIGHTMOTION 技術、無論你的目標是什麼、無論你想奔赴何處、力求舒適相伴、助你暢快奔跑.採用網眼布鞋面、旨在帶來舒爽腳感. 一般版型 鞋帶設計 單層網眼布鞋面 穿著舒適 網布內裡 LIGHTMOTION 避震科技 Adiwear 外底 高低差:9.5mm(後跟:33mm╱前足:23.5mm) 重量:295g(尺寸:UK8.5),無,https://s1.myqr.com.tw/newshop/177/TypeGoods?type2=7945&type1=7946&type0=7948&pageIndex=0&goodId=48190,無,https://pshop.myqr.com.tw/qrssimage/GoodsImage/104/104414.jpg?72
IE9694,ADIDAS DURAMO SL 慢跑鞋 IE9694,戶外與運動用品,運動鞋/戶外鞋,慢跑鞋,無,1790,0.0,3,無,腳感舒適的跑鞋 挑戰自我、不斷練習來達成更高紀錄.這款 adidasDuramoSL 跑鞋搭載 LIGHTMOTION 技術、無論你的目標是什麼、無論你想奔赴何處、力求舒適相伴、助你暢快奔跑.採用網眼布鞋面、旨在帶來舒爽腳感. 一般版型 鞋帶設計 單層網眼布鞋面 穿著舒適 網布內裡 LIGHTMOTION 避震科技 Adiwear 外底 高低差:9.5mm(後跟:33mm╱前足:23.5mm) 重量:295g(尺寸:UK8.5),無,https://s1.myqr.com.tw/newshop/177/TypeGoods?type2=7945&type1=7946&type0=7948&pageIndex=0&goodId=48171,無,https://pshop.myqr.com.tw/qrssimage/GoodsImage/109/109289.jpg?72
IF7869,ADIDAS DURAMO SL 慢跑鞋 IF7869,戶外與運動用品,運動鞋/戶外鞋,慢跑鞋,無,1790,0.0,5,無,腳感舒適的跑鞋 挑戰自我、不斷練習來達成更高紀錄.這款 adidasDuramoSL 跑鞋搭載 LIGHTMOTION 技術、無論你的目標是什麼、無論你想奔赴何處、力求舒適相伴、助你暢快奔跑.採用網眼布鞋面、旨在帶來舒爽腳感. 一般版型 鞋帶設計 單層網眼布鞋面 穿著舒適 網布內裡 LIGHTMOTION 避震科技 Adiwear 外底 高低差:9.5mm(後跟:33mm╱前足:23.5mm) 重量:295g(尺寸:UK8.5),無,https://s1.myqr.com.tw/newshop/177/TypeGoods?type2=7945&type1=7946&type0=7948&pageIndex=0&goodId=48172,無,https://pshop.myqr.com.tw/qrssimage/GoodsImage/109/109285.jpg?9
IH8229,Adidas DURAMO SL2 W 女款 緩震 休閒慢跑鞋 IH8229,戶外與運動用品,運動鞋/戶外鞋,慢跑鞋,無,1892,0.0,8,無,AdidasDURAMOSL2W 女款緩震休閒慢跑鞋 IH8229 輕盈、快速的跑鞋部分採用回收材料製成. 無論您的日曆上有 10 公里還是近期的個人跑步目標、這些阿迪達斯跑鞋都可以幫助您有目的地訓練.它們輕巧、快速、配有靈敏的 Lightstrike 緩震系統和 TPU 外底、可在道路或賽道上提供牽引力.工程網布鞋面透氣且具支撐力、讓您可以持續加快步伐.本產品含有至少 20% 的回收材料.使用回收材料、我們可以減少浪費、減少對有限資源的依賴以及我們製造的產品所產生的足跡. 常規版型 蕾絲封口 合成纖維網布鞋面 合成纖維和紡織襯裡 LIGHTMOTION 緩震 重量:291 公克(英國尺寸 8.5) 中底高低:9 毫米(後跟 33 毫米 / 前掌 24 毫米),無,https://s1.myqr.com.tw/newshop/177/TypeGoods?type2=7945&type1=7946&type0=7948&pageIndex=0&goodId=48120,無,https://pshop.myqr.com.tw/qrssimage/GoodsImage/131/131330.jpg?9
IF9394,Adidas DURAMO SPEED 2 M 男款 緩震 休閒慢跑鞋 IF9394,戶外與運動用品,運動鞋/戶外鞋,慢跑鞋,無,2272,0.0,23,無,AdidasDURAMOSPEED2M 男款緩震休閒慢跑鞋 IF9394 輕盈、快速的跑鞋部分採用回收材料製成. 無論您的日曆上有 10 公里還是近期的個人跑步目標、這些阿迪達斯跑鞋都可以幫助您有目的地訓練.它們輕巧、快速、配有靈敏的 Lightstrike 緩震系統和 TPU 外底、可在道路或賽道上提供牽引力.工程網布鞋面透氣且具支撐力、讓您可以持續加快步伐.本產品含有至少 20% 的回收材料.使用回收材料、我們可以減少浪費、減少對有限資源的依賴以及我們製造的產品所產生的足跡.,無,https://s1.myqr.com.tw/newshop/177/TypeGoods?type2=7945&type1=7946&type0=7948&pageIndex=0&goodId=48121,無,https://pshop.myqr.com.tw/qrssimage/GoodsImage/131/131325.jpg?91
JI2847,ADIDAS Eclyptix 2000 女款 休閒慢跑鞋 JI2847,戶外與運動用品,運動鞋/戶外鞋,慢跑鞋,無,2044,0.0,8,無,ADIDASEclyptix2000 女款休閒慢跑鞋 JI2847,無,https://s1.myqr.com.tw/newshop/177/TypeGoods?type2=7945&type1=7946&type0=7948&pageIndex=0&goodId=48126,無,https://pshop.myqr.com.tw/qrssimage/GoodsImage/130/130332.jpg?91
JR5156,ADIDAS ECLYPTIX 2000 女款 緩震 休閒慢跑鞋 JR5156,戶外與運動用品,運動鞋/戶外鞋,慢跑鞋,無,2044,0.0,9,無,ADIDASECLYPTIX2000 女款緩震休閒慢跑鞋 JR5156 穿上這款阿迪達斯鞋、踏上復古跑步風格的浪潮.受到 2000 年代這個塑造現代運動鞋文化的標誌性時代的啟發、它們將懷舊與日常舒適完美融合.Cloudfoam 中底為每一步提供輕盈、枕頭般的柔軟緩衝.空氣自由流過透氣網布和合成鞋面、無論您是在人行道上奔跑還是放鬆、都能讓您保持涼爽.該產品至少採用 20% 的再生材料.透過重複使用已經製造的材料、我們幫助減少浪費和對有限資源的依賴、並減少我們製造的產品的足跡. 常規版型 蕾絲封口 網布和合成鞋面 紡織襯裡 雲泡沫中底 橡膠大底 含有至少 20% 的回收成分,無,https://s1.myqr.com.tw/newshop/177/TypeGoods?type2=7945&type1=7946&type0=7948&pageIndex=0&goodId=48119,無,https://pshop.myqr.com.tw/qrssimage/GoodsImage/131/131345.jpg?28
JI2843,ADIDAS Eclyptix 2000 男款 休閒慢跑鞋 JI2843,戶外與運動用品,運動鞋/戶外鞋,慢跑鞋,無,2044,0.0,9,無,ADIDASEclyptix2000 男款休閒慢跑鞋 JI2843,無,https://s1.myqr.com.tw/newshop/177/TypeGoods?type2=7945&type1=7946&type0=7948&pageIndex=0&goodId=48128,無,https://pshop.myqr.com.tw/qrssimage/GoodsImage/130/130319.jpg?28
JI2844,ADIDAS Eclyptix 2000 男款 休閒慢跑鞋 JI2844,戶外與運動用品,運動鞋/戶外鞋,慢跑鞋,無,2044,0.0,8,無,ADIDASEclyptix2000 男款休閒慢跑鞋 JI2844,無,https://s1.myqr.com.tw/newshop/177/TypeGoods?type2=7945&type1=7946&type0=7948&pageIndex=0&goodId=48127,無,https://pshop.myqr.com.tw/qrssimage/GoodsImage/130/130324.jpg?12
JI4541,ADIDAS Eclyptix 2000 拼接復古 休閒慢跑鞋 JI4541,戶外與運動用品,運動鞋/戶外鞋,慢跑鞋,無,2044,0.0,12,無,ADIDASEclyptix2000 拼接復古休閒慢跑鞋 JI4541 穿上這款 adidas 運動鞋、呈現復古跑鞋風格.設計靈感源自塑造現代球鞋文化的經典 2000 年代、完美融合復古風格和日常舒適腳感.Cloudfoam 中底提供輕量柔軟避震腳感.透氣網布和合成皮鞋面確保空氣流通、讓你在街頭跑步或自在休息時保持雙腳涼爽. 此產品採用至少 20% 再生材質製成.我們回收使用已製成的材料、減少生產廢棄物、降低對有限資源的依賴、並減少產品的碳足跡. 一般版型 鞋帶設計 鞋面採用網布和合成材質 網布內裡 Cloudfoam 中底 橡膠大底,無,https://s1.myqr.com.tw/newshop/177/TypeGoods?type2=7945&type1=7946&type0=7948&pageIndex=0&goodId=48129,無,https://pshop.myqr.com.tw/qrssimage/GoodsImage/130/130316.jpg?12
H03587,ADIDAS EDGE GAMEDAY GUARD 跑鞋 H03587,戶外與運動用品,運動鞋/戶外鞋,慢跑鞋,無,1990,0.0,1,無,含有再生材質的彈力跑鞋 這款 adidas 跑鞋俐落時尚、中底搭載 Bounce 技術、助你有備而上.含網布內裡、妥帖舒適. 部分回收材質採用切割碎屑等工業廢料以及消費後家庭廢料製成、以避免使用原生材料而對環境造成更嚴重的影響.部分鞋面採用再生材質打造. 鞋帶設計 網布鞋面 Bounce 中底 網布內裡 橡膠大底 鞋面含有再生材質,無,https://s1.myqr.com.tw/newshop/177/TypeGoods?type2=7945&type1=7946&type0=7948&pageIndex=0&goodId=48218,無,https://pshop.myqr.com.tw/qrssimage/GoodsImage/90/90426.jpg?47
H03594,ADIDAS EDGE GAMEDAY GUARD 跑鞋 H03594,戶外與運動用品,運動鞋/戶外鞋,慢跑鞋,無,1645,0.0,1,無,ADIDASEDGEGAMEDAYGUARD 跑鞋 H03594 含有再生材質的彈力跑鞋 這款 adidas 跑鞋俐落時尚、中底搭載 Bounce 技術、助你有備而上.含網布內裡、妥帖舒適. 部分回收材質採用切割碎屑等工業廢料以及消費後家庭廢料製成、以避免使用原生材料而對環境造成更嚴重的影響.部分鞋面採用再生材質打造. 鞋帶設計 網布鞋面 Bounce 中底 網布內裡 橡膠大底 鞋面含有再生材質,無,https://s1.myqr.com.tw/newshop/177/TypeGoods?type2=7945&type1=7946&type0=7948&pageIndex=0&goodId=48217,無,https://pshop.myqr.com.tw/qrssimage/GoodsImage/90/90430.jpg?47
GW4139,ADIDAS GALAXY 6 跑鞋 GW4139,戶外與運動用品,運動鞋/戶外鞋,慢跑鞋,無,1690,0.0,1,無,含有再生材質的運動風舒適鞋款 穿上就能即刻出發.這款 adidas 跑鞋能讓你在跑步時刻保持舒適.輕量透氣的網布鞋面可讓雙腳保持涼爽、Cloudfoam 中底提供彈性腳感、是適合日常穿著的鞋款.橡膠大底可在潮濕草皮或泥土表面上維持抓地力、無需更換鞋子. 採用一系列再生材質製成、鞋面含有至少 50% 的再生成分.此產品是我們協助終結塑膠廢料的解決方案之一. 一般版型 鞋帶設計 網布鞋面 OrthoLite 鞋墊 Cloudfoam 中底 網布內裡 橡膠大底 鞋面採用超過 50% 的再生材質,無,https://s1.myqr.com.tw/newshop/177/TypeGoods?type2=7945&type1=7946&type0=7948&pageIndex=0&goodId=48181,無,https://pshop.myqr.com.tw/qrssimage/GoodsImage/106/106785.jpg?83
GW3848,ADIDAS GALAXY 6 慢跑鞋 GW3848,戶外與運動用品,運動鞋/戶外鞋,慢跑鞋,無,1390,0.0,2,無,含有再生材質的舒適跑鞋 adidas 從以前到現在的鞋款設計都是為了運動員.這款跑鞋搭載創新科技、可駕馭各種場合.輕量網布鞋面可促進空氣流通、Cloudfoam 中底則提供彈力避震腳感.柔軟鞋墊提供良好支撐力、戰勝長跑和健身運動. 採用一系列再生材質製成、鞋面含有至少 50% 的再生成分.此產品是我們協助終結塑膠廢料的解決方案之一. 一般版型 鞋帶設計 透氣網布鞋面 網布內裡 Cloudfoam 中底 OrthoLite 鞋墊 橡膠大底 鞋面採用超過 50% 的再生材質,無,https://s1.myqr.com.tw/newshop/177/TypeGoods?type2=7945&type1=7946&type0=7948&pageIndex=0&goodId=48216,無,https://pshop.myqr.com.tw/qrssimage/GoodsImage/90/90957.jpeg?83
GW4131,ADIDAS GALAXY 6 慢跑鞋 GW4131,戶外與運動用品,運動鞋/戶外鞋,慢跑鞋,無,1390,0.0,2,無,含有再生材質的舒適跑鞋 這款跑鞋搭載創新科技、可駕馭各種場合.輕量網布鞋面可促進空氣流通、Cloudfoam 中底則提供彈力避震腳感.柔軟鞋墊提供良好支撐力、戰勝長跑和健身運動. 採用一系列再生材質製成、鞋面含有至少 50% 的再生成分.此產品是我們協助終結塑膠廢料的解決方案之一. 一般版型 鞋帶設計 透氣網布鞋面 網布內裡 Cloudfoam 中底 OrthoLite 鞋墊 橡膠大底 鞋面採用超過 50% 的再生材質,無,https://s1.myqr.com.tw/newshop/177/TypeGoods?type2=7945&type1=7946&type0=7948&pageIndex=0&goodId=48223,無,https://pshop.myqr.com.tw/qrssimage/GoodsImage/86/86101.jpg?67
GW4138,ADIDAS GALAXY 6 慢跑鞋 GW4138,戶外與運動用品,運動鞋/戶外鞋,慢跑鞋,無,1390,0.0,9,無,含有再生材質的舒適跑鞋 adidas 從以前到現在的鞋款設計都是為了運動員.這款跑鞋搭載創新科技、可駕馭各種場合.輕量網布鞋面可促進空氣流通、Cloudfoam 中底則提供彈力避震腳感.柔軟鞋墊提供良好支撐力、戰勝長跑和健身運動. 採用一系列再生材質製成、鞋面含有至少 50% 的再生成分.此產品是我們協助終結塑膠廢料的解決方案之一. 一般版型 鞋帶設計 透氣網布鞋面 網布內裡 Cloudfoam 中底 OrthoLite 鞋墊 橡膠大底 鞋面採用超過 50% 的再生材質,無,https://s1.myqr.com.tw/newshop/177/TypeGoods?type2=7945&type1=7946&type0=7948&pageIndex=0&goodId=48215,無,https://pshop.myqr.com.tw/qrssimage/GoodsImage/90/90965.jpg?67
ID8765,ADIDAS Galaxy 7 M 緩衝 回彈 女慢跑鞋 ID8765,戶外與運動用品,運動鞋/戶外鞋,慢跑鞋,無,1740,0.0,18,無,ADIDASGalaxy7M 緩衝回彈女慢跑鞋 ID8765 *Cloudfoam 緩震科技、提供雙足柔軟且具彈性的回彈腳感、並在動態效果下擁有穩定的緩震效果. *透氣網布鞋面、不僅有效減輕鞋身重量、更使雙足時刻保持涼爽的透氣機能性. *橡膠大底可提供良好的抓地效果與耐磨效果.,無,https://s1.myqr.com.tw/newshop/177/TypeGoods?type2=7945&type1=7946&type0=7948&pageIndex=0&goodId=48132,無,https://pshop.myqr.com.tw/qrssimage/GoodsImage/126/126170.jpg?3
ID8768,ADIDAS Galaxy 7 M 緩衝 回彈 女慢跑鞋 ID8768,戶外與運動用品,運動鞋/戶外鞋,慢跑鞋,無,1740,0.0,6,無,ADIDASGalaxy7M 緩衝回彈女慢跑鞋 ID8768 *Cloudfoam 緩震科技、提供雙足柔軟且具彈性的回彈腳感、並在動態效果下擁有穩定的緩震效果. *透氣網布鞋面、不僅有效減輕鞋身重量、更使雙足時刻保持涼爽的透氣機能性. *橡膠大底可提供良好的抓地效果與耐磨效果.,無,https://s1.myqr.com.tw/newshop/177/TypeGoods?type2=7945&type1=7946&type0=7948&pageIndex=0&goodId=48131,無,https://pshop.myqr.com.tw/qrssimage/GoodsImage/126/126178.jpg?3
ID8755,ADIDAS Galaxy 7 M 緩衝 回彈 慢跑鞋 ID8755,戶外與運動用品,運動鞋/戶外鞋,慢跑鞋,無,1740,0.0,5,無,ADIDASGalaxy7M 緩衝回彈慢跑鞋 ID8755 *Cloudfoam 緩震科技、提供雙足柔軟且具彈性的回彈腳感、並在動態效果下擁有穩定的緩震效果. *透氣網布鞋面、不僅有效減輕鞋身重量、更使雙足時刻保持涼爽的透氣機能性. *橡膠大底可提供良好的抓地效果與耐磨效果.,無,https://s1.myqr.com.tw/newshop/177/TypeGoods?type2=7945&type1=7946&type0=7948&pageIndex=0&goodId=48134,無,https://pshop.myqr.com.tw/qrssimage/GoodsImage/126/126153.jpg?39
ID8760,ADIDAS Galaxy 7 M 緩衝 回彈 慢跑鞋 ID8760,戶外與運動用品,運動鞋/戶外鞋,慢跑鞋,無,1740,0.0,15,無,ADIDASGalaxy7M 緩衝回彈慢跑鞋 ID8760 *Cloudfoam 緩震科技、提供雙足柔軟且具彈性的回彈腳感、並在動態效果下擁有穩定的緩震效果. *透氣網布鞋面、不僅有效減輕鞋身重量、更使雙足時刻保持涼爽的透氣機能性. *橡膠大底可提供良好的抓地效果與耐磨效果.,無,https://s1.myqr.com.tw/newshop/177/TypeGoods?type2=7945&type1=7946&type0=7948&pageIndex=0&goodId=48133,無,https://pshop.myqr.com.tw/qrssimage/GoodsImage/126/126162.jpg?39
GY3094,ADIDAS LITE RACER 3.0 慢跑鞋 GY3094,戶外與運動用品,運動鞋/戶外鞋,慢跑鞋,無,1580,0.0,13,無,步行是日常生活的重要部分.舒適度也應該如此.穿上這些阿迪達斯鞋、享受您邁出的每一步.它們的靈感來自經典跑鞋、具有柔軟的 Cloudfoam 緩震效果和舒適貼合感.另外、還有三條紋風格.您還需要其他鞋子嗎?該產品至少採用 20% 的再生材料.透過重複使用已經製造的材料、我們幫助減少浪費和對有限資源的依賴、並減少我們製造的產品的足跡.,無,https://s1.myqr.com.tw/newshop/177/TypeGoods?type2=7945&type1=7946&type0=7948&pageIndex=0&goodId=48167,無,https://pshop.myqr.com.tw/qrssimage/GoodsImage/111/111289.jpg?58
HP6095,ADIDAS LITE RACER 3.0 慢跑鞋 HP6095,戶外與運動用品,運動鞋/戶外鞋,慢跑鞋,無,1580,0.0,19,無,步行是日常生活的重要部分.舒適度也應該如此.穿上這些阿迪達斯鞋、享受您邁出的每一步.它們的靈感來自經典跑鞋、具有柔軟的 Cloudfoam 緩震效果和舒適貼合感.另外、還有三條紋風格.您還需要其他鞋子嗎?該產品至少採用 20% 的再生材料.透過重複使用已經製造的材料、我們幫助減少浪費和對有限資源的依賴、並減少我們製造的產品的足跡.,無,https://s1.myqr.com.tw/newshop/177/TypeGoods?type2=7945&type1=7946&type0=7948&pageIndex=0&goodId=48166,無,https://pshop.myqr.com.tw/qrssimage/GoodsImage/111/111293.jpg?58
IF6478,ADIDAS MAXXWAVY 跑鞋 IF6478,戶外與運動用品,運動鞋/戶外鞋,慢跑鞋,無,2390,0.0,4,無,這款 adidas 鞋款採用彈性舒適的鞋面、輕鬆駕馭日常活動.誇張的比例設計呈現搶眼輪廓、快綁鞋帶等細節則適合忙碌生活.抓地力絕佳的橡膠大底讓造型更完整. 採用一系列再生材質製成、鞋面含有至少 50% 的再生成分.此產品是我們協助終結塑膠廢料的解決方案之一.,無,https://s1.myqr.com.tw/newshop/177/TypeGoods?type2=7945&type1=7946&type0=7948&pageIndex=0&goodId=48175,無,https://pshop.myqr.com.tw/qrssimage/GoodsImage/107/107873.jpg?42
IF6479,ADIDAS MAXXWAVY 跑鞋 IF6479,戶外與運動用品,運動鞋/戶外鞋,慢跑鞋,無,2390,0.0,18,無,這款 adidas 鞋款採用彈性舒適的鞋面、輕鬆駕馭日常活動.誇張的比例設計呈現搶眼輪廓、快綁鞋帶等細節則適合忙碌生活.抓地力絕佳的橡膠大底讓造型更完整. 採用一系列再生材質製成、鞋面含有至少 50% 的再生成分.此產品是我們協助終結塑膠廢料的解決方案之一.,無,https://s1.myqr.com.tw/newshop/177/TypeGoods?type2=7945&type1=7946&type0=7948&pageIndex=0&goodId=48178,無,https://pshop.myqr.com.tw/qrssimage/GoodsImage/107/107805.jpg?42
GW8588,ADIDAS PUREBOOST 22 跑鞋 GW8588,戶外與運動用品,運動鞋/戶外鞋,慢跑鞋,無,2690,0.0,8,無,ADIDASPUREBOOST22 跑鞋 GW8588 含有再生材質的日常跑鞋 穿上這款 adidas 鞋款、越跑越有勁.專為短跑而設計、BOOST 中底提供絕佳能量回饋.Stretchweb 延展性橡膠大底可彎曲伸展、步伐更具爆發力. 一般版型 鞋帶設計 網布鞋面 BOOST 中底 網布內裡 Stretchweb 大底 鞋面採用超過 50% 的再生材質 高低差:10mm(後跟:20mm╱前足:10mm),無,https://s1.myqr.com.tw/newshop/177/TypeGoods?type2=7945&type1=7946&type0=7948&pageIndex=0&goodId=48184,無,https://pshop.myqr.com.tw/qrssimage/GoodsImage/106/106685.jpg?77
GW8589,ADIDAS PUREBOOST 22 跑鞋 GW8589,戶外與運動用品,運動鞋/戶外鞋,慢跑鞋,無,2690,0.0,14,無,ADIDASPUREBOOST22 跑鞋 GW8589 含有再生材質的日常跑鞋 穿上這款 adidas 鞋款、越跑越有勁.專為短跑而設計、BOOST 中底提供絕佳能量回饋.Stretchweb 延展性橡膠大底可彎曲伸展、步伐更具爆發力. 一般版型 鞋帶設計 網布鞋面 BOOST 中底 網布內裡 Stretchweb 大底 鞋面採用超過 50% 的再生材質 高低差:10mm(後跟:20mm╱前足:10mm),無,https://s1.myqr.com.tw/newshop/177/TypeGoods?type2=7945&type1=7946&type0=7948&pageIndex=0&goodId=48183,無,https://pshop.myqr.com.tw/qrssimage/GoodsImage/106/106689.jpg?77
GW8591,ADIDAS PUREBOOST 22 跑鞋 GW8591,戶外與運動用品,運動鞋/戶外鞋,慢跑鞋,無,2690,0.0,12,無,ADIDASPUREBOOST22 跑鞋 GW8591 含有再生材質的日常跑鞋 穿上這款 adidas 鞋款、越跑越有勁.專為短跑而設計、BOOST 中底提供絕佳能量回饋.Stretchweb 延展性橡膠大底可彎曲伸展、步伐更具爆發力. 一般版型 鞋帶設計 網布鞋面 BOOST 中底 網布內裡 Stretchweb 大底 鞋面採用超過 50% 的再生材質 高低差:10mm(後跟:20mm╱前足:10mm),無,https://s1.myqr.com.tw/newshop/177/TypeGoods?type2=7945&type1=7946&type0=7948&pageIndex=0&goodId=48182,無,https://pshop.myqr.com.tw/qrssimage/GoodsImage/106/106693.jpg?77
IF4839,ADIDAS PUREBOOST 23 WIDE 寬楦 慢跑鞋 IF4839,戶外與運動用品,運動鞋/戶外鞋,慢跑鞋,無,3032,0.0,20,無,ADIDASPUREBOOST23WIDE 寬楦慢跑鞋 IF4839 寬楦設計鞋帶設計 工藝式網布鞋面 網布內裡 BOOST 中底 穿上這款寬楦 adidas 跑鞋、享受日常跑步體驗.全腳掌 BOOST 提供無限動能回饋、助你持續向前邁進. 網布鞋面可促進空氣流通、Stretchweb 延展性橡膠大底則自然貼合雙腳、讓步伐充滿能量.,無,https://s1.myqr.com.tw/newshop/177/TypeGoods?type2=7945&type1=7946&type0=7948&pageIndex=0&goodId=48158,無,https://pshop.myqr.com.tw/qrssimage/GoodsImage/115/115667.jpg?14
HP2431,Adidas Questar HP2431,戶外與運動用品,運動鞋/戶外鞋,慢跑鞋,無,1490,0.0,7,無,AdidasQuestarHP2431 女慢跑鞋運動休閒訓練緩震包覆舒適愛迪達白紫 商品特色 加厚鞋領提供包覆貼合腳感 輕量避震中底則提升靈活度 橡膠外底帶來持久的抓地力,無,https://s1.myqr.com.tw/newshop/177/TypeGoods?type2=7945&type1=7946&type0=7948&pageIndex=0&goodId=48142,無,https://pshop.myqr.com.tw/qrssimage/GoodsImage/121/121805.jpg?14
ID7336,ADIDAS RESPONSE RUNNER U 慢跑鞋 ID7336,戶外與運動用品,運動鞋/戶外鞋,慢跑鞋,無,1816,0.0,9,無,ADIDASRESPONSERUNNERU 慢跑鞋 ID7336 透氣織布、舒適不悶熱 EVA 中底、輕量緩震 橡膠大底、耐磨止滑,無,https://s1.myqr.com.tw/newshop/177/TypeGoods?type2=7945&type1=7946&type0=7948&pageIndex=0&goodId=48194,無,https://pshop.myqr.com.tw/qrssimage/GoodsImage/102/102411.jpg?97
IG1412,ADIDAS RESPONSE SHOES 女款 慢跑鞋 IG1412,戶外與運動用品,運動鞋/戶外鞋,慢跑鞋,無,1892,0.0,12,無,ADIDASRESPONSESHOES 女款慢跑鞋 IG1412 無論您是忙碌的一天還是在最新的慢跑路線上記錄里程、穿上這些輕便的跑鞋都能獲得最大的舒適度.透氣網布鞋面讓雙腳保持涼爽、而 EVA 中底則讓您從腳跟著地到腳趾離地的步伐變得?平穩.這些主力鞋專為您的日常跑步而設計、讓您跑得更遠更快.該產品至少採用 20% 的再生材料.透過重複使用已經製造的材料、我們幫助減少浪費和對有限資源的依賴、並減少我們製造的產品的足跡. &bull;細節 &bull;常規版型 &bull;蕾絲封口 &bull;網布紡織鞋面 &bull;紡織襯裡 &bull;EVA 中底 &bull;全表面橡膠大底 &bull;重量:268 公克(英國尺寸 5.5) &bull;中底高度:9 毫米(後跟:27 毫米 / 前掌:18 毫米) &bull;含有至少 20% 的回收成分,無,https://s1.myqr.com.tw/newshop/177/TypeGoods?type2=7945&type1=7946&type0=7948&pageIndex=0&goodId=48149,無,https://pshop.myqr.com.tw/qrssimage/GoodsImage/119/119406.jpg?33
IG1418,ADIDAS RESPONSE SHOES 女款 慢跑鞋 IG1418,戶外與運動用品,運動鞋/戶外鞋,慢跑鞋,無,1892,0.0,3,無,ADIDASRESPONSESHOES 女款慢跑鞋 IG1418 無論您是忙碌的一天還是在最新的慢跑路線上記錄里程、穿上這些輕便的跑鞋都能獲得最大的舒適度.透氣網布鞋面讓雙腳保持涼爽、而 EVA 中底則讓您從腳跟著地到腳趾離地的步伐變得?平穩.這些主力鞋專為您的日常跑步而設計、讓您跑得更遠更快.該產品至少採用 20% 的再生材料.透過重複使用已經製造的材料、我們幫助減少浪費和對有限資源的依賴、並減少我們製造的產品的足跡. 細節 &bull;常規版型 &bull;蕾絲封口 &bull;網布紡織鞋面 &bull;紡織襯裡 &bull;EVA 中底 &bull;全表面橡膠大底 &bull;重量:268 公克(英國尺寸 5.5) &bull;中底高度:9 毫米(後跟:27 毫米 / 前掌:18 毫米) &bull;含有至少 20% 的回收成分,無,https://s1.myqr.com.tw/newshop/177/TypeGoods?type2=7945&type1=7946&type0=7948&pageIndex=0&goodId=48148,無,https://pshop.myqr.com.tw/qrssimage/GoodsImage/119/119414.jpg?33
IG9922,ADIDAS RESPONSE SHOES 男款 慢跑鞋 IG9922,戶外與運動用品,運動鞋/戶外鞋,慢跑鞋,無,1892,0.0,7,無,ADIDASRESPONSESHOES 男款慢跑鞋 IG9922 無論您是忙碌的一天還是在最新的慢跑路線上記錄里程、穿上這些輕便的跑鞋都能獲得最大的舒適度.透氣網布鞋面讓雙腳保持涼爽、而 EVA 中底則讓您從腳跟著地到腳趾離地的步伐變得?平穩.這些主力鞋專為您的日常跑步而設計、讓您跑得更遠更快.該產品至少採用 20% 的再生材料.透過重複使用已經製造的材料、我們幫助減少浪費和對有限資源的依賴、並減少我們製造的產品的足跡. 細節 &bull;常規版型 &bull;蕾絲封口 &bull;網布紡織鞋面 &bull;紡織襯裡 &bull;EVA 中底 &bull;全表面橡膠大底 &bull;重量:11.6 盎司(9 號) &bull;中底高度:9 毫米(後跟:29 毫米 / 前掌:19 毫米) &bull;含有至少 20% 的回收成分,無,https://s1.myqr.com.tw/newshop/177/TypeGoods?type2=7945&type1=7946&type0=7948&pageIndex=0&goodId=48147,無,https://pshop.myqr.com.tw/qrssimage/GoodsImage/119/119419.jpg?69
IF8598,ADIDAS RESPONSE SUPER M 慢跑鞋 IF8598,戶外與運動用品,運動鞋/戶外鞋,慢跑鞋,無,2196,0.0,7,無,ADIDASRESPONSESUPERM 慢跑鞋 IF8598 一般版型 鞋帶設計 鞋面局部網布設計 透氣感 紡織襯裡 Dreamstrike 中底 橡膠大底 含有至少 20% 的回收成分,無,https://s1.myqr.com.tw/newshop/177/TypeGoods?type2=7945&type1=7946&type0=7948&pageIndex=0&goodId=48161,無,https://pshop.myqr.com.tw/qrssimage/GoodsImage/115/115265.jpg?69
IF8267,ADIDAS Response Super W 慢跑鞋 IF8267,戶外與運動用品,運動鞋/戶外鞋,慢跑鞋,無,2196,0.0,6,無,Dreamstrike 中底 工程單體網布鞋面 橡膠大底,無,https://s1.myqr.com.tw/newshop/177/TypeGoods?type2=7945&type1=7946&type0=7948&pageIndex=0&goodId=48165,無,https://pshop.myqr.com.tw/qrssimage/GoodsImage/111/111715.jpg?52
IG1409,ADIDAS RESPONSE SUPER 女款 慢跑鞋 IG1409,戶外與運動用品,運動鞋/戶外鞋,慢跑鞋,無,2196,0.0,9,無,ADIDASRESPONSESUPER 女款慢跑鞋 IG1409 無論您是忙碌的一天還是在最新的慢跑路線上記錄里程、穿上這些輕便的跑鞋都能獲得最大的舒適度.透氣網布鞋面讓雙腳保持涼爽、而 EVA 中底則讓您從腳跟著地到腳趾離地的步伐變得?平穩.這些主力鞋專為您的日常跑步而設計、讓您跑得更遠更快.該產品至少採用 20% 的再生材料.透過重複使用已經製造的材料、我們幫助減少浪費和對有限資源的依賴、並減少我們製造的產品的足跡. 細節 &bull;常規版型 &bull;蕾絲封口 &bull;網布紡織鞋面 &bull;紡織襯裡 &bull;EVA 中底 &bull;全表面橡膠大底 &bull;重量:268 公克(英國尺寸 5.5) &bull;中底高度:9 毫米(後跟:27 毫米 / 前掌:18 毫米) &bull;含有至少 20% 的回收成分,無,https://s1.myqr.com.tw/newshop/177/TypeGoods?type2=7945&type1=7946&type0=7948&pageIndex=0&goodId=48169,無,https://pshop.myqr.com.tw/qrssimage/GoodsImage/111/111208.jpg?88
IG9911,ADIDAS RESPONSE SUPER 慢跑鞋 IG9911,戶外與運動用品,運動鞋/戶外鞋,慢跑鞋,無,1990,0.0,1,無,ADIDASRESPONSESUPER 慢跑鞋 IG9911 常規版型 蕾絲封口 工程單體網布鞋面 透氣感 紡織襯裡 Dreamstrike 中底 橡膠大底,無,https://s1.myqr.com.tw/newshop/177/TypeGoods?type2=7945&type1=7946&type0=7948&pageIndex=0&goodId=48168,無,https://pshop.myqr.com.tw/qrssimage/GoodsImage/111/111212.jpg?72
HP7561,ADIDAS Runfalcon 3 W 慢跑鞋 HP7561,戶外與運動用品,運動鞋/戶外鞋,慢跑鞋,無,1740,0.0,7,無,中底採用柔軟 Cloudfoam 中底、在動態下能有效減緩地面給予雙足的衝擊力、並提供舒適柔軟的足感效果. 網布材質鞋面、使雙足保有絕佳的透氣機能性、並有效減輕鞋身重量、使跑者輕盈無負擔. 橡膠材質大底、一次性提升抓地效果與耐磨效果. 部分材質使用環保原料製成.,無,https://s1.myqr.com.tw/newshop/177/TypeGoods?type2=7945&type1=7946&type0=7948&pageIndex=0&goodId=48160,無,https://pshop.myqr.com.tw/qrssimage/GoodsImage/115/115475.jpg?72
IE0742,ADIDAS Runfalcon 3 慢跑鞋 IE0742,戶外與運動用品,運動鞋/戶外鞋,慢跑鞋,無,1740,0.0,12,無,中底採用柔軟 Cloudfoam 中底、在動態下能有效減緩地面給予雙足的衝擊力、並提供舒適柔軟的足感效果. 網布材質鞋面、使雙足保有絕佳的透氣機能性、並有效減輕鞋身重量、使跑者輕盈無負擔. 橡膠材質大底、一次性提升抓地效果與耐磨效果. 部分材質使用環保原料製成.,無,https://s1.myqr.com.tw/newshop/177/TypeGoods?type2=7945&type1=7946&type0=7948&pageIndex=0&goodId=48159,無,https://pshop.myqr.com.tw/qrssimage/GoodsImage/115/115478.jpg?8
ID2286,ADIDAS Runfalcon 3 慢跑鞋 深藍色 ID2286,戶外與運動用品,運動鞋/戶外鞋,慢跑鞋,無,1740,0.0,3,無,中底採用柔軟 Cloudfoam 中底、在動態下能有效減緩地面給予雙足的衝擊力、並提供舒適柔軟的足感效果. 網布材質鞋面、使雙足保有絕佳的透氣機能性、並有效減輕鞋身重量、使跑者輕盈無負擔. 橡膠材質大底、一次性提升抓地效果與耐磨效果. 部分材質使用環保原料製成.,無,https://s1.myqr.com.tw/newshop/177/TypeGoods?type2=7945&type1=7946&type0=7948&pageIndex=0&goodId=48170,無,https://pshop.myqr.com.tw/qrssimage/GoodsImage/111/111205.jpg?8
HP7568,ADIDAS Runfalcon 3.0 TR 慢跑鞋 HP7568,戶外與運動用品,運動鞋/戶外鞋,慢跑鞋,無,1690,0.0,1,無,Cloudfoam 中底 橡膠大底防滑耐磨 一般運動及休閒皆適合穿著,無,https://s1.myqr.com.tw/newshop/177/TypeGoods?type2=7945&type1=7946&type0=7948&pageIndex=0&goodId=48209,無,https://pshop.myqr.com.tw/qrssimage/GoodsImage/107/107164.jpg?44
IE0744,ADIDAS RUNFALCON 3.0 W 慢跑鞋 IE0744,戶外與運動用品,運動鞋/戶外鞋,慢跑鞋,無,1690,0.0,10,無,ADIDASRUNFALCON3.0W 慢跑鞋 IE0744 部分採用回收材料製成的緩震跑鞋 穿上這款多功能阿迪達斯跑鞋、繫上鞋帶、在公園跑步或步行到咖啡店.由於舒適的 Cloudfoam 中底、從踏入的那一刻起、它們就感覺良好.織物鞋面感覺舒適透氣、橡膠大底為您提供充足的抓地力、讓您自信地邁步.鞋面採用一系列回收材料製成、至少含有 50% 的回收成分.該產品只是我們幫助消除塑膠垃圾的解決方案之一. 部分由回收材料製成 鞋面採用一系列回收材料製成、至少含有 50% 的回收成分.該產品只是我們幫助消除塑膠垃圾的解決方案之一. 雲泡沫中底 Cloudfoam 中底提供步入式舒適感和卓越的緩震效果. 靈活的鞋面 柔軟的織物鞋面富有彈性且舒適. 細節 &bull;蕾絲封口 &bull;紡織鞋面 &bull;雲泡沫中底 &bull;紡織襯裡 &bull;重量:239 公克(英國尺寸 5.5) &bull;中底高度:9 毫米(後跟:28 毫米 / 前掌:19 毫米) &bull;橡膠大底 &bull;鞋面至少含有 50% 的回收成分 &bull;產品顏色:PuttyMauve/WonderTaupe/WonderTaupe,無,https://s1.myqr.com.tw/newshop/177/TypeGoods?type2=7945&type1=7946&type0=7948&pageIndex=0&goodId=48143,無,https://pshop.myqr.com.tw/qrssimage/GoodsImage/120/120511.jpg?44
HP7544,ADIDAS Runfalcon 3.0 慢跑鞋 HP7544,戶外與運動用品,運動鞋/戶外鞋,慢跑鞋,無,1690,0.0,2,無,柔軟 Cloudfoam 中底 網布鞋面舒適透氣 橡膠大底提供良好抓地力,無,https://s1.myqr.com.tw/newshop/177/TypeGoods?type2=7945&type1=7946&type0=7948&pageIndex=0&goodId=48198,無,https://pshop.myqr.com.tw/qrssimage/GoodsImage/98/98582.jpg?0
HP7560,ADIDAS Runfalcon 3.0 慢跑鞋 HP7560,戶外與運動用品,運動鞋/戶外鞋,慢跑鞋,無,1690,0.0,14,無,柔軟 Cloudfoam 中底 網布鞋面舒適透氣 橡膠大底提供良好抓地力,無,https://s1.myqr.com.tw/newshop/177/TypeGoods?type2=7945&type1=7946&type0=7948&pageIndex=0&goodId=48203,無,https://pshop.myqr.com.tw/qrssimage/GoodsImage/98/98474.jpg?0
HQ3789,ADIDAS Runfalcon 3.0 慢跑鞋 HQ3789,戶外與運動用品,運動鞋/戶外鞋,慢跑鞋,無,1740,0.0,3,無,柔軟 Cloudfoam 中底 網布鞋面舒適透氣 橡膠大底提供良好抓地力,無,https://s1.myqr.com.tw/newshop/177/TypeGoods?type2=7945&type1=7946&type0=7948&pageIndex=0&goodId=48202,無,https://pshop.myqr.com.tw/qrssimage/GoodsImage/98/98496.jpg?82
HQ3790,ADIDAS Runfalcon 3.0 慢跑鞋 HQ3790,戶外與運動用品,運動鞋/戶外鞋,慢跑鞋,無,1690,0.0,8,無,柔軟 Cloudfoam 中底 網布鞋面舒適透氣 橡膠大底提供良好抓地力,無,https://s1.myqr.com.tw/newshop/177/TypeGoods?type2=7945&type1=7946&type0=7948&pageIndex=0&goodId=48201,無,https://pshop.myqr.com.tw/qrssimage/GoodsImage/98/98499.jpg?19
IH7759,Adidas RUNFALCON 5 女款 休閒慢跑鞋 IH7759,戶外與運動用品,運動鞋/戶外鞋,慢跑鞋,無,1740,0.0,10,無,AdidasRUNFALCON5 女款休閒慢跑鞋 IH7759 *專為日常生活及新手跑者打造的多功能運動鞋. *鞋面以網布材質設計、提供雙足良好的透氣機能性. *中底以 CloudFoam 泡棉材質設計、提供舒適柔軟且具彈性的足感效果. *部分材質使用環保原料製成.,無,https://s1.myqr.com.tw/newshop/177/TypeGoods?type2=7945&type1=7946&type0=7948&pageIndex=0&goodId=48124,無,https://pshop.myqr.com.tw/qrssimage/GoodsImage/130/130406.jpg?19
IH7758,Adidas Runfalcon 5 男款 休閒慢跑鞋 IH7758,戶外與運動用品,運動鞋/戶外鞋,慢跑鞋,無,1740,0.0,11,無,AdidasRunfalcon5 男款休閒慢跑鞋 IH7758 *專為日常生活及新手跑者打造的多功能運動鞋. *鞋面以網布材質設計、提供雙足良好的透氣機能性. *中底以 CloudFoam 泡棉材質設計、提供舒適柔軟且具彈性的足感效果. *部分材質使用環保原料製成.,無,https://s1.myqr.com.tw/newshop/177/TypeGoods?type2=7945&type1=7946&type0=7948&pageIndex=0&goodId=48125,無,https://pshop.myqr.com.tw/qrssimage/GoodsImage/130/130401.jpg?3
IF3768,ADIDAS SPIRITAIN 2000 GORE-TEX 跑鞋 IF3768,戶外與運動用品,運動鞋/戶外鞋,慢跑鞋,無,2690,0.0,8,無,ADIDASSPIRITAIN2000GORE-TEX 跑鞋 IF3768 含有再生材質的防水鞋款 穿上這款鞋款、迎接各種戶外冒險.耐穿又舒適、搭配防水透氣的 GORE-TEX 薄膜、讓雙腳保持乾爽舒適.FORMOTION 科技能隨動作調整、提供個人化的支撐. 採用一系列再生材質製成、鞋面含有至少 50% 的再生成分.此產品是我們協助終結塑膠廢料的解決方案之一. 一般版型 鞋帶設計 網布鞋面 GORE-TEX 薄膜 FORMOTION 橡膠大底 鞋面採用超過 50% 的再生材質,無,https://s1.myqr.com.tw/newshop/177/TypeGoods?type2=7945&type1=7946&type0=7948&pageIndex=0&goodId=48187,無,https://pshop.myqr.com.tw/qrssimage/GoodsImage/106/106463.jpg?3
IF9080,ADIDAS SPIRITAIN 2000 GORE-TEX 跑鞋 IF9080,戶外與運動用品,運動鞋/戶外鞋,慢跑鞋,無,2690,0.0,12,無,ADIDASSPIRITAIN2000GORE-TEX 跑鞋 IF9080 含有再生材質的防水鞋款 穿上這款鞋款、迎接各種戶外冒險.耐穿又舒適、搭配防水透氣的 GORE-TEX 薄膜、讓雙腳保持乾爽舒適.FORMOTION 科技能隨動作調整、提供個人化的支撐. 採用一系列再生材質製成、鞋面含有至少 50% 的再生成分.此產品是我們協助終結塑膠廢料的解決方案之一. 一般版型 鞋帶設計 網布鞋面 GORE-TEX 薄膜 FORMOTION 橡膠大底 鞋面採用超過 50% 的再生材質,無,https://s1.myqr.com.tw/newshop/177/TypeGoods?type2=7945&type1=7946&type0=7948&pageIndex=0&goodId=48188,無,https://pshop.myqr.com.tw/qrssimage/GoodsImage/106/106459.jpg?38
HP6716,ADIDAS SPIRITAIN 2000 GORE-TEX 慢跑鞋 HP6716,戶外與運動用品,運動鞋/戶外鞋,慢跑鞋,無,1990,0.0,9,無,ADIDASSPIRITAIN2000GORE-TEX 慢跑鞋 HP6716 透氣的 GORE-TEX 鞋面有助保持乾爽、採用彈性鞋帶設計、穿脫容易、跑步時也不意鬆脫或擠壓雙腳. GORE-TEX 防水透氣 /adiPRENE 避震科技 /FORMOTION 科技,無,https://s1.myqr.com.tw/newshop/177/TypeGoods?type2=7945&type1=7946&type0=7948&pageIndex=0&goodId=48220,無,https://pshop.myqr.com.tw/qrssimage/GoodsImage/87/87647.jpg?38
HP6718,ADIDAS SPIRITAIN 2000 GORE-TEX 慢跑鞋 HP6718,戶外與運動用品,運動鞋/戶外鞋,慢跑鞋,無,1945,0.0,4,無,ADIDASSPIRITAIN2000GORE-TEX 慢跑鞋 HP6718 透氣的 GORE-TEX 鞋面有助保持乾爽、採用彈性鞋帶設計、穿脫容易、跑步時也不意鬆脫或擠壓雙腳. 彈性鞋帶網布鞋面 /Adiprene 避震科技 / 橡膠大底,無,https://s1.myqr.com.tw/newshop/177/TypeGoods?type2=7945&type1=7946&type0=7948&pageIndex=0&goodId=48219,無,https://pshop.myqr.com.tw/qrssimage/GoodsImage/87/87651.jpg?38
HQ3708,ADIDAS SPIRITAIN 2000 SUS 休閒慢跑鞋 HQ3708,戶外與運動用品,運動鞋/戶外鞋,慢跑鞋,無,1790,0.0,7,無,ADIDASSPIRITAIN2000SUS 休閒慢跑鞋 HQ3708 *後跟 FORMOTION 動態科技、在雙足落地時能提供穩定的支撐效果. *ADIPRENE 高彈性緩震材質、提供穩定、舒適的緩震效果. *TORSION 抗扭轉系統、加強腳掌的支撐與鞋身的剛性、防止雙足側翻而造成運動傷害. *橡膠大底針對易磨損區增加刻紋密集度、有效提升抓地效果與耐磨效果. *網布材質鞋面、在大幅減輕鞋身重量的同時、更加強雙足透氣機能性. *鞋身沙線使用環保材質設計.,無,https://s1.myqr.com.tw/newshop/177/TypeGoods?type2=7945&type1=7946&type0=7948&pageIndex=0&goodId=48226,無,https://pshop.myqr.com.tw/qrssimage/GoodsImage/81/81711.jpg?74
HQ3650,ADIDAS SPIRITAIN 2000 馬拉松跑鞋 HQ3650,戶外與運動用品,運動鞋/戶外鞋,慢跑鞋,無,1990,0.0,3,無,ADIDASSPIRITAIN2000 馬拉松慢跑鞋 HQ3650 功能:耐磨 風格:繫帶運動 鞋面材質:布料 / 皮革 鞋底材質:橡膠鞋底 腳趾類型:圓頭 鞋跟類型:平跟,無,https://s1.myqr.com.tw/newshop/177/TypeGoods?type2=7945&type1=7946&type0=7948&pageIndex=0&goodId=48224,無,https://pshop.myqr.com.tw/qrssimage/GoodsImage/84/84229.jpg?74
HP5669,ADIDAS START YOUR RUN 跑鞋 HP5669,戶外與運動用品,運動鞋/戶外鞋,慢跑鞋,無,1245,0.0,2,無,含有再生材質的輕量跑鞋 你一定會想要穿著這款 adidas 跑鞋踏上跑道.結合經典線條和低調色彩、版型深受歡迎.這款運動鞋是專為女性的運動模式而設計、鞋跟可支撐每一次足部觸地、LIGHTMOTION 緩震系統則能在跑步時提供良好回彈效果. 採用一系列再生材質製成、鞋面含有至少 50% 的再生成分.此產品是我們協助終結塑膠廢料的解決方案之一. 一般版型 鞋帶設計 網布鞋面 LIGHTMOTION 避震科技 網布內裡 橡膠大底 鞋面採用超過 50% 的再生材質,無,https://s1.myqr.com.tw/newshop/177/TypeGoods?type2=7945&type1=7946&type0=7948&pageIndex=0&goodId=48214,無,https://pshop.myqr.com.tw/qrssimage/GoodsImage/91/91968.jpg?58
HP5675,ADIDAS START YOUR RUN 跑鞋 HP5675,戶外與運動用品,運動鞋/戶外鞋,慢跑鞋,無,1245,0.0,2,無,含有再生材質的輕量跑鞋 你一定會想要穿著這款 adidas 跑鞋踏上跑道.結合經典線條和低調色彩、版型深受歡迎.這款運動鞋是專為女性的運動模式而設計、鞋跟可支撐每一次足部觸地、LIGHTMOTION 緩震系統則能在跑步時提供良好回彈效果. 採用一系列再生材質製成、鞋面含有至少 50% 的再生成分.此產品是我們協助終結塑膠廢料的解決方案之一. 一般版型 鞋帶設計 網布鞋面 LIGHTMOTION 避震科技 網布內裡 橡膠大底 鞋面採用超過 50% 的再生材質,無,https://s1.myqr.com.tw/newshop/177/TypeGoods?type2=7945&type1=7946&type0=7948&pageIndex=0&goodId=48213,無,https://pshop.myqr.com.tw/qrssimage/GoodsImage/91/91975.jpg?93
GY9232,ADIDAS START YOUR RUN 慢跑鞋 GY9232,戶外與運動用品,運動鞋/戶外鞋,慢跑鞋,無,1245,0.0,4,無,ADIDASSTARTYOURRUN 慢跑鞋 GY9232 *基本款跑鞋、是專為女性的運動模式而設計、鞋跟可支撐每一次足部觸地、提供良好的穩定性能. *中底搭載 LIGHTMOTION 避震科技、在雙足觸地後能有效減緩地面給予雙足的衝擊力. *網布鞋面設計、搭配環保再生材質打造、不僅有效減輕鞋身重量、更加強雙足透氣機能性. *橡膠大底在抓地效果與耐磨效果上皆擁有良好的性能表現.,無,https://s1.myqr.com.tw/newshop/177/TypeGoods?type2=7945&type1=7946&type0=7948&pageIndex=0&goodId=48222,無,https://pshop.myqr.com.tw/qrssimage/GoodsImage/86/86536.jpg?93
GW9087,ADIDAS SUPERNOVA 2  慢跑鞋 GW9087,戶外與運動用品,運動鞋/戶外鞋,慢跑鞋,無,1990,0.0,3,無,ADIDASSUPERNOVA2 慢跑鞋 GW9087 SUPERNOVARISE 跑鞋 SUPERNOVA 跑步鞋、舒適超想像 無論是第一場馬拉松賽、還是在鄰裡街巷奔跑、這款 adidasSupernova 跑步鞋伴你舒適出發、自信開跑.跑步新手與老將皆宜、以匠心致敬精彩的跑程依人體工學設計、使用了 SUPPORTRODS 仿爪型結構支撐足底不同部位、讓步伐更加穩定.採用透氣網布鞋面、鞋舌和後跟加厚設計、Dreamstrike+ 中底腳感舒適、搭配實穿 Adiwear 大底以弧形設計、讓你有自在順暢的奔跑體驗.,無,https://s1.myqr.com.tw/newshop/177/TypeGoods?type2=7945&type1=7946&type0=7948&pageIndex=0&goodId=48212,無,https://pshop.myqr.com.tw/qrssimage/GoodsImage/92/92177.jpg?30
GZ6939,ADIDAS SUPERNOVA 2.0 女慢跑鞋 GZ6939,戶外與運動用品,運動鞋/戶外鞋,慢跑鞋,無,1990,0.0,2,無,工藝式網布鞋面彈力腳感 合成材質內裡橡膠大底 Boost 和 EVA 中底,無,https://s1.myqr.com.tw/newshop/177/TypeGoods?type2=7945&type1=7946&type0=7948&pageIndex=0&goodId=48211,無,https://pshop.myqr.com.tw/qrssimage/GoodsImage/92/92185.jpg?30
HQ9939,ADIDAS SUPERNOVA 2.0 男慢跑鞋 HQ9939,戶外與運動用品,運動鞋/戶外鞋,慢跑鞋,無,1990,0.0,9,無,ADIDASSUPERNOVA2.0 男慢跑鞋 HQ9939 工藝式網布鞋面彈力腳感 合成材質內裡橡膠大底 Boost 和 EVA 中底,無,https://s1.myqr.com.tw/newshop/177/TypeGoods?type2=7945&type1=7946&type0=7948&pageIndex=0&goodId=48210,無,https://pshop.myqr.com.tw/qrssimage/GoodsImage/92/92189.jpg?30
ID6306,ADIDAS SUPERNOVA GORE-TEX 跑鞋 ID6306?,戶外與運動用品,運動鞋/戶外鞋,慢跑鞋,無,2956,0.0,3,無,ADIDASSUPERNOVAGORE-TEX 跑鞋 ID6306 SupportRods 科技 Dreamstrike+ 中底 Adiwear 大底 *搭載 Gore-Tex 防水科技與透氣網布鞋面、提供舒適乾爽腳感. *鞋面採用可再生材質、不使用原生聚酯纖維. *中底 DreamstrikePlus 材質、讓雙腳在接觸地面時的衝擊能有效吸收. *輕量化設計、能有效減輕跑者負擔. *Continental 橡膠外底設計、提供良好的抓地效果與牽引力.,無,https://s1.myqr.com.tw/newshop/177/TypeGoods?type2=7945&type1=7946&type0=7948&pageIndex=0&goodId=48135,無,https://pshop.myqr.com.tw/qrssimage/GoodsImage/126/126142.jpg?13
IG8293,ADIDAS SUPERNOVA STRIDE 女款 運動跑鞋 IG8293,戶外與運動用品,運動鞋/戶外鞋,慢跑鞋,無,2490,0.0,12,無,ADIDASSUPERNOVASTRIDE 跑鞋 IG8293 助你舒適邁步的跑步鞋 穿上這款 adidas 跑步鞋、朝著目標躍步前行.搭載 Dreamstrike+ 中底、助你紮實踩地.前掌含別致設計、力求舒適一路相隨.採用網眼鞋面、更添舒爽感受;搭配 Adiwear 大底、實穿有型. 商品特色 &bull;一般版型 &bull;鞋帶設計 &bull;網眼布鞋面 &bull;織物襯裡 &bull;Dreamstrike+ 中底 &bull;Adiwear 大底 &bull;掌跟落差:10mm(鞋跟:34mm/24mm) &bull;重量:213g(尺寸:UK5.5),無,https://s1.myqr.com.tw/newshop/177/TypeGoods?type2=7945&type1=7946&type0=7948&pageIndex=0&goodId=48146,無,https://pshop.myqr.com.tw/qrssimage/GoodsImage/119/119606.jpeg?13
IG8319,ADIDAS SUPERNOVA STRIDE 男款 運動跑鞋 IG8319,戶外與運動用品,運動鞋/戶外鞋,慢跑鞋,無,2500,0.0,10,無,ADIDASSUPERNOVASTRIDE 男款運動跑鞋 IG8319 我們設計的 SupernovaStride 旨在為跑步者提供日常跑步所需的舒適性、支撐性和貼合性.Dreamstrike+ 超級泡沫是我們重新設計的超級泡沫、專門放置在前足、以提供支撐性的推出和最大的舒適度.為了完善舒適的中底、我們添加了支撐性 CarrierEVA、以確保您的過渡既動態又具有支撐性.SupernovaStride 採用由耐用橡膠製成的 Adiwear 外底、可在跑步者最需要的地方提供最佳牽引力、讓您充滿自信地跑步. 商品特色 &bull;一般版型 &bull;鞋帶設計 &bull;網眼布鞋面 &bull;織物襯裡 &bull;Dreamstrike+ 中底 &bull;Adiwear 大底 &bull;掌跟落差:10mm(鞋跟:34mm/24mm) &bull;重量:254g(尺寸:UK8.5),無,https://s1.myqr.com.tw/newshop/177/TypeGoods?type2=7945&type1=7946&type0=7948&pageIndex=0&goodId=48145,無,https://pshop.myqr.com.tw/qrssimage/GoodsImage/119/119616.jpg?49
IG8328,ADIDAS SUPERNOVA STRIDE 男款 運動跑鞋 IG8328,戶外與運動用品,運動鞋/戶外鞋,慢跑鞋,無,2956,0.0,14,無,ADIDASSUPERNOVASTRIDE 男款運動跑鞋 IG8328 我們設計的 SupernovaStride 旨在為跑步者提供日常跑步所需的舒適性、支撐性和貼合性.Dreamstrike+ 超級泡沫是我們重新設計的超級泡沫、專門放置在前足、以提供支撐性的推出和最大的舒適度.為了完善舒適的中底、我們添加了支撐性 CarrierEVA、以確保您的過渡既動態又具有支撐性.SupernovaStride 採用由耐用橡膠製成的 Adiwear 外底、可在跑步者最需要的地方提供最佳牽引力、讓您充滿自信地跑步. 商品特色 &bull;一般版型 &bull;鞋帶設計 &bull;網眼布鞋面 &bull;織物襯裡 &bull;Dreamstrike+ 中底 &bull;Adiwear 大底 &bull;掌跟落差:10mm(鞋跟:34mm/24mm) &bull;重量:254g(尺寸:UK8.5),無,https://s1.myqr.com.tw/newshop/177/TypeGoods?type2=7945&type1=7946&type0=7948&pageIndex=0&goodId=48144,無,https://pshop.myqr.com.tw/qrssimage/GoodsImage/119/119621.jpg?49
IG8291,ADIDAS SUPERNOVA STRIDE 跑鞋 IG8291,戶外與運動用品,運動鞋/戶外鞋,慢跑鞋,無,2490,0.0,9,無,ADIDASSUPERNOVASTRIDE 跑鞋 IG8291 助你舒適邁步的跑步鞋 穿上這款 adidas 跑步鞋、朝著目標躍步前行.搭載 Dreamstrike+ 中底、助你紮實踩地.前掌含別致設計、力求舒適一路相隨.採用網眼鞋面、更添舒爽感受;搭配 Adiwear 大底、實穿有型. 商品特色 &bull;一般版型 &bull;鞋帶設計 &bull;網眼布鞋面 &bull;織物襯裡 &bull;Dreamstrike+ 中底 &bull;Adiwear 大底 &bull;掌跟落差:10mm(鞋跟:34mm/24mm) &bull;重量:213g(尺寸:UK5.5),無,https://s1.myqr.com.tw/newshop/177/TypeGoods?type2=7945&type1=7946&type0=7948&pageIndex=0&goodId=48157,無,https://pshop.myqr.com.tw/qrssimage/GoodsImage/118/118069.jpg?49
IG8311,ADIDAS SUPERNOVA STRIDE 跑鞋 IG8311,戶外與運動用品,運動鞋/戶外鞋,慢跑鞋,無,2490,0.0,6,無,ADIDASSUPERNOVASTRIDE 跑鞋 IG8311 助你舒適邁步的跑步鞋 穿上這款 adidas 跑步鞋、朝著目標躍步前行.搭載 Dreamstrike+ 中底、助你紮實踩地.前掌含別致設計、力求舒適一路相隨.採用網眼布鞋面、更添舒爽感受;搭配 Adiwear 大底、實穿有型. 商品特色 &bull;一般版型 &bull;鞋帶設計 &bull;網眼布鞋面 &bull;織物襯裡 &bull;Dreamstrike+ 中底 &bull;Adiwear 大底 &bull;掌跟落差:10mm(鞋跟:34mm/24mm) &bull;重量:254g(尺寸:UK8.5),無,https://s1.myqr.com.tw/newshop/177/TypeGoods?type2=7945&type1=7946&type0=7948&pageIndex=0&goodId=48156,無,https://pshop.myqr.com.tw/qrssimage/GoodsImage/118/118070.jpg?33
IG8317,ADIDAS SUPERNOVA STRIDE 跑鞋 IG8317,戶外與運動用品,運動鞋/戶外鞋,慢跑鞋,無,2490,0.0,12,無,ADIDASSUPERNOVASTRIDE 跑鞋 IG8317 助你舒適邁步的跑步鞋 穿上這款 adidas 跑步鞋、朝著目標躍步前行.搭載 Dreamstrike+ 中底、助你紮實踩地.前掌含別致設計、力求舒適一路相隨.採用網眼布鞋面、更添舒爽感受;搭配 Adiwear 大底、實穿有型. 商品特色 &bull;一般版型 &bull;鞋帶設計 &bull;網眼布鞋面 &bull;織物襯裡 &bull;Dreamstrike+ 中底 &bull;Adiwear 大底 &bull;掌跟落差:10mm(鞋跟:34mm/24mm) &bull;重量:254g(尺寸:UK8.5),無,https://s1.myqr.com.tw/newshop/177/TypeGoods?type2=7945&type1=7946&type0=7948&pageIndex=0&goodId=48155,無,https://pshop.myqr.com.tw/qrssimage/GoodsImage/118/118076.jpg?68
GX1822,ADIDAS TERREX SOULSTRIDE FLOW TRAIL 慢跑鞋 GX1822,戶外與運動用品,運動鞋/戶外鞋,慢跑鞋,無,2490,0.0,8,無,ADIDASTERREXSOULSTRIDEFLOWTRAIL 慢跑鞋 GX1822 阿迪達斯 TerrexSoulstrideFlow 越野跑鞋非常適合在山地探險和探索新風景、因為它們為您提供舒適和緩衝的感覺、卓越的牽引力以及在岩石或泥濘地形中行走的安全性. 這些健行鞋採用 Continental 外底製成、其厚實的鞋釘可在所有類型的表面上提供出色的抓地力.它們包括 Repetitor 中底、提供出色的緩衝和輕便、而 Lightstrike 技術在每一步中提供穩定性和良好的支撐. 它們採用無縫網眼鞋面、穿著舒適、而合成細節則增加了它們在道路上的樹枝和灌木叢中的耐用性.這款登山運動鞋採用加固鞋舌、保護鞋頭、模塑鞋墊和傳統鞋帶. 從門口到小徑再返回、TERREXSOULSTRIDEFLOW 是您在更長的小徑冒險中收集里程的伙伴. 這款越野跑鞋採用輕盈 EVA 的枕頭狀緩衝墊、設計讓您保持運動. Continental&trade;橡膠外底在根部、岩石和泥土上增加了出色的抓地力、工程網眼鞋面提供最佳分區以實現透氣性、彈性和緊密貼合.,無,https://s1.myqr.com.tw/newshop/177/TypeGoods?type2=7945&type1=7946&type0=7948&pageIndex=0&goodId=48192,無,https://pshop.myqr.com.tw/qrssimage/GoodsImage/104/104368.jpg?68
GW5534,ADIDAS TERREX TRAILRIDER 越野跑鞋 GW5534,戶外與運動用品,運動鞋/戶外鞋,慢跑鞋,無,1690,0.0,3,無,ADIDASTERREXTRAILRIDER 越野跑鞋 GW5534 含有再生材質的輕量越野跑鞋 綁緊鞋帶、跑出新高度.這款 adidasTerrex 越野跑鞋專為在崎嶇路面上提供舒適和耐穿感受而設計.結合 Lightstrike 避震科技和防塵土擋片、自信征服崎嶇不平的路面.馬牌橡膠大底能在樹根、岩石、泥地和乾濕環境提供出色抓地力.合成表層提升耐磨性、鞋舌拼接設計則能隔絕沙塵、無論什麼地形都能自在暢動. 鞋帶設計 合成鞋面搭配 TPU 防護層 網布內裡 Lightstrike 避震科技 一體成形鞋舌設計 馬牌輪胎大底 鞋面採用超過 50% 的再生材質,無,https://s1.myqr.com.tw/newshop/177/TypeGoods?type2=7945&type1=7946&type0=7948&pageIndex=0&goodId=48225,無,https://pshop.myqr.com.tw/qrssimage/GoodsImage/84/84225.jpg?68
ID9401,ADIDAS ULTRABOUNCE TR W 慢跑鞋 ID9401,戶外與運動用品,運動鞋/戶外鞋,慢跑鞋,無,2196,0.0,3,無,緊密編織的網布鞋面 紡織襯裡、橡膠大底 輕量 Bounce 緩震系統,無,https://s1.myqr.com.tw/newshop/177/TypeGoods?type2=7945&type1=7946&type0=7948&pageIndex=0&goodId=48174,無,https://pshop.myqr.com.tw/qrssimage/GoodsImage/108/108187.jpg?5
ID9398,ADIDAS ULTRABOUNCE TR 慢跑鞋 ID9398,戶外與運動用品,運動鞋/戶外鞋,慢跑鞋,無,1990,0.0,5,無,緊密編織的網布鞋面 紡織襯裡 橡膠大底,無,https://s1.myqr.com.tw/newshop/177/TypeGoods?type2=7945&type1=7946&type0=7948&pageIndex=0&goodId=48177,無,https://pshop.myqr.com.tw/qrssimage/GoodsImage/107/107864.jpg?5
ID9399,ADIDAS ULTRABOUNCE TR 慢跑鞋 ID9399,戶外與運動用品,運動鞋/戶外鞋,慢跑鞋,無,1990,0.0,10,無,緊密編織的網布鞋面 紡織襯裡 橡膠大底,無,https://s1.myqr.com.tw/newshop/177/TypeGoods?type2=7945&type1=7946&type0=7948&pageIndex=0&goodId=48176,無,https://pshop.myqr.com.tw/qrssimage/GoodsImage/107/107868.jpg?88
HP5797,ADIDAS Ultrabounce 慢跑鞋 HP5797,戶外與運動用品,運動鞋/戶外鞋,慢跑鞋,無,2196,0.0,6,無,Bounce 避震材質 耐久橡膠大底 網布鞋面 / 網布內裡 含有再生材質的避震跑鞋,無,https://s1.myqr.com.tw/newshop/177/TypeGoods?type2=7945&type1=7946&type0=7948&pageIndex=0&goodId=48164,無,https://pshop.myqr.com.tw/qrssimage/GoodsImage/112/112189.jpg?88
IE0718,ADIDAS ULTRABOUNCE 慢跑鞋 IE0718,戶外與運動用品,運動鞋/戶外鞋,慢跑鞋,無,2196,0.0,4,無,這款 ADIDAS 跑鞋有助於跑出新高度.輕量 Bounce 避震材質提供舒適靈活腳感、可在跑步時維持活力.耐久橡膠大底能在各種地面發揮出色抓地力、便於自信邁步.,無,https://s1.myqr.com.tw/newshop/177/TypeGoods?type2=7945&type1=7946&type0=7948&pageIndex=0&goodId=48163,無,https://pshop.myqr.com.tw/qrssimage/GoodsImage/112/112523.jpg?24
GZ2575,ADIDAS VENTICE CLIMACOOL 慢跑鞋 GZ2575,戶外與運動用品,運動鞋/戶外鞋,慢跑鞋,無,1990,0.0,6,無,ADIDASVENTICECLIMACOOL 慢跑鞋 GZ2575 部分採用回收材料製成的透氣運動鞋. 這款厚底 adidas 運動鞋採用網布鞋面.非常適合在溫暖的日子裡親近大自然.柔軟、輕盈的布料讓空氣流通、保持足部涼爽.堅固的橡膠大底提供您從柏油路面切換到越野道路所需的牽引力.鞋面採用一系列回收材料製成、至少含有 50% 的回收成分.該產品只是我們幫助消除塑膠垃圾的解決方案之一. 透氣織布、舒適不悶熱 EVA 中底、輕量緩震 橡膠大底、耐磨止滑 透氣輕質網布鞋面 手感柔軟 紡織襯裡 橡膠大底 鞋面至少含有 50% 的回收成分,無,https://s1.myqr.com.tw/newshop/177/TypeGoods?type2=7945&type1=7946&type0=7948&pageIndex=0&goodId=48200,無,https://pshop.myqr.com.tw/qrssimage/GoodsImage/98/98571.jpg?24
HQ4166,ADIDAS VENTICE CLIMACOOL 慢跑鞋 HQ4166,戶外與運動用品,運動鞋/戶外鞋,慢跑鞋,無,1990,0.0,5,無,ADIDASVENTICECLIMACOOL 慢跑鞋 HQ4166 透氣織布、舒適不悶熱 EVA 中底、輕量緩震 橡膠大底、耐磨止滑 Bounce 緩震科技 搭配網布材質鞋面 足底在易磨區添加橡膠材質,無,https://s1.myqr.com.tw/newshop/177/TypeGoods?type2=7945&type1=7946&type0=7948&pageIndex=0&goodId=48197,無,https://pshop.myqr.com.tw/qrssimage/GoodsImage/99/99528.jpg?60
IE8827,ADIDAS 慢跑鞋 Runfalcon 5 W 女鞋 IE8827,戶外與運動用品,運動鞋/戶外鞋,慢跑鞋,無,1740,0.0,5,無,ADIDAS 慢跑鞋 Runfalcon5W 女鞋 IE8827 日常跑鞋只在幫助您跑得更遠. 從田徑場到跑步機、穿著這些阿迪達斯跑鞋朝著您的目標奔跑. 舒適的 Cloudfoam 中底從踏入那一刻起就感覺柔軟且具有支撐力. 專為日常生活及新手跑者打造的多功跑鞋 透氣機能網布材質設計鞋面 舒適且具彈性泡棉材質中底 中底以 CloudFoam 泡棉材質設計、提供舒適柔軟且具彈性的足感效果.,無,https://s1.myqr.com.tw/newshop/177/TypeGoods?type2=7945&type1=7946&type0=7948&pageIndex=0&goodId=48137,無,https://pshop.myqr.com.tw/qrssimage/GoodsImage/123/123502.jpg?60
IE8814,ADIDAS?慢跑鞋? 緩震 RUNFALCON 5 IE8814,戶外與運動用品,運動鞋/戶外鞋,慢跑鞋,無,1690,0.0,9,無,ADIDAS 慢跑鞋緩震 RUNFALCON5IE8814 日常跑鞋只在幫助您跑得更遠. 從田徑場到跑步機、穿著這些阿迪達斯跑鞋朝著您的目標奔跑. 舒適的 Cloudfoam 中底從踏入那一刻起就感覺柔軟且具有支撐力. 專為日常生活及新手跑者打造的多功跑鞋 透氣機能網布材質設計鞋面 舒適且具彈性泡棉材質中底 中底以 CloudFoam 泡棉材質設計、提供舒適柔軟且具彈性的足感效果.,無,https://s1.myqr.com.tw/newshop/177/TypeGoods?type2=7945&type1=7946&type0=7948&pageIndex=0&goodId=48139,無,https://pshop.myqr.com.tw/qrssimage/GoodsImage/123/123488.jpg?43
IE8815,ADIDAS?慢跑鞋? 緩震 RUNFALCON 5 IE8815,戶外與運動用品,運動鞋/戶外鞋,慢跑鞋,無,1740,0.0,7,無,ADIDAS 慢跑鞋緩震 RUNFALCON5IE8815 日常跑鞋只在幫助您跑得更遠. 從田徑場到跑步機、穿著這些阿迪達斯跑鞋朝著您的目標奔跑. 舒適的 Cloudfoam 中底從踏入那一刻起就感覺柔軟且具有支撐力. 專為日常生活及新手跑者打造的多功跑鞋 透氣機能網布材質設計鞋面 舒適且具彈性泡棉材質中底 中底以 CloudFoam 泡棉材質設計、提供舒適柔軟且具彈性的足感效果.,無,https://s1.myqr.com.tw/newshop/177/TypeGoods?type2=7945&type1=7946&type0=7948&pageIndex=0&goodId=48138,無,https://pshop.myqr.com.tw/qrssimage/GoodsImage/123/123495.jpg?43
HQ3452041,NIKE AIR ZOOM PEGASUS 男款 慢跑鞋 HQ3452-041,戶外與運動用品,運動鞋/戶外鞋,慢跑鞋,無,3240,0.0,12,無,NIKEAIRZOOMPEGASUS 男款慢跑鞋 HQ3452-041 Nike 跑步系列中最穩定的鞋款 前足 ZoomAir 氣墊靈敏緩震 加強包覆性提升支撐貼合度,無,https://s1.myqr.com.tw/newshop/177/TypeGoods?type2=7945&type1=7946&type0=7948&pageIndex=0&goodId=48117,無,https://pshop.myqr.com.tw/qrssimage/GoodsImage/129/129589.jpg?79
FD6033105,NIKE Quest 6 男款 透氣 緩震 慢跑鞋 FD6033-105,戶外與運動用品,運動鞋/戶外鞋,慢跑鞋,無,2138,0.0,5,無,NIKEQuest6 男款透氣緩震慢跑鞋 FD6033-105 *鞋面使用網布材質設計、不僅有效減輕鞋身重量、更加強雙足透氣機能性、使雙足時刻保持乾爽舒適. *與前一代相比、加厚泡棉中底設計可提供更好的柔軟回彈效果、有效減緩地面給予雙足的衝擊力. *多紋式橡膠大底在抓地效果與耐磨效果上擁有絕佳的性能表現. *中足貼合帶設計、加強腳背的包覆效果、確保雙足在鞋內不易產生滑動.,無,https://s1.myqr.com.tw/newshop/177/TypeGoods?type2=7945&type1=7946&type0=7948&pageIndex=0&goodId=48113,無,https://pshop.myqr.com.tw/qrssimage/GoodsImage/130/130484.jpg?79
FD2723009,Nike Wmns Air Zoom Pegasus 41 女款?慢跑鞋 FD2723-009,戶外與運動用品,運動鞋/戶外鞋,慢跑鞋,無,3249,0.0,6,無,NikeWmnsAirZoomPegasus41 女款慢跑鞋 FD2723-009 *中底搭載 ZoomAir 氣墊與 ReactX 泡棉材質、打造更好的回彈性與柔軟腳感、在雙足觸地時給予絕佳的緩震足感. *ReactX 泡棉專為降低碳足跡而打造、兼顧運動機能並達到永續保護地球. *鞋面升級網布設計、大幅減輕鞋身重量更加強雙足的透氣機能性、使雙足時刻保持涼爽透氣不悶熱. *大底增加凹槽設計、在步伐轉換時提供雙足更大的牽引力與靈活性. *華夫格紋的設計提供良好的抓地力與耐磨效果、且鏤空的部分減輕鞋底的重量.,無,https://s1.myqr.com.tw/newshop/177/TypeGoods?type2=7945&type1=7946&type0=7948&pageIndex=0&goodId=48115,無,https://pshop.myqr.com.tw/qrssimage/GoodsImage/129/129947.jpg?63
FD2723107,Nike Wmns Air Zoom Pegasus 41 女款?慢跑鞋 FD2723-107,戶外與運動用品,運動鞋/戶外鞋,慢跑鞋,無,3249,0.0,9,無,NikeWmnsAirZoomPegasus41 女款慢跑鞋 FD2723-107 Pegasus 的靈敏緩震機能、為日常路跑打造勁跑體驗.體驗雙 AirZoom 氣墊和 ReactX 泡棉中底帶來的輕量級能量回傳效果.鞋面採用改版機能網布、可減輕重量並提升透氣性. 主要特色 透氣機能網布鞋面再升級 ReactX 泡棉中底包覆前足與鞋跟處的 AirZoom 氣墊、締造勁跑體驗. 經典鬆餅格紋橡膠外底、兼具抓地力和彈性 柔軟鞋領、鞋舌與鞋墊、穩固舒適貼合 全新亮點嶄新的 ReactX 泡棉中底、靈敏度優於先前的 React 技術. NikeReactX 泡棉是專為降低碳足跡而精心打造、兼顧運動機能並以保護地球為理念.透過簡化製程、中底碳足跡明顯較前款 NikeReact 泡棉降低至少 43%.ReactX 的碳足跡是根據 PR&eacute;SustainabilityB.V 和中國 Intertek 所做的「從搖籃到大門」(cradle-to-gate)評估審查結果得知.其他中底組件如氣墊、墊片或其他泡棉配方並未考量在內.,無,https://s1.myqr.com.tw/newshop/177/TypeGoods?type2=7945&type1=7946&type0=7948&pageIndex=0&goodId=48114,無,https://pshop.myqr.com.tw/qrssimage/GoodsImage/129/129952.jpg?63
HQ3255043,NIKE Zoom Vomero 5 女款大童 慢跑鞋 HQ3255-043,戶外與運動用品,運動鞋/戶外鞋,慢跑鞋,無,3677,0.0,12,無,NIKEZoomVomero5 女款大童慢跑鞋 HQ3255-043 商品特色 中底搭載全腳掌 Chshlon 採用網眼、皮革以及塑料構成多層次鞋面 BRS1000 橡膠大底,無,https://s1.myqr.com.tw/newshop/177/TypeGoods?type2=7945&type1=7946&type0=7948&pageIndex=0&goodId=48116,無,https://pshop.myqr.com.tw/qrssimage/GoodsImage/129/129606.jpg?98
IF4980,ADIDAS TERREX UNITY?皮革登山靴 IF4980,戶外與運動用品,運動鞋/戶外鞋,登山鞋,無,2500,0.0,19,無,冬天到戶外感受大自然的美.當天氣變冷時、ADIDASTERREXUNITY 登山靴會讓您的雙腳保持溫暖、讓您可以走得更遠.採用 PrimaLoft&reg;隔熱材料的 COLD.RDY 即使在潮濕天氣也能提供溫暖.它們輕巧且具有緩衝功能、採用 Traxion 外底和正絨面革鞋面、打造經典的旅行外觀.,無,https://s1.myqr.com.tw/newshop/177/TypeGoods?type2=7945&type1=7946&type0=7954&pageIndex=0&goodId=48454,無,https://pshop.myqr.com.tw/qrssimage/GoodsImage/108/108199.jpg?98
ID6305,adidas 防水慢跑鞋 Supernova W GTX 女反光 Gore-Tex? ID6305,戶外與運動用品,運動鞋/戶外鞋,登山鞋,無,2956,0.0,7,無,adidas 防水慢跑鞋 SupernovaWGTX 女反光 Gore-TexID6305 *中底搭載 Boost 和 Bounce 緩震科技、提供雙足舒適柔軟且具彈性的緩震效果、有效減緩地面給予雙足的衝擊力. *鞋面採網布材質搭載 GoreTex 防水科技、不僅有效減輕鞋身重量、更加強雙足乾爽透氣機能性. *部分材質使用環保原料製成、實現環保主張. *鞋面添加反光材質設定、提升人員夜晚的被辨識度與安全性.,無,https://s1.myqr.com.tw/newshop/177/TypeGoods?type2=7945&type1=7946&type0=7954&pageIndex=0&goodId=48453,無,https://pshop.myqr.com.tw/qrssimage/GoodsImage/125/125161.jpg?98
ML036899,MERRELL ALVERSTONE 2 GORE-TEXR 登山健走鞋 ML036899,戶外與運動用品,運動鞋/戶外鞋,登山鞋,無,3424,0.0,8,無,&bull;GORE-TEX&reg;襪套式防水結構 - 防水透氣保持乾爽 &bull;真皮和透氣網布鞋面 &bull;風箱式鞋舌 - 防止碎石沙子進入 &bull;橡膠鞋頭保護片 &bull;100% 環境友善透氣網布內裡 &bull;100% 環境友善鞋墊網布、NXT 生物抑菌技術、能抑制異味產生 &bull;50% 環境友善可拆式 EVA 泡綿鞋墊 &bull;尼龍足弓穩定片 &bull;AirCushion 內嵌式避震墊片、幫助穩定足部 &bull;輕量 EVA 中底、提供穩定性和舒適性 &bull;4mm 刻紋搭配 GRIP 耐磨抓地系統、在任何需要活動地方鞋底刻紋更具抓地力 &bull;重量:男 405g(單腳)/ 女 345g(單腳),無,https://s1.myqr.com.tw/newshop/177/TypeGoods?type2=7945&type1=7946&type0=7954&pageIndex=0&goodId=48395,無,https://pshop.myqr.com.tw/qrssimage/GoodsImage/106/106654.jpg?35
ML036905,MERRELL ALVERSTONE 2 GORE-TEXR 登山健走鞋 ML036905,戶外與運動用品,運動鞋/戶外鞋,登山鞋,無,3424,0.0,6,無,&bull;GORE-TEX&reg;襪套式防水結構 - 防水透氣保持乾爽 &bull;真皮和透氣網布鞋面 &bull;風箱式鞋舌 - 防止碎石沙子進入 &bull;橡膠鞋頭保護片 &bull;100% 環境友善透氣網布內裡 &bull;100% 環境友善鞋墊網布、NXT 生物抑菌技術、能抑制異味產生 &bull;50% 環境友善可拆式 EVA 泡綿鞋墊 &bull;尼龍足弓穩定片 &bull;AirCushion 內嵌式避震墊片、幫助穩定足部 &bull;輕量 EVA 中底、提供穩定性和舒適性 &bull;4mm 刻紋搭配 GRIP 耐磨抓地系統、在任何需要活動地方鞋底刻紋更具抓地力 &bull;重量:男 405g(單腳)/ 女 345g(單腳),無,https://s1.myqr.com.tw/newshop/177/TypeGoods?type2=7945&type1=7946&type0=7954&pageIndex=0&goodId=48404,無,https://pshop.myqr.com.tw/qrssimage/GoodsImage/99/99787.jpg?35
ML037038,MERRELL ALVERSTONE 2 GORE-TEXR 登山健走鞋 ML037038,戶外與運動用品,運動鞋/戶外鞋,登山鞋,無,2560,0.0,1,無,&bull;GORE-TEX&reg;襪套式防水結構 - 防水透氣保持乾爽 &bull;真皮和透氣網布鞋面 &bull;風箱式鞋舌 - 防止碎石沙子進入 &bull;橡膠鞋頭保護片 &bull;100% 環境友善透氣網布內裡 &bull;100% 環境友善鞋墊網布、NXT 生物抑菌技術、能抑制異味產生 &bull;50% 環境友善可拆式 EVA 泡綿鞋墊 &bull;尼龍足弓穩定片 &bull;AirCushion 內嵌式避震墊片、幫助穩定足部 &bull;輕量 EVA 中底、提供穩定性和舒適性 &bull;4mm 刻紋搭配 GRIP 耐磨抓地系統、在任何需要活動地方鞋底刻紋更具抓地力 &bull;重量:男 405g(單腳)/ 女 345g(單腳),無,https://s1.myqr.com.tw/newshop/177/TypeGoods?type2=7945&type1=7946&type0=7954&pageIndex=0&goodId=48409,無,https://pshop.myqr.com.tw/qrssimage/GoodsImage/99/99383.jpg?19
ML037321,MERRELL ALVERSTONE 2 GORE-TEXR 登山健走鞋 ML037321,戶外與運動用品,運動鞋/戶外鞋,登山鞋,無,3424,0.0,19,無,&bull;GORE-TEX&reg;襪套式防水結構 - 防水透氣保持乾爽 &bull;真皮和透氣網布鞋面 &bull;風箱式鞋舌 - 防止碎石沙子進入 &bull;橡膠鞋頭保護片 &bull;100% 環境友善透氣網布內裡 &bull;100% 環境友善鞋墊網布、NXT 生物抑菌技術、能抑制異味產生 &bull;50% 環境友善可拆式 EVA 泡綿鞋墊 &bull;尼龍足弓穩定片 &bull;AirCushion 內嵌式避震墊片、幫助穩定足部 &bull;輕量 EVA 中底、提供穩定性和舒適性 &bull;4mm 刻紋搭配 GRIP 耐磨抓地系統、在任何需要活動地方鞋底刻紋更具抓地力 &bull;重量:男 405g(單腳)/ 女 345g(單腳),無,https://s1.myqr.com.tw/newshop/177/TypeGoods?type2=7945&type1=7946&type0=7954&pageIndex=0&goodId=48394,無,https://pshop.myqr.com.tw/qrssimage/GoodsImage/106/106658.jpg?19
ML037548,MERRELL Alverstone 2 GTX 女款 防水健行 登山鞋 珊瑚紅 ML037548,戶外與運動用品,運動鞋/戶外鞋,登山鞋,無,3424,0.0,7,無,MERRELLAlverstone2GTX 女款防水健行登山鞋珊瑚紅 ML037548 *GORE-TEX 襪套式防水結構:防水透氣、幫助雙腳保持乾爽. *抗撕裂網布 /TPU 鞋面. *再生網布透氣內裡 / 鞋帶. *TPU 鞋頭保護片. *加厚鞋領口、給予腳踝更多保護與緩衝. *可拆式 EVA 鞋墊、提供彈性和透氣性. *Rockplate 防護片給予腳掌全方位保護. *FloatPro 羽量級中底、減輕鞋身重量、反應更靈敏. *4mm 刻紋搭配百分之三十再生 VibramEcoDura 黃金大底.,無,https://s1.myqr.com.tw/newshop/177/TypeGoods?type2=7945&type1=7946&type0=7954&pageIndex=0&goodId=48367,無,https://pshop.myqr.com.tw/qrssimage/GoodsImage/131/131262.jpg?54
ML037609,MERRELL Alverstone 2 GTX 防水 健行 登山鞋 ML037609,戶外與運動用品,運動鞋/戶外鞋,登山鞋,無,3424,0.0,6,無,GORE-TEX&reg;襪套式防水結構 - 防水透氣保持乾爽 真皮和透氣網布鞋面 風箱式鞋舌 - 防止碎石沙子進入 橡膠鞋頭保護片 百分之百環境友善透氣網布內裡 百分之百環境友善鞋墊網布、NXT 生物抑菌技術、能抑制異味產生 百分之五十環境友善可拆式 EVA 鞋墊 尼龍足弓穩定片 AirCushion 內嵌式避震墊片、幫助穩定足部 輕量 EVA 中底、提供穩定性和舒適性 4mm 刻紋搭配 GRIP 耐磨抓地系統、在任何需要活動地方鞋底刻紋更具抓地力,無,https://s1.myqr.com.tw/newshop/177/TypeGoods?type2=7945&type1=7946&type0=7954&pageIndex=0&goodId=48387,無,https://pshop.myqr.com.tw/qrssimage/GoodsImage/115/115659.jpg?54
ML037958,MERRELL Alverstone 2 GTX 防水 健行 登山鞋 ML037958,戶外與運動用品,運動鞋/戶外鞋,登山鞋,無,3424,0.0,5,無,GORE-TEX&reg;襪套式防水結構 - 防水透氣保持乾爽 真皮和透氣網布鞋面 風箱式鞋舌 - 防止碎石沙子進入 橡膠鞋頭保護片 百分之百環境友善透氣網布內裡 百分之百環境友善鞋墊網布、NXT 生物抑菌技術、能抑制異味產生 百分之五十環境友善可拆式 EVA 鞋墊 尼龍足弓穩定片 AirCushion 內嵌式避震墊片、幫助穩定足部 輕量 EVA 中底、提供穩定性和舒適性 4mm 刻紋搭配 GRIP 耐磨抓地系統、在任何需要活動地方鞋底刻紋更具抓地力,無,https://s1.myqr.com.tw/newshop/177/TypeGoods?type2=7945&type1=7946&type0=7954&pageIndex=0&goodId=48386,無,https://pshop.myqr.com.tw/qrssimage/GoodsImage/115/115663.jpg?90
ML037517,MERRELL Alverstone 2 GTX 防水 健行 登山鞋 土狼色 ML037517,戶外與運動用品,運動鞋/戶外鞋,登山鞋,無,4544,0.0,7,無,MERRELLAlverstone2GTX 防水健行登山鞋土狼色 ML037517 *GORE-TEX 襪套式防水結構:防水透氣、幫助雙腳保持乾爽. *抗撕裂網布 /TPU 鞋面. *再生網布透氣內裡 / 鞋帶. *TPU 鞋頭保護片. *加厚鞋領口、給予腳踝更多保護與緩衝. *可拆式 EVA 鞋墊、提供彈性和透氣性. *Rockplate 防護片給予腳掌全方位保護. *FloatPro 羽量級中底、減輕鞋身重量、反應更靈敏. *4mm 刻紋搭配百分之三十再生 VibramEcoDura 黃金大底.,無,https://s1.myqr.com.tw/newshop/177/TypeGoods?type2=7945&type1=7946&type0=7954&pageIndex=0&goodId=48383,無,https://pshop.myqr.com.tw/qrssimage/GoodsImage/117/117353.jpg?90
ML037515,MERRELL Alverstone 2 GTX 防水 健行 登山鞋 瀝青灰 ML037515,戶外與運動用品,運動鞋/戶外鞋,登山鞋,無,4544,0.0,8,無,MERRELLAlverstone2GTX 防水健行登山鞋瀝青灰 ML037515 *GORE-TEX 襪套式防水結構:防水透氣、幫助雙腳保持乾爽. *抗撕裂網布 /TPU 鞋面. *再生網布透氣內裡 / 鞋帶. *TPU 鞋頭保護片. *加厚鞋領口、給予腳踝更多保護與緩衝. *可拆式 EVA 鞋墊、提供彈性和透氣性. *Rockplate 防護片給予腳掌全方位保護. *FloatPro 羽量級中底、減輕鞋身重量、反應更靈敏. *4mm 刻紋搭配百分之三十再生 VibramEcoDura 黃金大底.,無,https://s1.myqr.com.tw/newshop/177/TypeGoods?type2=7945&type1=7946&type0=7954&pageIndex=0&goodId=48384,無,https://pshop.myqr.com.tw/qrssimage/GoodsImage/117/117348.jpg?90
ML135208,MERRELL ALVERSTONE MID GTX 女 登山鞋 ML135208,戶外與運動用品,運動鞋/戶外鞋,登山鞋,無,2490,0.0,3,無,MERRELLALVERSTONEMIDGTX 女登山鞋 ML135208 *Gore-Tex 襪套式防水結構 - 防水透氣保持乾爽. *麂皮 / 網布鞋面. *透氣網布內裡. *風箱式鞋舌 - 防止碎石沙子進入. *橡膠鞋頭保護片. *FRESH 抗菌防臭功能、讓運動的腳更清爽舒適. *KineticFitAdvanced 支撐鞋墊、增加鞋足弓和後跟支撐和避震. *AirCushion 內嵌式避震氣墊、幫助穩定足部. *EVA 中底、提供穩定性和舒適性. *尼龍足弓穩定片. *5mm 刻紋搭配 GRIP 耐磨抓地系統 - 在任何需要活動的地方、鞋底刻紋更具抓地力.,無,https://s1.myqr.com.tw/newshop/177/TypeGoods?type2=7945&type1=7946&type0=7954&pageIndex=0&goodId=48439,無,https://pshop.myqr.com.tw/qrssimage/GoodsImage/83/83653.jpg?73
ML135443,MERRELL ALVERSTONE MID GTX 男 登山鞋 ML135443,戶外與運動用品,運動鞋/戶外鞋,登山鞋,無,2490,0.0,2,無,MERRELLALVERSTONEMIDGTX 男登山鞋 ML135443 *Gore-Tex 襪套式防水結構 - 防水透氣保持乾爽. *麂皮 / 網布鞋面. *透氣網布內裡. *風箱式鞋舌 - 防止碎石沙子進入. *橡膠鞋頭保護片. *FRESH 抗菌防臭功能、讓運動的腳更清爽舒適. *KineticFitAdvanced 支撐鞋墊、增加鞋足弓和後跟支撐和避震. *AirCushion 內嵌式避震氣墊、幫助穩定足部. *EVA 中底、提供穩定性和舒適性. *尼龍足弓穩定片. *5mm 刻紋搭配 GRIP 耐磨抓地系統 - 在任何需要活動的地方、鞋底刻紋更具抓地力.,無,https://s1.myqr.com.tw/newshop/177/TypeGoods?type2=7945&type1=7946&type0=7954&pageIndex=0&goodId=48438,無,https://pshop.myqr.com.tw/qrssimage/GoodsImage/83/83657.jpg?73
ML135445,MERRELL ALVERSTONE MID GTX 男 登山鞋 ML135445,戶外與運動用品,運動鞋/戶外鞋,登山鞋,無,2490,0.0,2,無,MERRELLALVERSTONEMIDGTX 男登山鞋 ML135445 *Gore-Tex 襪套式防水結構 - 防水透氣保持乾爽. *麂皮 / 網布鞋面. *透氣網布內裡. *風箱式鞋舌 - 防止碎石沙子進入. *橡膠鞋頭保護片. *FRESH 抗菌防臭功能、讓運動的腳更清爽舒適. *KineticFitAdvanced 支撐鞋墊、增加鞋足弓和後跟支撐和避震. *AirCushion 內嵌式避震氣墊、幫助穩定足部. *EVA 中底、提供穩定性和舒適性. *尼龍足弓穩定片. *5mm 刻紋搭配 GRIP 耐磨抓地系統 - 在任何需要活動的地方、鞋底刻紋更具抓地力.,無,https://s1.myqr.com.tw/newshop/177/TypeGoods?type2=7945&type1=7946&type0=7954&pageIndex=0&goodId=48437,無,https://pshop.myqr.com.tw/qrssimage/GoodsImage/83/83661.jpg?10
ML067816,MERRELL ANTORA 3 GORE-TEX防水輕量越野健行鞋 ML067816,戶外與運動用品,運動鞋/戶外鞋,登山鞋,無,3980,0.0,4,無,&bull;GORE-TEX&reg;襪套式防水結構 - 防水透氣保持乾爽 &bull;透氣網布和 TPU 鞋面 &bull;100% 環境友善鞋帶及後吊織帶 &bull;加厚鞋領口、給予更多保護與緩衝. &bull;100% 環境友善透氣網布內裡 &bull;100% 環境友善鞋墊網布、NXT 生物抑菌技術、能抑制異味產生 &bull;50% 環境友善可拆式 EVA 鞋墊 &bull;Rockplate 防護片、給予腳掌全方位保護 &bull;SRCEVA 中底、提供長時間的支撐 &bull;4mmVibram&reg;TC5+ 黃金大底 &bull;Vegan-Friendly 沒有使用任何動物原料或動物測試的相關行為,無,https://s1.myqr.com.tw/newshop/177/TypeGoods?type2=7945&type1=7946&type0=7954&pageIndex=0&goodId=48397,無,https://pshop.myqr.com.tw/qrssimage/GoodsImage/105/105493.jpg?10
ML037342,MERRELL Antora 3 GTX 登山越野鞋 ML037342,戶外與運動用品,運動鞋/戶外鞋,登山鞋,無,3980,0.0,8,無,Gore-Tex 透氣防水結構 FloatProFoam 緩震中底 VibramTC5 橡膠大底,無,https://s1.myqr.com.tw/newshop/177/TypeGoods?type2=7945&type1=7946&type0=7954&pageIndex=0&goodId=48399,無,https://pshop.myqr.com.tw/qrssimage/GoodsImage/105/105000.jpg?93
ML037033,MERRELL MOAB 3  MID GORE-TEX 登山鞋 ML037033,戶外與運動用品,運動鞋/戶外鞋,登山鞋,無,4224,0.0,4,無,專利 Vibram 黃金鞋底 GORE-TEX 防水透氣內襯 風箱式鞋舌防止碎石沙子進入,無,https://s1.myqr.com.tw/newshop/177/TypeGoods?type2=7945&type1=7946&type0=7954&pageIndex=0&goodId=48415,無,https://pshop.myqr.com.tw/qrssimage/GoodsImage/99/99176.jpg?93
ML037035,MERRELL MOAB 3  MID GORE-TEX 登山鞋 ML037035,戶外與運動用品,運動鞋/戶外鞋,登山鞋,無,3990,0.0,1,無,專利 Vibram 黃金鞋底 GORE-TEX 防水透氣內襯 風箱式鞋舌防止碎石沙子進入,無,https://s1.myqr.com.tw/newshop/177/TypeGoods?type2=7945&type1=7946&type0=7954&pageIndex=0&goodId=48414,無,https://pshop.myqr.com.tw/qrssimage/GoodsImage/99/99180.jpg?29
ML037204,MERRELL MOAB 3  MID GORE-TEX 登山鞋 ML037204,戶外與運動用品,運動鞋/戶外鞋,登山鞋,無,4224,0.0,5,無,專利 Vibram 黃金鞋底 GORE-TEX 防水透氣內襯 風箱式鞋舌防止碎石沙子進入,無,https://s1.myqr.com.tw/newshop/177/TypeGoods?type2=7945&type1=7946&type0=7954&pageIndex=0&goodId=48413,無,https://pshop.myqr.com.tw/qrssimage/GoodsImage/99/99184.jpg?29
ML037206,MERRELL MOAB 3  MID GORE-TEX 登山鞋 ML037206,戶外與運動用品,運動鞋/戶外鞋,登山鞋,無,3190,0.0,1,無,專利 Vibram 黃金鞋底 GORE-TEX 防水透氣內襯 風箱式鞋舌防止碎石沙子進入,無,https://s1.myqr.com.tw/newshop/177/TypeGoods?type2=7945&type1=7946&type0=7954&pageIndex=0&goodId=48412,無,https://pshop.myqr.com.tw/qrssimage/GoodsImage/99/99188.jpg?65
ML035799,MERRELL MOAB 3 GORE-TEX 登山健走鞋 ML035799,戶外與運動用品,運動鞋/戶外鞋,登山鞋,無,3984,0.0,7,無,搭載襪套式 Gore-Tex 透氣防水結構、有助面對變化多端的氣候、時刻保持雙足乾爽透氣. 風箱式鞋舌設計、可防止小碎石進入腳內. 真皮加網布鞋面. 鞋頭處添加橡膠保護片、保護趾部不被崎嶇路型所傷. KineticFitAdvanced 支撐 EVA 鞋墊、增強足弓與後跟支撐和避震. AirCushion 內嵌式避震墊片、幫助穩定足部. 5mm 刻紋搭配 VibramTC5 橡膠大底.,無,https://s1.myqr.com.tw/newshop/177/TypeGoods?type2=7945&type1=7946&type0=7954&pageIndex=0&goodId=48392,無,https://pshop.myqr.com.tw/qrssimage/GoodsImage/108/108640.jpg?65
ML035799W,MERRELL MOAB 3 GORE-TEX 登山健走鞋 ML035799W,戶外與運動用品,運動鞋/戶外鞋,登山鞋,無,4224,0.0,28,無,高品質皮面與透氣網布鞋面、質感與機能兼具、穩定舒適的健行鞋滿足任何挑戰. GORE-TEX 布料是防水等級最高的布種、它也是最耐磨與耐用度最高的布料、它的薄膜上有 90 億個微細孔.而水珠比這些微細孔大 2 萬倍、在狂風暴雨下仍可抵抗水滴的進入、做到 100% 絕對防水、是專業登山鞋款的必備材質. KineticFit&trade;Advanced 支撐 EVA 鞋墊、增強足弓與後跟支撐和避震. MERRELL 專利的內嵌式氣墊避震氣墊、能吸收來自下腳時所承受的衝擊力、同時將此力道轉換成下一步伐所需動力. 輕量 EVA 中底、提供穩定性和舒適性. 5mm 刻紋搭配 Vibram&reg;TC5+ 橡膠大底、抓地力強、耐磨度高、適合各種戶外崎嶇地形.,無,https://s1.myqr.com.tw/newshop/177/TypeGoods?type2=7945&type1=7946&type0=7954&pageIndex=0&goodId=48442,無,https://pshop.myqr.com.tw/qrssimage/GoodsImage/79/79486.jpg?49
ML036253,MERRELL Moab 3 Gore-Tex 登山鞋 ML036253,戶外與運動用品,運動鞋/戶外鞋,登山鞋,無,3984,0.0,8,無,MERRELLMoab3Gore-Tex 登山鞋 ML036253 &bull;GORE-TEX&reg;襪套式防水結構、具有卓越的透氣性和防水性能 &bull;麂皮 + 透氣網布鞋面 &bull;風箱式鞋舌、防止碎石沙子進入鞋內 &bull;耐磨橡膠鞋跟和鞋頭保護區塊、提供額外保護 &bull;透氣網布內裡 &bull;KineticFit&trade;ADVANCED 可拆式立體鞋墊、加強腳跟緩震、並提供中足支撐 &bull;AirCushion 內嵌式避震墊片、幫助穩定足部 &bull;尼龍足弓穩定片 &bull;SRC 高性能 EVA 中底、提供緩震效果及長時間的支撐 &bull;Vibram&reg;TC5+ 橡膠大底、專為 Merrell 設計、提供優異的戶外多種運動活動抓地力 &bull;5mm 刻痕深度 &bull;鞋帶、織帶、內裡網布採用 100% 回收再生材質 &bull;重量:男 920g(雙腳),無,https://s1.myqr.com.tw/newshop/177/TypeGoods?type2=7945&type1=7946&type0=7954&pageIndex=0&goodId=48446,無,https://pshop.myqr.com.tw/qrssimage/GoodsImage/75/75059.jpg?49
ML036324,MERRELL MOAB 3 GORE-TEX 登山鞋 ML036324,戶外與運動用品,運動鞋/戶外鞋,登山鞋,無,3984,0.0,12,無,高品質皮面與透氣網布鞋面、質感與機能兼具、穩定舒適的健行鞋滿足任何挑戰. GORE-TEX 布料是防水等級最高的布種、它也是最耐磨與耐用度最高的布料、它的薄膜上有 90 億個微細孔.而水珠比這些微細孔大 2 萬倍、在狂風暴雨下仍可抵抗水滴的進入、做到 100% 絕對防水、是專業登山鞋款的必備材質. KineticFit&trade;Advanced 支撐 EVA 鞋墊、增強足弓與後跟支撐和避震. MERRELL 專利的內嵌式氣墊避震氣墊、能吸收來自下腳時所承受的衝擊力、同時將此力道轉換成下一步伐所需動力. 輕量 EVA 中底、提供穩定性和舒適性. 5mm 刻紋搭配 Vibram&reg;TC5+ 橡膠大底、抓地力強、耐磨度高、適合各種戶外崎嶇地形.,無,https://s1.myqr.com.tw/newshop/177/TypeGoods?type2=7945&type1=7946&type0=7954&pageIndex=0&goodId=48445,無,https://pshop.myqr.com.tw/qrssimage/GoodsImage/75/75063.jpg?84
ML036263W,MERRELL MOAB 3 GORE-TEX 寬楦 登山健走鞋 ML036263W,戶外與運動用品,運動鞋/戶外鞋,登山鞋,無,4264,0.0,12,無,搭載襪套式 Gore-Tex 透氣防水結構、有助面對變化多端的氣候、時刻保持雙足乾爽透氣. 風箱式鞋舌設計、可防止小碎石進入腳內. 寬楦頭設計、適合寬腳板使用者、若為一般腳型建議選購小半號、腳寬者選購原尺寸即可. 真皮加網布鞋面. 鞋頭處添加橡膠保護片、保護趾部不被崎嶇路型所傷. KineticFitAdvanced 支撐 EVA 鞋墊、增強足弓與後跟支撐和避震. AirCushion 內嵌式避震墊片、幫助穩定足部. 5mm 刻紋搭配 VibramTC5 橡膠大底.,無,https://s1.myqr.com.tw/newshop/177/TypeGoods?type2=7945&type1=7946&type0=7954&pageIndex=0&goodId=48391,無,https://pshop.myqr.com.tw/qrssimage/GoodsImage/108/108642.jpg?21
ML037025,MERRELL MOAB 3 GORE-TEXR 登山健走鞋 ML037025,戶外與運動用品,運動鞋/戶外鞋,登山鞋,無,3984,0.0,8,無,&bull;GORE-TEX&reg;襪套式防水結構 - 防水透氣保持乾爽. &bull;真皮 + 網布鞋面. &bull;再生透氣網布內裡 + 鞋帶. &bull;風箱式鞋舌 - 防止碎石沙子進入. &bull;橡膠鞋頭保護片. &bull;KineticFit&trade;Advanced 支撐 EVA 鞋墊、增強足弓與後跟支撐和避震. &bull;尼龍足弓穩定片. &bull;AirCushion 內嵌式避震墊片、幫助穩定足部. &bull;輕量 EVA 中底、提供穩定性和舒適性. &bull;5mm 刻紋搭配 Vibram&reg;TC5+ 橡膠大底. &bull;重量:男 460g(單腳)/ 女 370g(單腳),無,https://s1.myqr.com.tw/newshop/177/TypeGoods?type2=7945&type1=7946&type0=7954&pageIndex=0&goodId=48411,無,https://pshop.myqr.com.tw/qrssimage/GoodsImage/99/99375.jpg?21
ML037749,MERRELL MOAB 3 GORE-TEXR 登山鞋 ML037749,戶外與運動用品,運動鞋/戶外鞋,登山鞋,無,3984,0.0,15,無,&bull;GORE-TEX&reg;襪套式防水結構 - 防水透氣保持乾爽. &bull;真皮 + 網布鞋面. &bull;再生透氣網布內裡 + 鞋帶. &bull;風箱式鞋舌 - 防止碎石沙子進入. &bull;橡膠鞋頭保護片. &bull;KineticFit&trade;Advanced 支撐 EVA 鞋墊、增強足弓與後跟支撐和避震. &bull;尼龍足弓穩定片. &bull;AirCushion 內嵌式避震墊片、幫助穩定足部. &bull;輕量 EVA 中底、提供穩定性和舒適性. &bull;5mm 刻紋搭配 Vibram&reg;TC5+ 橡膠大底. &bull;重量:男 460g(單腳)/ 女 370g(單腳),無,https://s1.myqr.com.tw/newshop/177/TypeGoods?type2=7945&type1=7946&type0=7954&pageIndex=0&goodId=48396,無,https://pshop.myqr.com.tw/qrssimage/GoodsImage/106/106141.jpg?4
ML035828,MERRELL Moab 3 GTX  登山鞋 ML035828,戶外與運動用品,運動鞋/戶外鞋,登山鞋,無,2990,0.0,1,無,*搭載襪套式 Gore-Tex 透氣防水結構、有助面對變化多端的氣候、時刻保持雙足乾爽透氣. *風箱式鞋舌設計、可防止小碎石進入腳內. *真皮加網布鞋面. *鞋頭處添加橡膠保護片、保護趾部不被崎嶇路型所傷. *KineticFitAdvanced 支撐 EVA 鞋墊、增強足弓與後跟支撐和避震. *AirCushion 內嵌式避震墊片、幫助穩定足部. *5mm 刻紋搭配 VibramTC5 橡膠大底.,無,https://s1.myqr.com.tw/newshop/177/TypeGoods?type2=7945&type1=7946&type0=7954&pageIndex=0&goodId=48429,無,https://pshop.myqr.com.tw/qrssimage/GoodsImage/90/90419.jpg?40
ML035801W,MERRELL Moab 3 GTX Wide 登山鞋 ML035801W,戶外與運動用品,運動鞋/戶外鞋,登山鞋,無,4224,0.0,19,無,*搭載襪套式 Gore-Tex 透氣防水結構、有助面對變化多端的氣候、時刻保持雙足乾爽透氣. *風箱式鞋舌設計、可防止小碎石進入腳內. *真皮加網布鞋面. *鞋頭處添加橡膠保護片、保護趾部不被崎嶇路型所傷. *KineticFitAdvanced 支撐 EVA 鞋墊、增強足弓與後跟支撐和避震. *AirCushion 內嵌式避震墊片、幫助穩定足部. *5mm 刻紋搭配 VibramTC5 橡膠大底.,無,https://s1.myqr.com.tw/newshop/177/TypeGoods?type2=7945&type1=7946&type0=7954&pageIndex=0&goodId=48431,無,https://pshop.myqr.com.tw/qrssimage/GoodsImage/89/89328.jpg?40
ML036326,MERRELL MOAB 3 GTX 女鞋 防水真皮登山鞋 ML036326,戶外與運動用品,運動鞋/戶外鞋,登山鞋,無,3984,0.0,9,無,MERRELLMOAB3GTX 女鞋防水真皮登山鞋 ML036326 *搭載襪套式 Gore-Tex 透氣防水結構、有助面對變化多端的氣候、時刻保持雙足乾爽透氣. *風箱式鞋舌設計、可防止小碎石進入腳內. *真皮 + 網布鞋面. *鞋頭處添加橡膠保護片、保護趾部不被崎嶇路型所傷. *KineticFitAdvanced 支撐 EVA 鞋墊、增強足弓與後跟支撐和避震. *AirCushion 內嵌式避震墊片、幫助穩定足部. *5mm 刻紋搭配 VibramTC5 橡膠大底.,無,https://s1.myqr.com.tw/newshop/177/TypeGoods?type2=7945&type1=7946&type0=7954&pageIndex=0&goodId=48368,無,https://pshop.myqr.com.tw/qrssimage/GoodsImage/130/130210.jpg?40
ML035805,MERRELL Moab 3 Gtx 登山鞋 ML035805,戶外與運動用品,運動鞋/戶外鞋,登山鞋,無,3954,0.0,15,無,&bull;GORE-TEX&reg;襪套式防水結構 - 防水透氣保持乾爽. &bull;真皮 + 網布鞋面. &bull;再生透氣網布內裡 + 鞋帶. &bull;風箱式鞋舌 - 防止碎石沙子進入. &bull;橡膠鞋頭保護片. &bull;KineticFit&trade;Advanced 支撐 EVA 鞋墊、增強足弓與後跟支撐和避震. &bull;尼龍足弓穩定片. &bull;AirCushion 內嵌式避震墊片、幫助穩定足部. &bull;輕量 EVA 中底、提供穩定性和舒適性. &bull;5mm 刻紋搭配 Vibram&reg;TC5+ 橡膠大底. &bull;重量:男 460g(單腳)/ 女 370g(單腳),無,https://s1.myqr.com.tw/newshop/177/TypeGoods?type2=7945&type1=7946&type0=7954&pageIndex=0&goodId=48421,無,https://pshop.myqr.com.tw/qrssimage/GoodsImage/95/95696.jpg?24
ML036257,MERRELL Moab 3 Gtx 登山鞋 ML036257,戶外與運動用品,運動鞋/戶外鞋,登山鞋,無,2990,0.0,4,無,&bull;GORE-TEX&reg;襪套式防水結構 - 防水透氣保持乾爽. &bull;真皮 + 網布鞋面. &bull;再生透氣網布內裡 + 鞋帶. &bull;風箱式鞋舌 - 防止碎石沙子進入. &bull;橡膠鞋頭保護片. &bull;KineticFit&trade;Advanced 支撐 EVA 鞋墊、增強足弓與後跟支撐和避震. &bull;尼龍足弓穩定片. &bull;AirCushion 內嵌式避震墊片、幫助穩定足部. &bull;輕量 EVA 中底、提供穩定性和舒適性. &bull;5mm 刻紋搭配 Vibram&reg;TC5+ 橡膠大底. &bull;重量:男 460g(單腳)/ 女 370g(單腳),無,https://s1.myqr.com.tw/newshop/177/TypeGoods?type2=7945&type1=7946&type0=7954&pageIndex=0&goodId=48420,無,https://pshop.myqr.com.tw/qrssimage/GoodsImage/95/95701.jpg?24
ML036320,MERRELL Moab 3 Gtx 登山鞋 ML036320,戶外與運動用品,運動鞋/戶外鞋,登山鞋,無,2988,0.0,3,無,&bull;GORE-TEX&reg;襪套式防水結構 - 防水透氣保持乾爽. &bull;真皮 + 網布鞋面. &bull;再生透氣網布內裡 + 鞋帶. &bull;風箱式鞋舌 - 防止碎石沙子進入. &bull;橡膠鞋頭保護片. &bull;KineticFit&trade;Advanced 支撐 EVA 鞋墊、增強足弓與後跟支撐和避震. &bull;尼龍足弓穩定片. &bull;AirCushion 內嵌式避震墊片、幫助穩定足部. &bull;輕量 EVA 中底、提供穩定性和舒適性. &bull;5mm 刻紋搭配 Vibram&reg;TC5+ 橡膠大底. &bull;重量:男 460g(單腳)/ 女 370g(單腳),無,https://s1.myqr.com.tw/newshop/177/TypeGoods?type2=7945&type1=7946&type0=7954&pageIndex=0&goodId=48419,無,https://pshop.myqr.com.tw/qrssimage/GoodsImage/95/95705.jpg?59
ML037202,MERRELL MOAB 3 GTX 登山鞋 ML037202,戶外與運動用品,運動鞋/戶外鞋,登山鞋,無,2980,0.0,2,無,&bull;GORE-TEX&reg;襪套式防水結構 - 防水透氣保持乾爽. &bull;真皮 + 網布鞋面. &bull;再生透氣網布內裡 + 鞋帶. &bull;風箱式鞋舌 - 防止碎石沙子進入. &bull;橡膠鞋頭保護片. &bull;KineticFit&trade;Advanced 支撐 EVA 鞋墊、增強足弓與後跟支撐和避震. &bull;尼龍足弓穩定片. &bull;AirCushion 內嵌式避震墊片、幫助穩定足部. &bull;輕量 EVA 中底、提供穩定性和舒適性. &bull;5mm 刻紋搭配 Vibram&reg;TC5+ 橡膠大底. &bull;重量:男 460g(單腳)/ 女 370g(單腳),無,https://s1.myqr.com.tw/newshop/177/TypeGoods?type2=7945&type1=7946&type0=7954&pageIndex=0&goodId=48406,無,https://pshop.myqr.com.tw/qrssimage/GoodsImage/99/99599.jpg?59
ML135533,MERRELL Moab 3 GTX 登山鞋 ML135533,戶外與運動用品,運動鞋/戶外鞋,登山鞋,無,3984,0.0,7,無,搭載襪套式 Gore-Tex 透氣防水結構 真皮加網布鞋面 5mm 刻紋搭配橡膠大底,無,https://s1.myqr.com.tw/newshop/177/TypeGoods?type2=7945&type1=7946&type0=7954&pageIndex=0&goodId=48423,無,https://pshop.myqr.com.tw/qrssimage/GoodsImage/94/94341.jpg?59
ML036304,MERRELL MOAB 3 MID GORE-TEX 登山鞋 ML036304,戶外與運動用品,運動鞋/戶外鞋,登山鞋,無,2980,0.0,2,無,MERRELLMOAB3MIDGORE-TEX 登山鞋 ML036304 &bull;GORE-TEX&reg;襪套式防水結構 - 防水透氣保持乾爽. &bull;真皮 + 網布鞋面. &bull;再生透氣網布內裡 + 鞋帶. &bull;風箱式鞋舌 - 防止碎石沙子進入. &bull;橡膠鞋頭保護片. &bull;KineticFit&trade;Advanced 支撐 EVA 鞋墊、增強足弓與後跟支撐和避震. &bull;尼龍足弓穩定片. &bull;AirCushion 內嵌式避震墊片、幫助穩定足部. &bull;輕量 EVA 中底、提供穩定性和舒適性. &bull;5mm 刻紋搭配 Vibram&reg;TC5+ 橡膠大底. &bull;重量:男 490g(單腳)/ 女 400g(單腳),無,https://s1.myqr.com.tw/newshop/177/TypeGoods?type2=7945&type1=7946&type0=7954&pageIndex=0&goodId=48443,無,https://pshop.myqr.com.tw/qrssimage/GoodsImage/77/77641.jpg?95
ML036306,MERRELL MOAB 3 MID GORE-TEX 登山鞋 ML036306,戶外與運動用品,運動鞋/戶外鞋,登山鞋,無,4224,0.0,4,無,&bull;GORE-TEX&reg;襪套式防水結構 - 防水透氣保持乾爽. &bull;真皮 + 網布鞋面. &bull;再生透氣網布內裡 + 鞋帶. &bull;風箱式鞋舌 - 防止碎石沙子進入. &bull;橡膠鞋頭保護片. &bull;KineticFit&trade;Advanced 支撐 EVA 鞋墊、增強足弓與後跟支撐和避震. &bull;尼龍足弓穩定片. &bull;AirCushion 內嵌式避震墊片、幫助穩定足部. &bull;輕量 EVA 中底、提供穩定性和舒適性. &bull;5mm 刻紋搭配 Vibram&reg;TC5+ 橡膠大底. &bull;重量:男 490g(單腳)/ 女 400g(單腳),無,https://s1.myqr.com.tw/newshop/177/TypeGoods?type2=7945&type1=7946&type0=7954&pageIndex=0&goodId=48418,無,https://pshop.myqr.com.tw/qrssimage/GoodsImage/96/96082.jpg?79
ML036314,MERRELL MOAB 3 MID GORE-TEXR 戶外登山鞋 ML036314,戶外與運動用品,運動鞋/戶外鞋,登山鞋,無,2640,0.0,1,無,&bull;GORE-TEX&reg;襪套式防水結構 - 防水透氣保持乾爽. &bull;真皮 + 網布鞋面. &bull;再生透氣網布內裡 + 鞋帶. &bull;風箱式鞋舌 - 防止碎石沙子進入. &bull;橡膠鞋頭保護片. &bull;KineticFit&trade;Advanced 支撐 EVA 鞋墊、增強足弓與後跟支撐和避震. &bull;尼龍足弓穩定片. &bull;AirCushion 內嵌式避震墊片、幫助穩定足部. &bull;輕量 EVA 中底、提供穩定性和舒適性. &bull;5mm 刻紋搭配 Vibram&reg;TC5+ 橡膠大底.,無,https://s1.myqr.com.tw/newshop/177/TypeGoods?type2=7945&type1=7946&type0=7954&pageIndex=0&goodId=48428,無,https://pshop.myqr.com.tw/qrssimage/GoodsImage/90/90920.jpg?79
ML135531,MERRELL MOAB 3 MID GORE-TEXR 戶外登山鞋 ML135531,戶外與運動用品,運動鞋/戶外鞋,登山鞋,無,3984,0.0,6,無,&bull;GORE-TEX&reg;襪套式防水結構 - 防水透氣保持乾爽. &bull;真皮 + 網布鞋面. &bull;再生透氣網布內裡 + 鞋帶. &bull;風箱式鞋舌 - 防止碎石沙子進入. &bull;橡膠鞋頭保護片. &bull;KineticFit&trade;Advanced 支撐 EVA 鞋墊、增強足弓與後跟支撐和避震. &bull;尼龍足弓穩定片. &bull;AirCushion 內嵌式避震墊片、幫助穩定足部. &bull;輕量 EVA 中底、提供穩定性和舒適性. &bull;5mm 刻紋搭配 Vibram&reg;TC5+ 橡膠大底.,無,https://s1.myqr.com.tw/newshop/177/TypeGoods?type2=7945&type1=7946&type0=7954&pageIndex=0&goodId=48427,無,https://pshop.myqr.com.tw/qrssimage/GoodsImage/90/90924.jpg?79
ML036243,MERRELL MOAB 3 MID GORE-TEXR 登山鞋 ML036243,戶外與運動用品,運動鞋/戶外鞋,登山鞋,無,2640,0.0,15,無,&bull;GORE-TEX&reg;襪套式防水結構 - 防水透氣保持乾爽. &bull;真皮 + 網布鞋面. &bull;再生透氣網布內裡 + 鞋帶. &bull;風箱式鞋舌 - 防止碎石沙子進入. &bull;橡膠鞋頭保護片. &bull;KineticFit&trade;Advanced 支撐 EVA 鞋墊、增強足弓與後跟支撐和避震. &bull;尼龍足弓穩定片. &bull;AirCushion 內嵌式避震墊片、幫助穩定足部. &bull;輕量 EVA 中底、提供穩定性和舒適性. &bull;5mm 刻紋搭配 Vibram&reg;TC5+ 橡膠大底. &bull;重量:男 490g(單腳)/ 女 400g(單腳),無,https://s1.myqr.com.tw/newshop/177/TypeGoods?type2=7945&type1=7946&type0=7954&pageIndex=0&goodId=48444,無,https://pshop.myqr.com.tw/qrssimage/GoodsImage/76/76293.jpg?15
ML035785W,MERRELL Moab 3 Mid GTX Wide 寬楦 登山鞋 ML035785W,戶外與運動用品,運動鞋/戶外鞋,登山鞋,無,4544,0.0,11,無,MERRELLMoab3MidGTXWide 寬楦登山鞋 ML035785W *搭載襪套式 Gore-Tex 透氣防水結構、有助面對變化多端的氣候、時刻保持雙足乾爽透氣. *風箱式鞋舌設計、可防止小碎石進入腳內. *真皮及網布鞋面. *鞋頭處添加橡膠保護片、保護趾部不被崎嶇路型所傷. *KineticFitAdvanced 支撐 EVA 鞋墊、增強足弓與後跟支撐和避震. *AirCushion 內嵌式避震墊片、幫助穩定足部. *5mm 刻紋搭配 VibramTC5 橡膠大底.,無,https://s1.myqr.com.tw/newshop/177/TypeGoods?type2=7945&type1=7946&type0=7954&pageIndex=0&goodId=48373,無,https://pshop.myqr.com.tw/qrssimage/GoodsImage/127/127525.jpg?15
ML036322W,MERRELL Moab 3 Mid GTX Wide 寬楦 登山鞋 ML036322W,戶外與運動用品,運動鞋/戶外鞋,登山鞋,無,4224,0.0,11,無,MERRELLMoab3MidGTXWide 寬楦登山鞋 ML036322W *搭載襪套式 Gore-Tex 透氣防水結構、有助面對變化多端的氣候、時刻保持雙足乾爽透氣. *風箱式鞋舌設計、可防止小碎石進入腳內. *真皮及網布鞋面. *鞋頭處添加橡膠保護片、保護趾部不被崎嶇路型所傷. *KineticFitAdvanced 支撐 EVA 鞋墊、增強足弓與後跟支撐和避震. *AirCushion 內嵌式避震墊片、幫助穩定足部. *5mm 刻紋搭配 VibramTC5 橡膠大底.,無,https://s1.myqr.com.tw/newshop/177/TypeGoods?type2=7945&type1=7946&type0=7954&pageIndex=0&goodId=48370,無,https://pshop.myqr.com.tw/qrssimage/GoodsImage/129/129089.jpg?51
ML037496,Merrell Moab 3 Mid GTX 戶外鞋 ML037496,戶外與運動用品,運動鞋/戶外鞋,登山鞋,無,3690,0.0,2,無,GORE-TEX 襪套式防水結構 真皮 + 網布鞋面 5mm 刻紋搭配 VibramTC5+ 橡膠大底,無,https://s1.myqr.com.tw/newshop/177/TypeGoods?type2=7945&type1=7946&type0=7954&pageIndex=0&goodId=48390,無,https://pshop.myqr.com.tw/qrssimage/GoodsImage/109/109722.jpg?51
ML037733,Merrell Moab 3 Mid GTX 戶外鞋 ML037733,戶外與運動用品,運動鞋/戶外鞋,登山鞋,無,4224,0.0,9,無,GORE-TEX 襪套式防水結構 橡膠鞋頭保護片 5mm 刻紋搭配 VibramRTC5+ 橡膠大底,無,https://s1.myqr.com.tw/newshop/177/TypeGoods?type2=7945&type1=7946&type0=7954&pageIndex=0&goodId=48393,無,https://pshop.myqr.com.tw/qrssimage/GoodsImage/107/107455.jpg?51
ML036308,MERRELL Moab 3 Mid GTX 高筒登山鞋 ML036308,戶外與運動用品,運動鞋/戶外鞋,登山鞋,無,4013,0.0,16,無,襪套式 Gore-Tex 透氣防水結構 增強足弓與後跟支撐和避震 5mm 刻紋搭配橡膠大底,無,https://s1.myqr.com.tw/newshop/177/TypeGoods?type2=7945&type1=7946&type0=7954&pageIndex=0&goodId=48422,無,https://pshop.myqr.com.tw/qrssimage/GoodsImage/94/94345.jpg?34
ML038238,MERRELL MOAB SPEED 2 GORE-TEXR 女款 防水登山鞋 ML038238,戶外與運動用品,運動鞋/戶外鞋,登山鞋,無,4544,0.0,2,無,MERRELLMOABSPEED2GORE-TEX&reg;女款防水登山鞋 ML038238 &bull;GORE-TEX&reg;襪套式防水結構、具有卓越的透氣性和防水性能 &bull;尼龍抗撕裂網布 +TPU 鞋面&bull;加厚鞋領口、增加穿著時的舒適感受 &bull;風箱式鞋舌、防止碎石沙子進入鞋內 &bull;耐磨合成材料鞋跟和鞋頭保護區塊 &bull;鞋舌和後跟織帶環設計、便於穿脫、並與登山扣環兼容 &bull;透氣網布內裡&bull;CLEANSPORTNXT&trade;生物抑菌技術、能抑制異味產生 &bull;可拆式 PU 鞋墊&bull;輕量級 FlexPlate&trade;防護片、提供扭轉剛性和前足穩定性 &bull;FloatPro&trade;羽量級中底、提供持久的輕盈舒適感 &bull;Vibram&reg;TC5+ 橡膠大底 + 山型刻痕設計、提供優異的戶外多種運動活動抓地力 &bull;4mm 刻痕深度 &bull;鞋帶、織帶、內裡網布、鞋墊網布採用 100% 回收再生材質 &bull;鞋墊 EVA 採用 50% 回收再生材質,無,https://s1.myqr.com.tw/newshop/177/TypeGoods?type2=7945&type1=7946&type0=7954&pageIndex=0&goodId=48380,無,https://pshop.myqr.com.tw/qrssimage/GoodsImage/125/125009.jpg?34
ML038393,MERRELL MOAB SPEED 2 GORE-TEXR 男款 防水登山鞋 ML038393,戶外與運動用品,運動鞋/戶外鞋,登山鞋,無,4544,0.0,6,無,MERRELLMOABSPEED2GORE-TEX&reg;男款防水登山鞋 ML038393 &bull;GORE-TEX&reg;襪套式防水結構、具有卓越的透氣性和防水性能 &bull;尼龍抗撕裂網布 +TPU 鞋面&bull;加厚鞋領口、增加穿著時的舒適感受 &bull;風箱式鞋舌、防止碎石沙子進入鞋內 &bull;耐磨合成材料鞋跟和鞋頭保護區塊 &bull;鞋舌和後跟織帶環設計、便於穿脫、並與登山扣環兼容 &bull;透氣網布內裡&bull;CLEANSPORTNXT&trade;生物抑菌技術、能抑制異味產生 &bull;可拆式 PU 鞋墊&bull;輕量級 FlexPlate&trade;防護片、提供扭轉剛性和前足穩定性 &bull;FloatPro&trade;羽量級中底、提供持久的輕盈舒適感 &bull;Vibram&reg;TC5+ 橡膠大底 + 山型刻痕設計、提供優異的戶外多種運動活動抓地力 &bull;4mm 刻痕深度 &bull;鞋帶、織帶、內裡網布、鞋墊網布採用 100% 回收再生材質 &bull;鞋墊 EVA 採用 50% 回收再生材質 &bull;重量:男 700g(雙腳),無,https://s1.myqr.com.tw/newshop/177/TypeGoods?type2=7945&type1=7946&type0=7954&pageIndex=0&goodId=48381,無,https://pshop.myqr.com.tw/qrssimage/GoodsImage/125/125004.jpg?70
ML037797,MERRELL Moab Speed 2 GTX 男款 防水登山鞋 ML037797,戶外與運動用品,運動鞋/戶外鞋,登山鞋,無,4544,0.0,2,無,MERRELLMoabSpeed2GTX 男款防水登山鞋 ML037797 *GORE-TEX 襪套式防水結構:防水透氣、幫助雙腳保持乾爽. *抗撕裂網布 /TPU 鞋面. *再生網布透氣內裡 / 鞋帶. *TPU 鞋頭保護片. *加厚鞋領口、給予腳踝更多保護與緩衝. *可拆式 EVA 鞋墊、提供彈性和透氣性. *Rockplate 防護片給予腳掌全方位保護. *FloatPro 羽量級中底、減輕鞋身重量、反應更靈敏. *後跟添加反光設計、提供夜晚安全性. *4mm 刻紋搭配百分之三十再生 VibramEcoDura 黃金大底.,無,https://s1.myqr.com.tw/newshop/177/TypeGoods?type2=7945&type1=7946&type0=7954&pageIndex=0&goodId=48378,無,https://pshop.myqr.com.tw/qrssimage/GoodsImage/127/127199.jpg?54
ML067713,MERRELL MOAB SPEED MID GORE-TEXR 登山鞋 ML067713,戶外與運動用品,運動鞋/戶外鞋,登山鞋,無,3160,0.0,7,無,&bull;GORE-TEX&reg;襪套式防水結構 - 防水透氣保持乾爽 &bull;網布 +TPU 鞋面 &bull;環境友善網布透氣內裡 + 鞋帶 &bull;TPU 鞋頭保護片 &bull;加厚鞋領口、給予腳踝更多保護與緩衝 &bull;可拆式 EVA 鞋墊、提供彈性和透氣性 &bull;Rockplate 防護片給予腳掌全方位保護 &bull;FloatPro&trade;羽量級中底、減輕鞋身重量、反應更靈敏 &bull;4mm 刻紋搭配 30% 環境友善 Vibram&reg;EcoStep 黃金大底 &bull;多齒痕刻紋設計、增加與地面接觸面積、提升抓地力 &bull;沒有使用任何動物原料或動物測試的相關行為,無,https://s1.myqr.com.tw/newshop/177/TypeGoods?type2=7945&type1=7946&type0=7954&pageIndex=0&goodId=48417,無,https://pshop.myqr.com.tw/qrssimage/GoodsImage/96/96907.jpg?54
ML067760,MERRELL MOAB SPEED MID GORE-TEXR 登山鞋 ML067760,戶外與運動用品,運動鞋/戶外鞋,登山鞋,無,3160,0.0,8,無,&bull;GORE-TEX&reg;襪套式防水結構 - 防水透氣保持乾爽 &bull;網布 +TPU 鞋面 &bull;環境友善網布透氣內裡 + 鞋帶 &bull;TPU 鞋頭保護片 &bull;加厚鞋領口、給予腳踝更多保護與緩衝 &bull;可拆式 EVA 鞋墊、提供彈性和透氣性 &bull;Rockplate 防護片給予腳掌全方位保護 &bull;FloatPro&trade;羽量級中底、減輕鞋身重量、反應更靈敏 &bull;4mm 刻紋搭配 30% 環境友善 Vibram&reg;EcoStep 黃金大底 &bull;多齒痕刻紋設計、增加與地面接觸面積、提升抓地力 &bull;沒有使用任何動物原料或動物測試的相關行為,無,https://s1.myqr.com.tw/newshop/177/TypeGoods?type2=7945&type1=7946&type0=7954&pageIndex=0&goodId=48416,無,https://pshop.myqr.com.tw/qrssimage/GoodsImage/96/96916.jpg?89
ML135532,MERRELL MQM 3 GORE-TEX 女 登山鞋 ML135532,戶外與運動用品,運動鞋/戶外鞋,登山鞋,無,2490,0.0,2,無,MERRELLMQM3GORE-TEX 女登山鞋 ML135532 GORE-TEX 襪套式防水結構 TPU 鞋頭保護片設計 5mm 刻紋搭配黃金大底 &bull;GORE-TEX&reg;襪套式防水結構 - 防水透氣保持乾爽. &bull;網布 +TPU 鞋面. &bull;100% 環境友善鞋帶 + 透氣網布內裡. &bull;風箱式鞋舌 - 防止碎石沙子進入. &bull;TPU 鞋頭保護片. &bull;50% 環境友善 EVA 鞋墊 &bull;尼龍足弓穩定片. &bull;AirCushion 內嵌式避震墊片、幫助穩定足部. &bull;Rockplate 防護片、給予腳掌全方位保護. &bull;輕量 EVA 中底、提供穩定性和舒適性. &bull;5mm 刻紋搭配 TC5+Vibram&reg;黃金大底. 女 260g(單腳),無,https://s1.myqr.com.tw/newshop/177/TypeGoods?type2=7945&type1=7946&type0=7954&pageIndex=0&goodId=48434,無,https://pshop.myqr.com.tw/qrssimage/GoodsImage/84/84983.jpg?89
ML036940,MERRELL MQM 3 Mid GTX  登山鞋 ML036940,戶外與運動用品,運動鞋/戶外鞋,登山鞋,無,2490,0.0,1,無,MERRELLMQM3MidGTX 登山鞋 ML036940 *GORE-TEX 襪套式防水結構、防水透氣保持乾爽 *採用全新 Vibram 抓地防滑鞋底、鞋帶到腳趾前端的系統設計、提升貼合舒適感 *鞋面使用透氣網眼布與 TPU 彈性紗線、更加耐磨、抗撕裂 *鞋帶、織帶、網布襯裡與 EVA 鞋墊皆使用百分之百再生材質製成 *風箱式鞋舌 - 防止碎石沙子進入 *TPU 鞋頭保護片 *鞋跟處搭配氣墊、可吸收衝擊增加穩定性 *腳跟部位增加彈性複合材質、可以提供持久的減震效果、助於減少扭傷 *VibramTC5 黃金大底採用複合科技設計、在抓地力、耐久與靈活性上實現全面平衡 *5mm 刻紋,無,https://s1.myqr.com.tw/newshop/177/TypeGoods?type2=7945&type1=7946&type0=7954&pageIndex=0&goodId=48430,無,https://pshop.myqr.com.tw/qrssimage/GoodsImage/90/90415.jpg?89
ML067593,MERRELL Nova 3 Gore-Tex 戶外登山鞋 ML067593,戶外與運動用品,運動鞋/戶外鞋,登山鞋,無,3980,0.0,4,無,GORE-TEXInvisibleFit 防水結構 FRESH 抗菌防臭功能 Vibram 黃金大底,無,https://s1.myqr.com.tw/newshop/177/TypeGoods?type2=7945&type1=7946&type0=7954&pageIndex=0&goodId=48398,無,https://pshop.myqr.com.tw/qrssimage/GoodsImage/105/105004.jpg?26
ML067779,MERRELL Nova 3 GTX 戶外登山鞋 ML067779,戶外與運動用品,運動鞋/戶外鞋,登山鞋,無,3980,0.0,4,無,*鞋面採用 GORE-TEXInvisibleFit 防水結構、給予輕量及良好貼合性. *使用網布鞋面、透氣網布內裡、使足部保持透氣保持乾爽. *FRESH 抗菌防臭功能、讓運動的腳更清爽舒適. *HyperlockTPU 後跟穩定支撐系統. *TrailProtect 防護片給予腳掌全方位保護. *EVA 中底、提供穩定性和舒適性. *可拆式 EVA 鞋墊、提供彈性和透氣性. *8mm 前後足差、19.5mm 中底厚度. *5mm 刻紋橡膠大底. *Vibram 黃金大底. *沒有使用任何動物原料或動物測試的相關行為.,無,https://s1.myqr.com.tw/newshop/177/TypeGoods?type2=7945&type1=7946&type0=7954&pageIndex=0&goodId=48401,無,https://pshop.myqr.com.tw/qrssimage/GoodsImage/103/103679.jpg?26
ML067111,MERRELL NOVA SNEAKER 防水透氣保暖登山健行鞋 ML067111,戶外與運動用品,運動鞋/戶外鞋,登山鞋,無,2290,0.0,5,無,&bull;DRY 襪套式防水結構 -100% 防水透氣、幫助雙腳保持乾爽. &bull;真皮 + 網布鞋面. &bull;彈性快速綁帶系統. &bull;100% 環境友善鞋帶 +100% 環境友善搖粒絨內裡 &bull;100g 輕量保暖內裡、提供足部溫暖與舒適. &bull;風箱式鞋舌 - 防止碎石沙子進入. &bull;100% 環境友善可拆式 EVA 鞋墊. &bull;AirCushion 內嵌式避震墊片、幫助穩定足部. &bull;Rockplate 防護片、給予腳掌全方位保護. &bull;10% 環境友善 EVA 中底、提供穩定性和舒適性. &bull;5mm 刻紋搭配 Vibram&reg;Icetrek 登山等級橡膠大底.,無,https://s1.myqr.com.tw/newshop/177/TypeGoods?type2=7945&type1=7946&type0=7954&pageIndex=0&goodId=48424,無,https://pshop.myqr.com.tw/qrssimage/GoodsImage/91/91455.jpg?10
ML037437,MERRELL Speed ECO WP 防水戶外鞋 ML037437,戶外與運動用品,運動鞋/戶外鞋,登山鞋,無,3184,0.0,10,無,鞋面採用環境友善防水緹花網布、保留雙足透氣機能性、更添加防水功能、使雙足時刻保持乾爽舒適. 風箱式鞋舌設計、防止戶外碎石與異物進入鞋內. 中底搭載輕量 EVA 泡棉材質、提供雙足舒適柔軟且具彈性的足感效果. 4mm 刻紋搭配橡膠材質大底、一次性提升抓地效果與耐磨效果. 環境友善鞋墊網布、添加 NXT 生物抑菌技術、能有效減少異味產生.,無,https://s1.myqr.com.tw/newshop/177/TypeGoods?type2=7945&type1=7946&type0=7954&pageIndex=0&goodId=48389,無,https://pshop.myqr.com.tw/qrssimage/GoodsImage/111/111228.jpg?10
ML036997,MERRELL Speed ECO WP 防水鞋面 登山鞋 ML036997,戶外與運動用品,運動鞋/戶外鞋,登山鞋,無,3214,0.0,8,無,鞋面採用環境友善防水緹花網布、保留雙足透氣機能性、更添加防水功能、使雙足時刻保持乾爽舒適. 風箱式鞋舌設計、防止戶外碎石與異物進入鞋內. 中底搭載輕量 EVA 泡棉材質、提供雙足舒適柔軟且具彈性的足感效果. 4mm 刻紋搭配橡膠材質大底、一次性提升抓地效果與耐磨效果. 環境友善鞋墊網布、添加 NXT 生物抑菌技術、能有效減少異味產生.,無,https://s1.myqr.com.tw/newshop/177/TypeGoods?type2=7945&type1=7946&type0=7954&pageIndex=0&goodId=48388,無,https://pshop.myqr.com.tw/qrssimage/GoodsImage/115/115200.jpg?45
ML038266,MERRELL SPEED STRIKE 2 GTX 女 防水登山健行鞋 ML038266,戶外與運動用品,運動鞋/戶外鞋,登山鞋,無,3390,0.0,9,無,SPEEDSTRIKE2GTX 女防水登山健行鞋 ML038266 &bull;輕量 EVA 中底、提供穩定性及舒適感 &bull;CLEANSPORTNXT&trade;生物抑菌技術、能抑制異味產生 &bull;GORE-TEX&reg;襪套式防水結構、具有卓越的透氣性能 &bull;防水合成皮 + 抗撕裂尼龍鞋面 &bull;加厚鞋領口、增加穿著時的舒適感受 &bull;風箱式鞋舌、防止碎石沙子進入鞋內 &bull;耐磨合成材料鞋跟和鞋頭保護區塊 &bull;CLEANSPORTNXT&trade;物抑菌技術、能抑制異味產生 &bull;可拆式 EVA 鞋墊 &bull;輕量 EVA 中底、提供穩定性及舒適感 &bull;4mm 刻痕深度之 MERREL 橡膠大底、提供耐用的抓地力 &bull;鞋帶、織帶、內裡網布、鞋墊網布採用 100% 回收再生材質 &bull;鞋墊 EVA 採用 50% 回收再生材質 &bull;重量:女 610g(雙腳),無,https://s1.myqr.com.tw/newshop/177/TypeGoods?type2=7945&type1=7946&type0=7954&pageIndex=0&goodId=48375,無,https://pshop.myqr.com.tw/qrssimage/GoodsImage/127/127365.jpg?81
ML038410,Merrell Speed Strike 2 Gtx 女登山 防水 越野鞋 ML038410,戶外與運動用品,運動鞋/戶外鞋,登山鞋,無,3390,0.0,8,無,MerrellSpeedStrike2Gtx 女登山防水越野鞋 ML038410 GORE-TEX 防水膜 保護性且耐磨的合成鞋跟和鞋頭 鞋跟環方便穿脫以及登山扣兼容性 &bull;輕量 EVA 中底、提供穩定性及舒適感 &bull;CLEANSPORTNXT&trade;生物抑菌技術、能抑制異味產生 &bull;GORE-TEX&reg;襪套式防水結構、具有卓越的透氣性能 &bull;防水合成皮 + 抗撕裂尼龍鞋面 &bull;加厚鞋領口、增加穿著時的舒適感受 &bull;風箱式鞋舌、防止碎石沙子進入鞋內 &bull;耐磨合成材料鞋跟和鞋頭保護區塊 &bull;CLEANSPORTNXT&trade;物抑菌技術、能抑制異味產生 &bull;可拆式 EVA 鞋墊 &bull;輕量 EVA 中底、提供穩定性及舒適感 &bull;4mm 刻痕深度之 MERREL 橡膠大底、提供耐用的抓地力 &bull;鞋帶、織帶、內裡網布、鞋墊網布採用 100% 回收再生材質 &bull;鞋墊 EVA 採用 50% 回收再生材質 &bull;重量:女 610g(雙腳),無,https://s1.myqr.com.tw/newshop/177/TypeGoods?type2=7945&type1=7946&type0=7954&pageIndex=0&goodId=48376,無,https://pshop.myqr.com.tw/qrssimage/GoodsImage/127/127358.jpg?81
ML037829,MERRELL SPEED STRIKE 2 GTX 男 防水登山健行鞋 ML037829,戶外與運動用品,運動鞋/戶外鞋,登山鞋,無,3390,0.0,9,無,MERRELLSPEEDSTRIKE2GTX 男防水登山健行鞋 ML037829 &bull;MERRELL 襪套式科技防水結構、防水透氣並保持鞋內乾爽 &bull;傳統式鞋帶綁帶方式 &bull;緹花網布鞋面 &bull;加厚鞋領口 &bull;風箱式鞋舌、防止碎石沙子進入鞋內 &bull;鞋跟環、方便穿脫、並兼容登山扣 &bull;透氣網布內裡 &bull;CLEANSPORTNXT&trade;生物抑菌技術、能抑制異味產生 &bull;可拆式 EVA 鞋墊 &bull;輕量級 EVA 中底、提供穩定性和舒適感 &bull;MERRELL 橡膠大底 &bull;4mm 刻痕深度 &bull;鞋帶、織帶、內裡網布、鞋墊網布採用 100% 回收再生材質 &bull;鞋身網布採用 77% 回收再生材質 &bull;鞋墊 EVA 採用 50% 回收再生材質 &bull;鞋底橡膠採用 30% 回收邊料再生 &bull;重量:男 680g(雙腳),無,https://s1.myqr.com.tw/newshop/177/TypeGoods?type2=7945&type1=7946&type0=7954&pageIndex=0&goodId=48371,無,https://pshop.myqr.com.tw/qrssimage/GoodsImage/127/127568.jpg?81
ML037831,MERRELL SPEED STRIKE 2 GTX 男 防水登山健行鞋 淺褐色 ML037831,戶外與運動用品,運動鞋/戶外鞋,登山鞋,無,3390,0.0,12,無,MERRELLSPEEDSTRIKE2GTX 男防水登山健行鞋淺褐色 ML037831 &bull;輕量 EVA 中底、提供穩定性及舒適感 &bull;CLEANSPORTNXT&trade;生物抑菌技術、能抑制異味產生 &bull;GORE-TEX&reg;襪套式防水結構、具有卓越的透氣性能 &bull;防水合成皮 + 抗撕裂尼龍鞋面 &bull;加厚鞋領口、增加穿著時的舒適感受 &bull;風箱式鞋舌、防止碎石沙子進入鞋內 &bull;耐磨合成材料鞋跟和鞋頭保護區塊 &bull;CLEANSPORTNXT&trade;物抑菌技術、能抑制異味產生 &bull;可拆式 EVA 鞋墊 &bull;輕量 EVA 中底、提供穩定性及舒適感 &bull;4mm 刻痕深度之 MERREL 橡膠大底、提供耐用的抓地力 &bull;鞋帶、織帶、內裡網布、鞋墊網布採用 100% 回收再生材質 &bull;鞋墊 EVA 採用 50% 回收再生材質 &bull;重量:男 740g(雙腳),無,https://s1.myqr.com.tw/newshop/177/TypeGoods?type2=7945&type1=7946&type0=7954&pageIndex=0&goodId=48374,無,https://pshop.myqr.com.tw/qrssimage/GoodsImage/127/127371.jpg?64
ML037821,MERRELL Speed Strike 2 Mid GTX 男 防水登山健行鞋 ML037821,戶外與運動用品,運動鞋/戶外鞋,登山鞋,無,3664,0.0,9,無,MERRELLSpeedStrike2MidGTX 男防水登山健行鞋 ML037821 *鞋面搭載 GORE-TEX 襪套式防水結構:防水透氣、幫助雙腳保持乾爽. *再生網布透氣內裡 / 鞋帶. *加厚鞋領穿著體驗更舒適. *採用 CLEANSPORTNXT 生物抑菌技術、能抑制異味產生. *輕量級 EVA 中底、提供輕盈舒適的緩衝效果. *大底橡膠設計搭配 4mm 刻痕深度、提供優良的抓地性.,無,https://s1.myqr.com.tw/newshop/177/TypeGoods?type2=7945&type1=7946&type0=7954&pageIndex=0&goodId=48369,無,https://pshop.myqr.com.tw/qrssimage/GoodsImage/129/129992.jpg?64
ML066851,MERRELL Speed Strike GORE-TEXR 男 登山健走鞋 ML066851,戶外與運動用品,運動鞋/戶外鞋,登山鞋,無,3180,0.0,17,無,&bull;GORE-TEX&reg;waterproofmembrane bondedInvisibleFitconstructionforlightweight breathableprotectionthatfitsandfeelslikeanunprotectedshoe &bull;Breathablemeshupper &bull;Recycledwebbingontheupper &bull;100%recycledlaces &bull;Protectivetoecap &bull;Protectiverubbertoecapfordurabilityandprotection &bull;100%recycledmeshlining &bull;EVAfoaminsolewith50%recycledtopsheet &bull;LightweightEVAfoammidsoleforstabilityandcomfort &bull;Merrellstickyrubberoutsoletuneseachoutsolewithdurabletractionthatgripswhenandwhereyouneedit,無,https://s1.myqr.com.tw/newshop/177/TypeGoods?type2=7945&type1=7946&type0=7954&pageIndex=0&goodId=48448,無,https://pshop.myqr.com.tw/qrssimage/GoodsImage/68/68687.jpg?64
ML067372,MERRELL Speed Strike GTX 戶外登山鞋 ML067372,戶外與運動用品,運動鞋/戶外鞋,登山鞋,無,3184,0.0,8,無,GORE-TEX 襪套式結構 輕量 EVA 中底提供穩定性和舒適性 GRIP 耐磨抓地系統,無,https://s1.myqr.com.tw/newshop/177/TypeGoods?type2=7945&type1=7946&type0=7954&pageIndex=0&goodId=48425,無,https://pshop.myqr.com.tw/qrssimage/GoodsImage/91/91224.jpg?1
ML135167,MERRELL Speed Strike LTR Sieve 男 水陸兩用鞋 ML135167,戶外與運動用品,運動鞋/戶外鞋,登山鞋,無,2384,0.0,6,無,MERRELLSpeedStrikeLTRSieve 男水陸兩用鞋 ML135167 *珠面皮及網布鞋面. *快速扣設計、穿脫更方便. *百分之百環境友善鞋帶與透氣網布內裡. *百分之百環境友善 EVA 鞋墊. *尼龍足弓穩定片. *AirCushion 內嵌式避震墊片、幫助穩定足部. *輕量 EVA 中底、提供穩定性和舒適性. *4mm 刻紋搭配 GRIP 耐磨抓地系統 - 在任何需要活動地方、鞋底刻紋更具抓地力. *重量:男 300g(單腳)/ 女 250g(單腳),無,https://s1.myqr.com.tw/newshop/177/TypeGoods?type2=7945&type1=7946&type0=7954&pageIndex=0&goodId=48382,無,https://pshop.myqr.com.tw/qrssimage/GoodsImage/120/120143.jpg?84
ML066988,MERRELL Speed Strike Mid GORE-TEXR 女 登山鞋 ML066988,戶外與運動用品,運動鞋/戶外鞋,登山鞋,無,2140,0.0,1,無,&bull;GORE-TEX&reg;waterproofmembrane exceptionalbreathabilityandwaterproofperformance &bull;Breathablemeshupper &bull;Recycledwebbingontheupper &bull;100%recycledlaces &bull;Protectivetoecap &bull;Protectiverubbertoecapfordurabilityandprotection &bull;100%recycledmeshlining &bull;EVAfoaminsolewith50%recycledtopsheet &bull;LightweightEVAfoammidsoleforstabilityandcomfort &bull;Merrellstickyrubberoutsoletuneseachoutsolewithdurabletractionthatgripswhenandwhereyouneedit,無,https://s1.myqr.com.tw/newshop/177/TypeGoods?type2=7945&type1=7946&type0=7954&pageIndex=0&goodId=48449,無,https://pshop.myqr.com.tw/qrssimage/GoodsImage/65/65489.jpg?84
ML036564,MERRELL West Rim Sport GTX 登山鞋 ML036564,戶外與運動用品,運動鞋/戶外鞋,登山鞋,無,1990,0.0,1,無,MERRELLWestRimSportGTX 登山鞋 ML036564 *GORE-TEX 襪套式防水結構 - 防水透氣保持乾爽. *合成皮 / 網布鞋面.*透氣網布內裡. *風箱式鞋舌 - 防止碎石沙子進入. *橡膠鞋頭保護片.*KineticFitBase 可拆式 EVA 鞋墊、提供彈性支撐. *AirCushion 內嵌式避震墊片、幫助穩定足部. *輕量 EVA 中底、提供穩定性和舒適性. *4mm 刻紋搭配 GRIP 耐磨抓地系統 - 在任何需要活動地方、鞋底刻紋更具抓地力.,無,https://s1.myqr.com.tw/newshop/177/TypeGoods?type2=7945&type1=7946&type0=7954&pageIndex=0&goodId=48450,無,https://pshop.myqr.com.tw/qrssimage/GoodsImage/65/65206.jpg?20
ML036152,MERRELL WILDWOOD AEROSPORT 女 水陸兩用鞋 ML036152,戶外與運動用品,運動鞋/戶外鞋,登山鞋,無,1890,0.0,2,無,&bull;合成皮 + 網布鞋面. &bull;快速扣設計穿脫更方便、穿著更合腳. &bull;KineticFit&trade;Base 可拆式 EVA 鞋墊、提供彈性支撐. &bull;AirCushion 內嵌式避震墊片、幫助穩定足部. &bull;EVA 中底、提供穩定性和舒適性. &bull;尼龍足弓穩定片. &bull;GRIP 耐磨抓地系統 - 在任何需要活動地方、鞋底刻紋更具抓地力. &bull;女單腳重量:240g、男單腳重量:311g.,無,https://s1.myqr.com.tw/newshop/177/TypeGoods?type2=7945&type1=7946&type0=7954&pageIndex=0&goodId=48451,無,https://pshop.myqr.com.tw/qrssimage/GoodsImage/103/103770.jpg?20
ML067732,MERRELL WILDWOOD AEROSPORT 女 水陸兩用鞋 ML067732,戶外與運動用品,運動鞋/戶外鞋,登山鞋,無,2144,0.0,6,無,&bull;合成皮 + 網布鞋面. &bull;快速扣設計穿脫更方便、穿著更合腳. &bull;KineticFit&trade;Base 可拆式 EVA 鞋墊、提供彈性支撐. &bull;AirCushion 內嵌式避震墊片、幫助穩定足部. &bull;EVA 中底、提供穩定性和舒適性. &bull;尼龍足弓穩定片. &bull;GRIP 耐磨抓地系統 - 在任何需要活動地方、鞋底刻紋更具抓地力.,無,https://s1.myqr.com.tw/newshop/177/TypeGoods?type2=7945&type1=7946&type0=7954&pageIndex=0&goodId=48402,無,https://pshop.myqr.com.tw/qrssimage/GoodsImage/101/101534.jpg?20
ML067679,MERRELL WILDWOOD AEROSPORT 水陸兩用鞋 ML067679,戶外與運動用品,運動鞋/戶外鞋,登山鞋,無,2140,0.0,8,無,&bull;合成皮 + 網布鞋面. &bull;快速扣設計穿脫更方便、穿著更合腳. &bull;KineticFit&trade;Base 可拆式 EVA 鞋墊、提供彈性支撐. &bull;AirCushion 內嵌式避震墊片、幫助穩定足部. &bull;EVA 中底、提供穩定性和舒適性. &bull;尼龍足弓穩定片. &bull;GRIP 耐磨抓地系統 - 在任何需要活動地方、鞋底刻紋更具抓地力.,無,https://s1.myqr.com.tw/newshop/177/TypeGoods?type2=7945&type1=7946&type0=7954&pageIndex=0&goodId=48403,無,https://pshop.myqr.com.tw/qrssimage/GoodsImage/101/101530.jpg?56
ML036109,MERRELL WILDWOOD AEROSPORT 男水陸兩用鞋 ML036109,戶外與運動用品,運動鞋/戶外鞋,登山鞋,無,2144,0.0,4,無,&bull;合成皮 + 網布鞋面 &bull;快速扣設計、穿脫更方便 &bull;100% 環境友善鞋帶 + 透氣網布內裡 &bull;100% 環境友善 EVA 鞋墊 &bull;尼龍足弓穩定片 &bull;AirCushion 內嵌式避震墊片、幫助穩定足部 &bull;輕量 EVA 中底、提供穩定性和舒適性 &bull;4mm 刻紋搭配 GRIP 耐磨抓地系統 - 在任何需要活動地方、鞋底刻紋更具抓地力 &bull;重量:男 240g(單腳)/ 女 240g(單腳),無,https://s1.myqr.com.tw/newshop/177/TypeGoods?type2=7945&type1=7946&type0=7954&pageIndex=0&goodId=48400,無,https://pshop.myqr.com.tw/qrssimage/GoodsImage/103/103766.jpg?56
ML035789,Merrell 戶外鞋 Moab 3 Mid GTX 男鞋 防水真皮登山鞋 ML035789,戶外與運動用品,運動鞋/戶外鞋,登山鞋,無,4224,0.0,9,無,Merrell 戶外鞋 Moab3MidGTX 男鞋防水真皮登山鞋 ML035789 *搭載襪套式 Gore-Tex 透氣防水結構、有助面對變化多端的氣候、時刻保持雙足乾爽透氣. *風箱式鞋舌設計、可防止小碎石進入腳內. *真皮及網布鞋面. *鞋頭處添加橡膠保護片、保護趾部不被崎嶇路型所傷. *KineticFitAdvanced 支撐 EVA 鞋墊、增強足弓與後跟支撐和避震. *AirCushion 內嵌式避震墊片、幫助穩定足部. *5mm 刻紋搭配 VibramTC5 橡膠大底.,無,https://s1.myqr.com.tw/newshop/177/TypeGoods?type2=7945&type1=7946&type0=7954&pageIndex=0&goodId=48372,無,https://pshop.myqr.com.tw/qrssimage/GoodsImage/127/127559.jpg?40
ML037840,MOAB SPEED 2 GORE-TEXR 防水登山鞋 灰 ML037840,戶外與運動用品,運動鞋/戶外鞋,登山鞋,無,4544,0.0,3,無,MOABSPEED2GORE-TEX&reg;防水登山鞋灰女(ML037840) &bull;廣告主打款 &bull;GORE-TEX&reg;襪套式防水 &bull;卓越透氣|防水 &bull;環境友善材質 &bull;GORE-TEX&reg;襪套式防水結構、具有卓越的透氣性和防水性能 &bull;尼龍抗撕裂網布 +TPU 鞋面 &bull;100% 環境友善鞋帶和織帶 &bull;加厚鞋領口、增加穿著時的舒適感受 &bull;風箱式鞋舌、防止碎石沙子進入鞋內 &bull;耐磨合成材料鞋跟和鞋頭保護區塊 &bull;鞋舌和後跟織帶環設計、便於穿脫、並與登山扣環兼容 &bull;100% 環境友善透氣網布內裡 &bull;100% 環境友善網布鞋墊表面 &bull;CLEANSPORTNXT&trade;生物抑菌技術、能抑制異味產生 &bull;5% 環境友善可拆式 PU 鞋墊 &bull;輕量級 FlexPlate&trade;防護片、提供扭轉剛性和前足穩定性 &bull;FloatPro&trade;羽量級中底、提供持久的輕盈舒適感 &bull;Vibram&reg;TC5+ 橡膠大底 + 山型刻痕設計、提供優異的戶外多種運動活動抓地力 &bull;4mm 刻痕深度 &bull;重量:女 600g(雙腳),無,https://s1.myqr.com.tw/newshop/177/TypeGoods?type2=7945&type1=7946&type0=7954&pageIndex=0&goodId=48385,無,https://pshop.myqr.com.tw/qrssimage/GoodsImage/116/116824.jpg?40
180003BKBL,SKECHERS Trego Lookout Point 登山健走鞋 180003BKBL,戶外與運動用品,運動鞋/戶外鞋,登山鞋,無,2090,0.0,10,無,SKECHERSTregoLookoutPoint 女式健行鞋是所有山地旅行愛好者的最佳選擇.SKECHERS 在無數次旅行中都照顧到我們雙腳的穩定性和舒適性.這是由於採用了現代生產技術和最優質的材料.SKECHERS 健行鞋將為每位使用者提供充分的活動自由度、支撐腳踝和腳跟.胎面輪廓以及鞋底的製造部件保證了靈活性和對地面的出色附著力.值得關注的是鞋面(合成材料)的結構、它保證了最佳的重量和對天氣條件的保護.這款健行鞋的隔熱性能確保全年舒適、是所有喜歡在山區和荒野健行的人的好選擇.,無,https://s1.myqr.com.tw/newshop/177/TypeGoods?type2=7945&type1=7946&type0=7954&pageIndex=0&goodId=48455,無,https://pshop.myqr.com.tw/qrssimage/GoodsImage/111/111531.jpg?40
ML038258,SPEED STRIKE 2 MID GTX 女中筒防水登山鞋黑色 ML038258,戶外與運動用品,運動鞋/戶外鞋,登山鞋,無,3664,0.0,8,無,SPEEDSTRIKE2MIDGTX 女中筒防水登山健行鞋黑色 ML038258 &bull;輕量 EVA 中底、提供穩定性及舒適感 &bull;CLEANSPORTNXT&trade;生物抑菌技術、能抑制異味產生 &bull;GORE-TEX&reg;襪套式防水結構、具有卓越的透氣性能 &bull;防水合成皮 + 抗撕裂尼龍鞋面 &bull;加厚鞋領口、增加穿著時的舒適感受 &bull;風箱式鞋舌、防止碎石沙子進入鞋內 &bull;耐磨合成材料鞋跟和鞋頭保護區塊 &bull;CLEANSPORTNXT&trade;生物抑菌技術、能抑制異味產生 &bull;可拆式 EVA 鞋墊 &bull;輕量 EVA 中底、提供穩定性及舒適感 &bull;4mm 刻痕深度之 MERREL 橡膠大底、提供耐用的抓地力 &bull;鞋帶、織帶、內裡網布、鞋墊網布採用 100% 回收再生材質 &bull;鞋墊 EVA 採用 50% 回收再生材質 &bull;重量:女 670g(雙腳),無,https://s1.myqr.com.tw/newshop/177/TypeGoods?type2=7945&type1=7946&type0=7954&pageIndex=0&goodId=48377,無,https://pshop.myqr.com.tw/qrssimage/GoodsImage/127/127351.jpg?75
puA0011,收藏東海 40 萬坪綠海首排磐鈺雲詠65 坪景觀御邸,磐鈺建設,磐鈺雲詠,景觀大戶4房,無,0,0.0,0,無,收藏東海40萬坪綠海首排磐鈺雲詠65坪景觀御邸  「真正的奢華、不是金碧輝煌的堆砌、而是窗前那片永恆的綠意.」延續磐鈺「雲華」的綠色建築基因、雲詠將森林搬進了天空.65坪景觀大戶、專為渴望自然、追求極致視野的層峰人士訂製.   【空間美學】關於65坪的極致演繹  這不只是一個4房的格局、而是一種「無界線」的生活尺度.針對A、B戶型(景觀帝王戶)、我們將空間主權歸還給居住者:  1.公領域:LDK一體式?沈浸式景觀廳堂   	 	無邊際視野:客廳採用大面寬玻璃帷幕、結合獨特的「鑽石切割」角窗設計、將東海大學的綠蔭與天際線、毫無保留地引入室內. 	 	 	社交型中島廚房:摒棄傳統封閉廚房、規劃開放式大型中島(KitchenIsland).這裡是家人的早餐檯、也是宴請賓客的雞尾酒區、讓料理成為一場優雅的展演. 	 	 	通透動線:客廳、餐廳、廚房連成一氣、創造出超越65坪的視覺放大感、氣派與溫馨兼具. 	   2.私領域:總裁級雙主臥概念   	 	主臥室(MasterSuite):擁有與客廳同等級的景觀面.早晨被陽光喚醒、夜晚伴著月光入眠.預留完整的更衣室空間(Walk-inCloset)、滿足女主人對於收納的極致渴望. 	 	 	景觀衛浴:主浴配置四件式衛浴、浴缸旁開設大面景觀窗.在私密的沐浴時光中、也能享受懸浮於城市之上的寧靜. 	 	 	次主臥/孝親房:採套房式設計(含獨立衛浴)、為長輩或成年的孩子提供完全獨立、互不打擾的尊重感. 	   3.彈性空間:第3與第4房的自由   	 	除了兩間套房外、另外兩間雅房提供了極高的機能彈性. 	 	 	書房/工作室:適合在家辦公(WFH)的菁英、擁有一處安靜思考的角落. 	 	 	收藏室/兒童房:可隨著家庭生命週期靈活調整、無論是孩子的成長空間、或是男主人的雪茄紅酒室、皆能從容佈局. 	    【建築工藝】為「光」與「綠」而生的設計  住在這�堙A您不必擔心西曬、因為建築大師已經為您想好了答案.   	 	DoubleSkin雙層牆呼吸系統:針對面西的景觀戶、磐鈺採用了高成本的雙層牆與擴張網設計.這層「建築的皮膚」能有效過濾強烈的陽光與熱能、讓室內保持恆溫舒適、同時引入柔和的自然光. 	 	 	垂直綠化?空中花園(特定戶別):部分樓層配置了磐鈺標誌性的「宜居大陽台」.錯落的跳島設計、讓樹木生長在高樓層.推開窗、就是自家的私人花園、實現「離地100米的森林生活」.,無,https://s1.myqr.com.tw/newshop/177/TypeGoods?type2=8158&type1=8159&type0=8166&pageIndex=0&goodId=51069,無,https://pshop.myqr.com.tw/qrssimage/GoodsImage/144/144832.jpg?11
puA0010,城市天際線的私人包廂磐鈺雲詠58坪 都會靜謐 3 房,磐鈺建設,磐鈺雲詠,市景菁英3房,無,0,0.0,0,無,城市天際線的私人包廂磐鈺雲詠58坪都會靜謐3房  「繁華是窗外的風景、寧靜是家裡的底蘊.」在台灣大道的軸心、我們為您轉個身、擁抱台中最璀璨的七期夜景.C、D戶型專為講究隱私與生活質感的都會菁英、打造一座鬧中取靜的空中寓所.     【空間哲學】少一房、是為了讓生活更寬廣    市面上的58坪往往被切割成擁擠的4房、但磐鈺雲詠選擇了「留白」.我們堅持規劃**「大3房」**、將坪數回饋給真正居住的舒適度、創造出超越坪數的豪宅氣度.    1.公領域:百萬夜景的全景展演     	 	都會璀璨視野:面向台中市區與七期天際線.夜幕低垂時、城市的萬家燈火成為您客廳最奢華的動態壁紙. 	 	 	零走道高坪效:運用精準的樑柱外推與動線規劃、將每一寸空間都轉化為實用機能.玄關、客廳、餐廳一氣呵成、展現出足以容納大型聚會的寬敞尺度. 	 	 	沉穩寧靜:位於建築後棟配置、巧妙避開了台灣大道的主幹道車流聲、享受市中心的便利、卻擁有彷彿置身郊區的寧靜品質. 	     2.寢居空間:不將就的臥室尺度     	 	均質大空間:在這裡、沒有所謂的「小次臥」.每一間房間都能輕鬆擺放雙人床、書桌與衣櫃、讓每一位家庭成員(或是成長中的孩子)都擁有平等的空間尊嚴. 	 	 	主臥尊榮感:延續全棟玻璃帷幕基因、主臥室擁有絕佳的採光面.搭配完整的收納規劃與四件式精品衛浴、打造飯店行政套房般的睡眠體驗. 	     3.機能美學:獻給生活的細節     	 	收納的藝術:得益於58坪的充裕、您可以在玄關規劃大型儲藏間(StorageRoom)、或是打造整面的展示書牆、讓生活雜物隱形、只留下美感. 	 	 	光影交織:透過C、D戶的獨特開窗角度、早晨享有柔和的日光、午後避開強烈的西曬、是全天候都適合居住的舒適方位. 	      【建築體驗】WOHA生態建築的都會演繹    這是一座充滿生命力的垂直村落、即使是3房、依然享有磐鈺對「綠」的堅持.   	 	鑽石切割外觀:獨特的幾何切面設計、不僅塑造了地標級的外觀、更讓每一戶都成為邊間、擁有雙面以上的通風採光路徑. 	 	 	私有微氣候:結合宜居陽台(特定樓層)與深遮陽設計、創造出室內與室外的緩衝區.您可以在陽台上種植香草、品嚐咖啡、感受微風穿透建築的涼意. 	 	 	頂級隔音工藝:全棟採用高規格氣密窗與加厚樓板設計、確保您在欣賞窗外繁華的同時、室內依然靜謐如水. 	      【規格總覽】,無,https://s1.myqr.com.tw/newshop/177/TypeGoods?type2=8158&type1=8159&type0=8167&pageIndex=0&goodId=51070,無,https://pshop.myqr.com.tw/qrssimage/GoodsImage/144/144845.jpg?11
puB0012,入主科博館質感生活圈磐鈺草間漫漫30 坪極致2房輕寓,磐鈺建設,磐鈺草間漫漫,極致輕寓2房,無,0,0.0,0,無,入主科博館質感生活圈磐鈺草間漫漫30坪極致2房輕寓  「輕盈、是都會生活最自在的姿態.」減去多餘的負擔、留下純粹的質感.30坪D戶型、以極致的坪效魔法、為單身貴族與新婚菁英、獻上入主磐鈺品牌最無負擔的完美起點.   【空間美學】小坪數裡的「大」智慧  誰說小宅只能將就?我們用建築設計證明、30坪也能擁有超越想像的開闊感.這是一座拒絕浪費空間的精準寓所.  1.坪效魔法:零虛坪的空間演繹   	 	把每一寸都留給生活:透過精準的樑柱外推與動線規劃、消弭了室內無用的走道空間. 	 	 	剛剛好的舒適:客廳面寬充足、主臥室依然能安放大衣櫃與雙人床.這是「麻雀雖小、五臟俱全」的最佳詮釋、讓您用最精實的總價、換取最大的實用面積. 	   2.光的特權:稀有邊間?雙面採光   	 	告別暗房:一般市面上的小2房常被夾在中間、僅有單面採光.但得益於單層四戶的規劃、即便是30坪的D戶、依然享有**「邊間」**待遇. 	 	 	明亮通透:客廳與房間皆有對外窗、陽光能自然灑落室內、空氣對流順暢、這是小坪數住宅中最奢侈的標準配備. 	   3.磐鈺入門:輕鬆收藏綠色建築   	 	品牌DNA不打折:雖然是入門戶型、但同樣享有張景堯建築師的外觀設計與社區整體的垂直綠化氛圍. 	 	 	資產價值:位於科博館不敗地段、加上低總價門檻、無論是自住起家或資產配置、都是進可攻、退可守的智慧選擇. 	    【生活場景】由繁入簡的都會輕生活  生活在這裡、是輕快的.平日裡、這裡是您高效充電的私密堡壘、維護輕鬆、打掃容易;假日裡、走出巷口就是繁華的北區商圈與植物園綠地.對於正處於事業衝刺期、或享受兩人世界的您來說、這就是最理想的基地.   【規格總覽】   	 	坪數規劃:約30坪 	 	 	房型格局:精緻2房2廳1衛 	 	 	特色亮點:極致高坪效、戶戶邊間雙面採光、低總價門檻 	 	 	適合對象:  	 		 		首購菁英/單身貴族:第一間房子就要買好地段、好品牌. 		 		 		新婚夫妻:預算在刀口上、但不想犧牲居住品質. 		 		 		資產配置客群:看好科博館租賃與轉手市場的置產者.,無,https://s1.myqr.com.tw/newshop/177/TypeGoods?type2=8158&type1=8160&type0=8168&pageIndex=0&goodId=51072,無,https://pshop.myqr.com.tw/qrssimage/GoodsImage/144/144855.jpg?46
puB0013,私藏科博館特區植感靜巷磐鈺草間漫漫35 坪寬域2房雙衛,磐鈺建設,磐鈺草間漫漫,極致輕寓2房,無,0,0.0,0,無,私藏科博館特區植感靜巷磐鈺草間漫漫35坪寬域2房雙衛  「在城市的快節奏裡、留一處讓心『慢』下來的空間.」不追求房間數量的極大化、只追求居住尺度的最優化.35坪A戶型、專為科博生活圈的品味人士、打造一座「寬域、雙衛、與綠共生」的都會寓所.   【空間美學】關於2房的越級享受  這不只是一間房子、而是對傳統小宅格局的一次叛逆.我們拒絕將35坪切割成擁擠的3房、而是奢侈地保留給2房、把空間還給生活品質.  1.尺度升級:有一種從容、叫做「兩房雙衛」   	 	完整的隱私尊嚴:市面上的2房往往共用一套衛浴、但在這裡、主臥室升級為擁有獨立衛浴的「套房(Suite)」. 	 	 	生活機能滿分:配置完整的客用衛浴、早晨梳洗不必匆忙排隊、賓客來訪時亦能保有主人的私密性.這是獻給頂客族與優雅單身者的最高規格. 	   2.綠色基因:會呼吸的Loft陽台   	 	垂直森林的縮影:延續磐鈺品牌的綠色DNA、客廳外規劃深且寬的「景觀綠化陽台」. 	 	 	智慧養護:標配自動滴灌系統、讓綠意在建築立面上自然生長.推開落地窗、眼前不是冰冷的欄杆、而是與樹梢對話的愜意、與鄰近的植物園遙相呼應. 	   3.光影動線:戶戶邊間的通透   	 	雙面採光優勢:得益於單層四戶的單純規劃、本戶型位於邊間、擁有極佳的通風路徑. 	 	 	家務與休閒分流:擁有「前後雙陽台」設計.前陽台負責美感與放鬆、後工作陽台負責洗衣與收納、讓生活井然有序、互不干擾. 	    【生活場景】科博靜巷裡的慢時光  住在草間漫漫、生活是隨性的散策.清晨、您可以步行至植物園感受芬多精的甦醒;午後、在自家寬敞的客廳裡、透過落地窗看著陽台的光影變化;傍晚、在開放式的廚房裡、為兩人世界準備一頓豐盛晚餐.這裡沒有大馬路的喧囂、只有歲月靜好的安穩.   【規格總覽】   	 	坪數規劃:約35坪 	 	 	房型格局:大2房2廳2衛(雙陽台配置) 	 	 	特色亮點:稀有雙衛浴設計、垂直綠化陽台、戶戶邊間 	 	 	適合對象:講究生活品質的頂客族、新婚夫妻、或尋求精緻退休宅的長輩,無,https://s1.myqr.com.tw/newshop/177/TypeGoods?type2=8158&type1=8160&type0=8168&pageIndex=0&goodId=51073,無,https://pshop.myqr.com.tw/qrssimage/GoodsImage/144/144932.jpg?46
puB0015,科博綠海之上的空中島嶼磐鈺草間漫漫55 坪跳島旗艦3房,磐鈺建設,磐鈺草間漫漫,極致輕寓2房,無,0,0.0,0,無,科博綠海之上的空中島嶼磐鈺草間漫漫55坪跳島旗艦3房  「把森林搬進高空、在繁華裡隱居.」這是全棟最令人嚮往的限量席次.55坪B戶型、以「垂直別墅」為概念、為不想離開科博館生活圈、卻渴望擁有私有花園的層峰人士、獻上一座懸浮於城市的綠色島嶼.   【空間美學】超越大樓想像的「垂直別墅」  當3房擴大至55坪、空間不再只是居住的容器、而是享受生活的展演場.這是草間漫漫的「王者之座」、擁有全案最頂級的配置.  1.綠色靈魂:私享一座「宜居大陽台」   	 	空中花園:這是本戶型最大的驕傲.不同於一般陽台、這裡擁有深邃寬廣的**「跳島式宜居陽台」**. 	 	 	與樹共生:您可以在這裡擺放戶外休閒桌椅、種植大型喬木.推開落地窗、室內的客廳與室外的花園連成一氣、模糊了建築的界線、實現「離地40米的森林生活」. 	   2.社交中樞:夢幻的中島廚房(KitchenIsland)   	 	豪宅標配:55坪的餘裕、讓我們能規劃一座令人羨慕的**「大型中島」**. 	 	 	情感交流:這裡是早晨的咖啡館、也是夜晚的微醺酒吧.開放式的餐廚空間、讓料理不再是面壁的勞動、而是一場與家人朋友互動的優雅展演. 	   3.尊榮尺度:完整的玄關與主臥   	 	儀式感:擁有獨立且寬敞的二進式玄關、不僅能規劃完整的鞋櫃與衣帽間、更為回家這件事增添了轉換心情的儀式感. 	 	 	奢適主臥:主臥室尺度極大、預留了更衣空間(Walk-inCloset)、並搭配開窗的四件式精品衛浴、享受如頂級飯店般的私密時光. 	    【生活場景】大隱於市的森居歲月  這是一種「大隱於市」的境界.在科博館特區的靜巷內、您擁有一方自己的天地.假日午後、在宜居陽台的樹蔭下閱讀、微風穿過格柵帶來涼意;夜晚、在中島旁與摯友舉杯、窗外是北區溫暖的萬家燈火.這不是郊區的透天、而是市中心的空中別墅.   【規格總覽】   	 	坪數規劃:約55坪(全案最大) 	 	 	房型格局:旗艦3房2廳2衛 	 	 	特色亮點:宜居大陽台(空中花園)、開放式中島廚房、獨立玄關 	 	 	適合對象:  	 		 		傳統透天換屋族:習慣有院子種樹、但想換到有電梯、有管理的大樓. 		 		 		企業主/高資產客群:講究生活品味、喜歡在家宴客. 		 		 		磐鈺品牌粉絲:嚮往「雲華」的綠色生活、但偏愛北區科博館環境的買家.,無,https://s1.myqr.com.tw/newshop/177/TypeGoods?type2=8158&type1=8160&type0=8168&pageIndex=0&goodId=51075,無,https://pshop.myqr.com.tw/qrssimage/GoodsImage/144/144877.jpg?46
puB0014,剛剛好的幸福尺度磐鈺草間漫漫45 坪經典植感3房,磐鈺建設,磐鈺草間漫漫,極致輕寓2房,無,0,0.0,0,無,剛剛好的幸福尺度磐鈺草間漫漫45坪經典植感三房  「家、不需要大到迷路、但要容得下所有家人的笑容.」告別擁擠的假三房、回歸生活的舒適正道.45坪C戶型、以三面採光的通透格局、為科博特區的菁英家庭、獻上最標準、最經典的「正三房」生活提案.   【空間美學】家庭生活的黃金比例  這是全案最平衡的戶型、在總價與空間之間取得完美平衡.每一坪都經過精密計算、為了讓一家四口的互動既親密又保有餘裕.  1.格局正義:拒絕蝸居的「正三房」   	 	完整的成長空間:不再是尷尬的「+1房」、而是三間紮紮實實的臥室.無論是兩個孩子的獨立房間、或是規劃一間專屬的孝親房/書房、都能隨著家庭生命週期靈活運用. 	 	 	私密與共享的平衡:公領域寬敞足以凝聚情感、私領域獨立足以安放身心.這是陪伴孩子成長最理想的空間容器. 	   2.光之饗宴:奢侈的三面採光   	 	角落的特權:得益於C戶型的邊間優勢、擁有極為稀有的**「三面採光」**. 	 	 	全室明亮:陽光能深入餐廳與廚房、連衛浴空間都擁有對外窗(這在都會區是極大的奢侈).通風對流極佳、讓家隨時保持乾爽與清新. 	   3.職人動線:家務也能很優雅   	 	餐廚核心:規劃流暢的「廚房&mdash;餐廳&mdash;工作陽台」動線. 	 	 	實用主義:廚房緊鄰後陽台、通風良好且便於家務操作;寬敞的工作陽台能輕鬆容納洗衣機與烘衣機、讓日常瑣事變得輕鬆順手. 	    【生活場景】承載笑語的溫暖容器  這是一個會讓人想早點回家的房子.週末早晨、陽光灑滿餐廳、一家人圍坐享用早餐;午後、孩子在自己的房間閱讀、您在客廳的沙發上小憩;傍晚、廚房傳來飯菜香、溫暖的燈光點亮了科博館靜巷的夜.平凡的日常、因為空間的舒適、而變得閃閃發亮.   【規格總覽】   	 	坪數規劃:約45坪 	 	 	房型格局:標準3房2廳2衛 	 	 	特色亮點:三面採光、衛浴開窗、高機能動線 	 	 	適合對象:  	 		 		換屋家庭:小孩長大需要獨立空間、從2房升級3房的首選. 		 		 		優質自住客:追求空間實用性與採光通風的理性買家. 		 		 		退休規劃:預留客房給兒孫偶爾回來居住的完美尺度.,無,https://s1.myqr.com.tw/newshop/177/TypeGoods?type2=8158&type1=8160&type0=8168&pageIndex=0&goodId=51074,無,https://pshop.myqr.com.tw/qrssimage/GoodsImage/144/144869.jpg?82
puC0018,雲端之上的傳世大宅磐鈺雲華85 坪森闊御邸,磐鈺建設,磐鈺雲華,光合雅寓3房,無,0,0.0,0,無,雲端之上的傳世大宅磐鈺雲華85坪森闊御邸  「大宅的氣度、不在金碧輝煌、而在於能擁抱多少自然.」佔據建築最精華的角隅、獨享270度環景視野.85坪4房雙主臥、將WOHA的垂直森林概念推向極致、為層峰家族獻上一座懸浮於公益路之上的「空中莊園」.   【空間美學】致敬家族榮耀的尺度  這是雲華最磅?的篇章.我們在大尺度的空間中、植入了細膩的隱私考量、讓三代同堂的生活、既有凝聚的溫暖、也有各自的尊嚴.  1.帝王視角:270度環景邊間   	 	無界視野:位於兩棟建築的四個角落、享有最完美的邊間優勢.透過大面落地窗與擴張網、將五期的繁華夜景與大台中的天際線盡收眼底. 	 	 	光之容器:多面採光設計、讓陽光能隨著日昇日落、從不同角度灑入室內.無論是晨間的餐廳或午後的客廳、皆充滿自然的生命力. 	   2.尊榮禮遇:雙套房(DualMasterSuites)   	 	長幼有序的平衡:規劃**「雙主臥」**配置(兩間套房皆含獨立衛浴). 	 	 	極致隱私:主人與長輩(或成年的孩子)各自擁有獨立的寢居與沐浴空間、互不干擾.這是在豪宅設計中、維繫家庭和諧最重要的空間智慧. 	   3.垂直森林:與樹梢對視的客廳   	 	跳島式綠意:磐鈺雲華標誌性的跳島陽台設計、讓85坪的大戶型彷彿擁有一座空中庭院. 	 	 	森居體驗:當您坐在寬敞的客廳沙發上、窗外不是冰冷的鐵窗、而是搖曳的綠樹枝枒.在都市核心、享受著如同別墅般的綠色視野、這是WOHA送給台中最珍貴的禮物. 	    【生活場景】大隱於市的家族盛宴  這裡、是您宴請賓客的私人招待所、也是凝聚家人的溫暖港灣.寬闊的LDK公領域、足以擺放10人座的長餐桌.節日時、兒孫繞膝、窗外是璀璨的城市燈火;平日裡、兩位長輩在套房內享受安靜的午後.大宅的意義、在於容納家族所有的幸福可能.   【規格總覽】   	 	坪數規劃:約85坪(標準層最大戶型) 	 	 	房型格局:森闊4房2廳3衛(雙套房規劃) 	 	 	特色亮點:270度邊間採光、雙主臥設計、WOHA垂直綠化景觀 	 	 	適合對象:  	 		 		三代同堂家庭:需要充裕房間數與雙套房機能的大家庭. 		 		 		企業主/傳世置產:尋找市中心具備國際級設計與收藏價值的指標豪宅.,無,https://s1.myqr.com.tw/newshop/177/TypeGoods?type2=8158&type1=8161&type0=8172&pageIndex=0&goodId=51077,無,https://pshop.myqr.com.tw/qrssimage/GoodsImage/144/144906.jpeg?66
puC0017,繁華裡的垂直綠洲磐鈺雲華70 坪光合雅寓,磐鈺建設,磐鈺雲華,光合雅寓3房,無,0,0.0,0,無,繁華裡的垂直綠洲磐鈺雲華70坪光合雅寓  「在城市的熱島裡、我們種下了一座森林.」這裡是公益路最繁華的核心、卻也是最安靜的棲地.70坪3+1房、透過WOHA獨特的會呼吸建築工法、為都會菁英在喧囂中、過濾出一種純淨的「光合生活」.   【空間美學】光與風的藝術展演  不同於傳統豪宅封閉式的奢華、磐鈺雲華的70坪格局、是一場關於「通透」與「流動」的空間實驗.  1.彈性哲學:3+1房的自由邊界   	 	流動的視線:規劃「開放式書房」或「多功能區」、打破客廳與書房的實牆界線.讓公領域的視野無限延伸、家人在客廳看電影、您在書房閱讀、彼此陪伴卻互不打擾. 	 	 	空間的餘裕:這不是擁擠的3房、而是留有餘裕的雅寓.多出來的「+1」空間、可以是孩子的遊戲角、也可以是男主人的收藏室、隨生活場景靈活定義. 	   2.光影魔術:DoubleSkin擴張網   	 	光的篩網:這是WOHA建築最迷人的標誌.建築外層覆蓋著攀藤植物與擴張網、有效阻隔了強烈的西曬與車流視線. 	 	 	時間的畫布:陽光穿過格柵、在室內地板灑下斑駁的光影.隨著日照角度移動、家裡的每一刻都有不同的光影畫作、既保有極佳隱私、又享有柔和的自然光. 	   3.社交場域:LDK一體式公領域   	 	凝聚情感:客廳、餐廳與廚房採開放式連通設計.寬敞的尺度足以容納大型餐桌、讓用餐時光成為凝聚家人情感的核心儀式. 	    【生活場景】五期正心的隱逸時光  住在雲華、生活是極致便利與極致寧靜的總和.下樓、是公益路的美食華爾街與家樂福的便利;上樓、是蟲鳴鳥叫的空中花園.午後、泡一杯咖啡坐在窗邊、看著藤蔓在擴張網上隨風搖曳、您會忘記自己正身處台中最繁忙的市中心.   【規格總覽】   	 	坪數規劃:約70-76坪 	 	 	房型格局:雅緻3+1房2廳2衛 	 	 	特色亮點:WOHA擴張網光影設計、彈性書房規劃、雙面採光 	 	 	適合對象:  	 		 		都會菁英家庭:重視生活機能、同時追求建築藝術品味的買家. 		 		 		頂客族/退休族:喜歡大客廳、寬敞主臥、且享受便利生活機能的族群.,無,https://s1.myqr.com.tw/newshop/177/TypeGoods?type2=8158&type1=8161&type0=8172&pageIndex=0&goodId=51076,無,https://pshop.myqr.com.tw/qrssimage/GoodsImage/144/144896.jpeg?2
puD0020,森鄰雅苑?三代共好的溫柔依靠磐鈺雲居78 坪雅緻電梯墅,磐鈺建設,磐鈺雲居,雅緻電梯墅,無,0,0.0,0,無,森鄰雅苑?三代共好的溫柔依靠磐鈺雲居78坪雅緻電梯墅  「一部電梯、串起家人的情感;一窗綠意、安放生活的初心.」在沙鹿靜宜特區的繁華核心、我們退讓一步、為生活留白.78坪電梯別墅、以剛剛好的幸福尺度、讓三代人既能親密共居、又能擁有各自舒心的垂直天地.   【空間美學】垂直分層的「微距離」哲學  透天的價值、在於有天有地;而磐鈺雲居的價值、在於讓這份天地更人性化.  1.溫柔的升降:全齡化電梯配置   	 	愛的無障礙:這是一棟能陪伴家族成長的房子.配備居家專屬電梯、解決了傳統透天長輩爬梯的痛點.無論是年邁的父母、採買歸來的女主人、或是嬰兒車的進出、都能輕鬆抵達每一層樓. 	 	 	垂直隱私:透過樓層區隔、一樓是凝聚情感的客餐廳、樓上則是各自獨立的寢居空間.長輩早起運動、孩子深夜苦讀、互不干擾、維持最美的家庭距離. 	   2.78坪的餘裕:實用主義的大宅   	 	高坪效規劃:建坪78坪是透天別墅的黃金比例.它沒有過度虛華的浪費、每一處空間都精準地回應生活需求. 	 	 	完整四房:足以規劃孝親房、主臥室與孩童房.寬敞的臥室尺度、讓每個家人都擁有自己的私密城堡. 	    【環境體驗】住在微型生態公園裡  這不是一棟孤獨的建築、而是長在花園裡的家.延續磐鈺「綠色建築」的靈魂、我們把自然帶進了社區.  1.開窗即景:與樹梢對話   	 	家與家的林蔭:社區內規劃成排的喬木與植栽、形成了天然的綠色圍籬.推開窗、看見的不是鄰居的鐵窗、而是搖曳的樹影與透進來的斑駁陽光. 	 	 	私家微氣候:透過中庭的生態池與景觀步道、調節了社區的微氣候.夏天、這裡比外面的大馬路更涼爽;冬天、這裡有擋風的綠意. 	   2.靜謐聚落:北中五街的隱逸   	 	鬧中取靜:轉個彎就到靜宜商圈與台灣大道、享受極致便利;回到北中五街、卻是只有26戶人家、單純齊質的寧靜別墅區. 	 	 	安全城堡:統一門禁管制的社區型規劃、讓孩子可以在中庭步道安心奔跑、重拾古早味那種「鄰里相照」的溫暖安全感. 	    【規格總覽】   	 	建坪規劃:約78坪 	 	 	產品型態:社區型電梯別墅 	 	 	格局特色:4房規劃、全齡電梯、分層獨立隱私 	 	 	適合對象:  	 		 		三代同堂家庭:尋找有電梯、能照顧長輩起居的透天. 		 		 		大樓換透天族群:習慣了大樓的便利(有電梯、有管理)、又嚮往透天的有天有地.,無,https://s1.myqr.com.tw/newshop/177/TypeGoods?type2=8158&type1=8164&type0=8174&pageIndex=0&goodId=51078,無,https://pshop.myqr.com.tw/qrssimage/GoodsImage/144/144913.jpeg?2
puD0021,闊境大苑?百坪尺度的層峰眼界磐鈺雲居103 坪旗艦景觀墅,磐鈺建設,磐鈺雲居,雅緻電梯墅,無,0,0.0,0,無,闊境大苑?百坪尺度的層峰眼界磐鈺雲居103坪旗艦景觀墅  「真正的奢華、是擁有比別人更多的天空與綠地.」在沙鹿核心、擁有一席百坪別墅是身份的象徵.103坪旗艦保留戶、佔據社區最精華的視角、以豪宅級的寬闊尺度、為層峰領袖獻上一座得以傳世的「微型莊園」.   【空間美學】超越豪宅的「別墅大器」  當透天別墅放大至103坪、生活不再受限於樓層、而是一場關於空間的展演.這是磐鈺雲居的王者之座、專為懂得收藏生活的您而生.  1.闊境尺度:百坪大戶的從容   	 	總裁級廳堂:擁有比標準戶型更寬廣的客廳面寬.無論是擺放大型原木長桌、規劃私人酒窖、或是打造整層的視聽娛樂室、百坪空間皆能從容應對. 	 	 	彈性大五房:空間足以規劃至5房.除了基本的主臥與孝親房、您還能擁有一間獨立的書房(HomeOffice)或女主人的專屬畫室、讓每一位家人的興趣都有安放之處. 	   2.邊間特權:獨享最美的光景   	 	三面採光優勢:作為旗艦景觀戶(通常位於邊間)、擁有比鄰居更多的受風面與採光面.陽光能從不同角度灑入室內、空氣對流極佳、落實磐鈺「永續建築」的通風哲學. 	 	 	私有腹地:享有更完整的側院或後院腹地.您可以親手打造一座私人的香草花園、或是規劃戶外烤肉區、讓室內的生活場域向外延伸、與自然無縫接軌. 	    【環境體驗】大隱於市的生態莊園  這裡不只是家、更是您的私人會所.在磐鈺的綠色規劃下、103坪的大戶人家、擁有最極致的隱私與寧靜.  1.生態首席:與微型公園共生   	 	景觀第一排:您的窗前、就是社區精心規劃的生態池與林蔭步道.每天醒來、映入眼簾的是多層次的綠意植栽. 	 	 	森居微氣候:大量的喬木與水景包圍、為大坪數的建築降溫.住在旗艦戶、就像住在森林公園裡的VIP包廂、享受著比市區更純淨的空氣. 	   2.傳世價值:沙鹿難得的珍稀   	 	稀缺性:在土地寸土寸金的沙鹿市區、千坪基地僅規劃26戶、而103坪的旗艦戶更是寥寥可數. 	 	 	電梯豪墅:配備全齡電梯、結合百坪尺度、這是足以讓家族三代、甚至四代共同生活的傳家資產. 	    【規格總覽】   	 	建坪規劃:約103坪(全案最大) 	 	 	產品型態:旗艦級電梯別墅 	 	 	格局特色:闊綽5房空間、邊間三面採光、私有花園腹地 	 	 	適合對象:  	 		 		在地企業主/傳產老闆:需要大空間宴客或展現家族氣度. 		 		 		大家族/四,無,https://s1.myqr.com.tw/newshop/177/TypeGoods?type2=8158&type1=8164&type0=8174&pageIndex=0&goodId=51079,無,https://pshop.myqr.com.tw/qrssimage/GoodsImage/144/144916.jpeg?2
puE0022,譜寫生活的輕快旋律磐鈺樂樂璵里38 坪協奏輕盈3房,磐鈺建設,樂樂璵里,協奏輕盈3房,無,0,0.0,0,無,譜寫生活的輕快旋律|磐鈺樂樂璵里38坪協奏輕盈3房  「生活不必沈重、輕盈才是最美的節奏.」如同一首優雅的協奏曲(Concerto)、在獨奏與樂團之間取得完美平衡.38坪輕盈三房、以精準的高坪效規劃、為南屯菁英家庭、譜寫出一段無負擔、高質感的城市樂章.   【空間美學】零虛坪的空間魔法  在38坪的空間裡、我們拒絕浪費.每一個轉角、每一道牆面、都經過精密計算、只為了讓生活動線如音符般流暢.  1.精準格局:??好的完美演出   	 	高坪效哲學:告別充滿走道的虛坪浪費.我們將空間回歸給居住者、讓38坪也能擁有標準3房的完整機能. 	 	 	彈性空間:第三房可作為孩子的成長天地、或男主人的靜謐書房.空間雖精巧、卻能隨著家庭的生命週期、變奏出不同的生活樣貌. 	   2.LDK樂活場域:客餐廚的流動   	 	開放式共鳴:客廳、餐廳與廚房採開放式設計、將公領域串聯成一個寬敞的互動核心. 	 	 	情感交流:媽媽在廚房準備輕食、爸爸在客廳陪孩子閱讀、視線與對話毫無阻隔.這裡是家人的情感合奏區、充滿笑語與飯菜香. 	   3.光影音符:磐鈺的綠色視角   	 	會呼吸的窗景:雖然是精緻戶型、依然享有磐鈺標誌性的垂直綠化.窗外的錯層植栽、如同五線譜上的音符、過濾了城市的喧囂. 	 	 	柔和採光:引入自然光線、讓室內隨時保持明亮通透.午後陽光灑落在木地板上、時光彷彿在此刻慢了下來. 	    【生活場景】大墩靜巷的愜意日常  住在【協奏】戶型、生活是輕快的散策.早晨、步行送孩子上學、順道在轉角的咖啡廳帶一杯拿鐵;傍晚、下班回到大墩二街的靜巷、將車水馬龍隔絕在身後.沒有沈重的總價負擔、只有輕鬆擁抱南屯核心機能的餘裕.   【規格總覽】   	 	坪數規劃:約38坪 	 	 	房型格局:【協奏】輕盈3房2廳2衛 	 	 	特色亮點:極致高坪效、開放式LDK動線、磐鈺綠色建築DNA 	 	 	適合對象:  	 		 		新婚夫妻/首購菁英:第一間房就要買進南屯蛋黃區、追求品牌與質感的最佳入門款. 		 		 		小家庭(2-3人):需要獨立小孩房、但希望控制總價預算、生活機能優先的理性買家.,無,https://s1.myqr.com.tw/newshop/177/TypeGoods?type2=8158&type1=8165&type0=8176&pageIndex=0&goodId=51080,無,https://pshop.myqr.com.tw/qrssimage/GoodsImage/144/144931.jpeg?85